2025-03-19 13:42:27,997 [Worker-1: Loading available Gradle versions] INFO  o.e.b.c.i.u.g.PublishedGradleVersions - Gradle version information cache is up-to-date. Trying to read.
2025-03-19 13:43:49,719 [Worker-2: Loading available Gradle versions] INFO  o.e.b.c.i.u.g.PublishedGradleVersions - Gradle version information cache is up-to-date. Trying to read.
2025-03-19 14:57:41,748 [Worker-0: Loading available Gradle versions] INFO  o.e.b.c.i.u.g.PublishedGradleVersions - Gradle version information cache is up-to-date. Trying to read.
2025-03-19 15:00:00,754 [Worker-8: Creating project "productapp"] INFO  o.e.m.c.i.l.LifecycleMappingFactory - Using org.eclipse.m2e.jdt.JarLifecycleMapping lifecycle mapping for MavenProject: com.training.springb:productapp:0.0.1-SNAPSHOT @ D:\Codes\Java-Training\productapp\pom.xml.
2025-03-19 15:00:02,060 [Worker-8: Creating project "productapp"] INFO  o.e.m.j.i.AbstractJavaProjectConfigurator - Adding source folder /productapp/src/main/java
2025-03-19 15:00:02,061 [Worker-8: Creating project "productapp"] INFO  o.e.m.j.i.AbstractJavaProjectConfigurator - Adding resource folder /productapp/src/main/resources
2025-03-19 15:00:02,062 [Worker-8: Creating project "productapp"] INFO  o.e.m.j.i.AbstractJavaProjectConfigurator - Adding source folder /productapp/src/test/java
2025-03-19 15:00:02,062 [Worker-8: Creating project "productapp"] INFO  o.e.m.j.i.AbstractJavaProjectConfigurator - Adding resource folder /productapp/src/test/resources
2025-03-19 15:00:02,116 [Worker-8: Creating project "productapp"] ERROR o.e.m.j.i.AbstractJavaProjectConfigurator - Failed to find a compatible VM for environment id 'J2SE-1.5', falling back to workspace default
2025-03-19 15:00:03,067 [Worker-5: Building] WARN  o.e.m.c.i.embedder.EclipseLogger - Using platform encoding (UTF-8 actually) to copy filtered resources, i.e. build is platform dependent!
2025-03-19 15:00:03,074 [Worker-5: Building] INFO  o.e.m.c.i.embedder.EclipseLogger - Copying 0 resource
2025-03-19 15:00:03,077 [Worker-5: Building] WARN  o.e.m.c.i.embedder.EclipseLogger - Using platform encoding (UTF-8 actually) to copy filtered resources, i.e. build is platform dependent!
2025-03-19 15:00:03,078 [Worker-5: Building] INFO  o.e.m.c.i.embedder.EclipseLogger - Copying 0 resource
2025-03-19 15:02:16,561 [Worker-10: Building] INFO  o.e.m.c.i.l.LifecycleMappingFactory - Using org.eclipse.m2e.jdt.JarLifecycleMapping lifecycle mapping for MavenProject: com.training.springb:productapp:0.0.1-SNAPSHOT @ D:\Codes\Java-Training\productapp\pom.xml.
2025-03-19 15:02:16,647 [Worker-10: Building] WARN  o.e.m.c.i.embedder.EclipseLogger - Using platform encoding (UTF-8 actually) to copy filtered resources, i.e. build is platform dependent!
2025-03-19 15:02:16,657 [Worker-10: Building] INFO  o.e.m.c.i.embedder.EclipseLogger - Copying 0 resource
2025-03-19 15:02:16,660 [Worker-10: Building] WARN  o.e.m.c.i.embedder.EclipseLogger - Using platform encoding (UTF-8 actually) to copy filtered resources, i.e. build is platform dependent!
2025-03-19 15:02:16,661 [Worker-10: Building] INFO  o.e.m.c.i.embedder.EclipseLogger - Copying 0 resource
2025-03-19 15:05:33,223 [Worker-0: Building] WARN  o.e.m.c.i.embedder.EclipseLogger - Using platform encoding (UTF-8 actually) to copy filtered resources, i.e. build is platform dependent!
2025-03-19 15:05:33,234 [Worker-0: Building] INFO  o.e.m.c.i.embedder.EclipseLogger - Copying 0 resource
2025-03-19 15:05:33,237 [Worker-0: Building] WARN  o.e.m.c.i.embedder.EclipseLogger - Using platform encoding (UTF-8 actually) to copy filtered resources, i.e. build is platform dependent!
2025-03-19 15:05:33,238 [Worker-0: Building] INFO  o.e.m.c.i.embedder.EclipseLogger - Copying 0 resource
2025-03-19 15:08:18,557 [Worker-15: Building] WARN  o.e.m.c.i.embedder.EclipseLogger - Using platform encoding (UTF-8 actually) to copy filtered resources, i.e. build is platform dependent!
2025-03-19 15:08:18,560 [Worker-15: Building] INFO  o.e.m.c.i.embedder.EclipseLogger - Copying 0 resource
2025-03-19 15:08:18,562 [Worker-15: Building] WARN  o.e.m.c.i.embedder.EclipseLogger - Using platform encoding (UTF-8 actually) to copy filtered resources, i.e. build is platform dependent!
2025-03-19 15:08:18,563 [Worker-15: Building] INFO  o.e.m.c.i.embedder.EclipseLogger - Copying 0 resource
2025-03-19 15:08:35,997 [Worker-0: Building] WARN  o.e.m.c.i.embedder.EclipseLogger - Using platform encoding (UTF-8 actually) to copy filtered resources, i.e. build is platform dependent!
2025-03-19 15:08:35,999 [Worker-0: Building] INFO  o.e.m.c.i.embedder.EclipseLogger - Copying 0 resource
2025-03-19 15:08:36,002 [Worker-0: Building] WARN  o.e.m.c.i.embedder.EclipseLogger - Using platform encoding (UTF-8 actually) to copy filtered resources, i.e. build is platform dependent!
2025-03-19 15:08:36,003 [Worker-0: Building] INFO  o.e.m.c.i.embedder.EclipseLogger - Copying 0 resource
2025-03-19 15:09:30,195 [Worker-13: Building] WARN  o.e.m.c.i.embedder.EclipseLogger - Using platform encoding (UTF-8 actually) to copy filtered resources, i.e. build is platform dependent!
2025-03-19 15:09:30,198 [Worker-13: Building] INFO  o.e.m.c.i.embedder.EclipseLogger - Copying 0 resource
2025-03-19 15:09:30,201 [Worker-13: Building] WARN  o.e.m.c.i.embedder.EclipseLogger - Using platform encoding (UTF-8 actually) to copy filtered resources, i.e. build is platform dependent!
2025-03-19 15:09:30,202 [Worker-13: Building] INFO  o.e.m.c.i.embedder.EclipseLogger - Copying 0 resource
2025-03-19 15:09:49,083 [Worker-14: Building] WARN  o.e.m.c.i.embedder.EclipseLogger - Using platform encoding (UTF-8 actually) to copy filtered resources, i.e. build is platform dependent!
2025-03-19 15:09:49,084 [Worker-14: Building] INFO  o.e.m.c.i.embedder.EclipseLogger - Copying 0 resource
2025-03-19 15:09:49,085 [Worker-14: Building] WARN  o.e.m.c.i.embedder.EclipseLogger - Using platform encoding (UTF-8 actually) to copy filtered resources, i.e. build is platform dependent!
2025-03-19 15:09:49,086 [Worker-14: Building] INFO  o.e.m.c.i.embedder.EclipseLogger - Copying 0 resource
2025-03-19 15:11:46,038 [Worker-17: Building] WARN  o.e.m.c.i.embedder.EclipseLogger - Using platform encoding (UTF-8 actually) to copy filtered resources, i.e. build is platform dependent!
2025-03-19 15:11:46,048 [Worker-17: Building] INFO  o.e.m.c.i.embedder.EclipseLogger - Copying 0 resource
2025-03-19 15:11:46,051 [Worker-17: Building] WARN  o.e.m.c.i.embedder.EclipseLogger - Using platform encoding (UTF-8 actually) to copy filtered resources, i.e. build is platform dependent!
2025-03-19 15:11:46,052 [Worker-17: Building] INFO  o.e.m.c.i.embedder.EclipseLogger - Copying 0 resource
2025-03-19 15:15:08,110 [Worker-13: Building] INFO  o.e.m.c.i.l.LifecycleMappingFactory - Using org.eclipse.m2e.jdt.JarLifecycleMapping lifecycle mapping for MavenProject: com.training.springb:productapp:0.0.1-SNAPSHOT @ D:\Codes\Java-Training\productapp\pom.xml.
2025-03-19 15:15:08,981 [Worker-13: Building] WARN  o.e.m.c.i.embedder.EclipseLogger - Using platform encoding (UTF-8 actually) to copy filtered resources, i.e. build is platform dependent!
2025-03-19 15:15:08,985 [Worker-13: Building] INFO  o.e.m.c.i.embedder.EclipseLogger - Copying 0 resource
2025-03-19 15:15:08,990 [Worker-13: Building] WARN  o.e.m.c.i.embedder.EclipseLogger - Using platform encoding (UTF-8 actually) to copy filtered resources, i.e. build is platform dependent!
2025-03-19 15:15:08,991 [Worker-13: Building] INFO  o.e.m.c.i.embedder.EclipseLogger - Copying 0 resource
2025-03-19 15:17:11,557 [Worker-19: Building] WARN  o.e.m.c.i.embedder.EclipseLogger - Using platform encoding (UTF-8 actually) to copy filtered resources, i.e. build is platform dependent!
2025-03-19 15:17:11,560 [Worker-19: Building] INFO  o.e.m.c.i.embedder.EclipseLogger - Copying 1 resource
2025-03-19 15:17:11,569 [Worker-19: Building] WARN  o.e.m.c.i.embedder.EclipseLogger - Using platform encoding (UTF-8 actually) to copy filtered resources, i.e. build is platform dependent!
2025-03-19 15:17:11,570 [Worker-19: Building] INFO  o.e.m.c.i.embedder.EclipseLogger - Copying 0 resource
2025-03-19 15:18:03,555 [Worker-24: Building] WARN  o.e.m.c.i.embedder.EclipseLogger - Using platform encoding (UTF-8 actually) to copy filtered resources, i.e. build is platform dependent!
2025-03-19 15:18:03,555 [Worker-24: Building] INFO  o.e.m.c.i.embedder.EclipseLogger - Copying 1 resource
2025-03-19 15:18:03,563 [Worker-24: Building] WARN  o.e.m.c.i.embedder.EclipseLogger - Using platform encoding (UTF-8 actually) to copy filtered resources, i.e. build is platform dependent!
2025-03-19 15:18:03,567 [Worker-24: Building] INFO  o.e.m.c.i.embedder.EclipseLogger - Copying 0 resource
2025-03-19 15:33:09,164 [Worker-20: Building] WARN  o.e.m.c.i.embedder.EclipseLogger - Using platform encoding (UTF-8 actually) to copy filtered resources, i.e. build is platform dependent!
2025-03-19 15:33:09,178 [Worker-20: Building] INFO  o.e.m.c.i.embedder.EclipseLogger - Copying 1 resource
2025-03-19 15:33:09,188 [Worker-20: Building] WARN  o.e.m.c.i.embedder.EclipseLogger - Using platform encoding (UTF-8 actually) to copy filtered resources, i.e. build is platform dependent!
2025-03-19 15:33:09,188 [Worker-20: Building] INFO  o.e.m.c.i.embedder.EclipseLogger - Copying 0 resource
2025-03-19 15:33:20,508 [Worker-23: Building] WARN  o.e.m.c.i.embedder.EclipseLogger - Using platform encoding (UTF-8 actually) to copy filtered resources, i.e. build is platform dependent!
2025-03-19 15:33:20,510 [Worker-23: Building] INFO  o.e.m.c.i.embedder.EclipseLogger - Copying 1 resource
2025-03-19 15:33:20,514 [Worker-23: Building] WARN  o.e.m.c.i.embedder.EclipseLogger - Using platform encoding (UTF-8 actually) to copy filtered resources, i.e. build is platform dependent!
2025-03-19 15:33:20,515 [Worker-23: Building] INFO  o.e.m.c.i.embedder.EclipseLogger - Copying 0 resource
2025-03-19 15:33:34,940 [Worker-28: Building] WARN  o.e.m.c.i.embedder.EclipseLogger - Using platform encoding (UTF-8 actually) to copy filtered resources, i.e. build is platform dependent!
2025-03-19 15:33:34,942 [Worker-28: Building] INFO  o.e.m.c.i.embedder.EclipseLogger - Copying 1 resource
2025-03-19 15:33:34,946 [Worker-28: Building] WARN  o.e.m.c.i.embedder.EclipseLogger - Using platform encoding (UTF-8 actually) to copy filtered resources, i.e. build is platform dependent!
2025-03-19 15:33:34,948 [Worker-28: Building] INFO  o.e.m.c.i.embedder.EclipseLogger - Copying 0 resource
2025-03-19 15:33:43,466 [Worker-23: Building] WARN  o.e.m.c.i.embedder.EclipseLogger - Using platform encoding (UTF-8 actually) to copy filtered resources, i.e. build is platform dependent!
2025-03-19 15:33:43,467 [Worker-23: Building] INFO  o.e.m.c.i.embedder.EclipseLogger - Copying 1 resource
2025-03-19 15:33:43,471 [Worker-23: Building] WARN  o.e.m.c.i.embedder.EclipseLogger - Using platform encoding (UTF-8 actually) to copy filtered resources, i.e. build is platform dependent!
2025-03-19 15:33:43,472 [Worker-23: Building] INFO  o.e.m.c.i.embedder.EclipseLogger - Copying 0 resource
2025-03-19 15:35:10,302 [Worker-27: Building] WARN  o.e.m.c.i.embedder.EclipseLogger - Using platform encoding (UTF-8 actually) to copy filtered resources, i.e. build is platform dependent!
2025-03-19 15:35:10,303 [Worker-27: Building] INFO  o.e.m.c.i.embedder.EclipseLogger - Copying 1 resource
2025-03-19 15:35:10,305 [Worker-27: Building] WARN  o.e.m.c.i.embedder.EclipseLogger - Using platform encoding (UTF-8 actually) to copy filtered resources, i.e. build is platform dependent!
2025-03-19 15:35:10,306 [Worker-27: Building] INFO  o.e.m.c.i.embedder.EclipseLogger - Copying 0 resource
2025-03-19 15:36:01,475 [Worker-20: Building] WARN  o.e.m.c.i.embedder.EclipseLogger - Using platform encoding (UTF-8 actually) to copy filtered resources, i.e. build is platform dependent!
2025-03-19 15:36:01,478 [Worker-20: Building] INFO  o.e.m.c.i.embedder.EclipseLogger - Copying 1 resource
2025-03-19 15:36:01,488 [Worker-20: Building] WARN  o.e.m.c.i.embedder.EclipseLogger - Using platform encoding (UTF-8 actually) to copy filtered resources, i.e. build is platform dependent!
2025-03-19 15:36:01,489 [Worker-20: Building] INFO  o.e.m.c.i.embedder.EclipseLogger - Copying 0 resource
2025-03-19 15:36:14,115 [Worker-20: Building] WARN  o.e.m.c.i.embedder.EclipseLogger - Using platform encoding (UTF-8 actually) to copy filtered resources, i.e. build is platform dependent!
2025-03-19 15:36:14,116 [Worker-20: Building] INFO  o.e.m.c.i.embedder.EclipseLogger - Copying 1 resource
2025-03-19 15:36:14,121 [Worker-20: Building] WARN  o.e.m.c.i.embedder.EclipseLogger - Using platform encoding (UTF-8 actually) to copy filtered resources, i.e. build is platform dependent!
2025-03-19 15:36:14,121 [Worker-20: Building] INFO  o.e.m.c.i.embedder.EclipseLogger - Copying 0 resource
2025-03-19 15:36:25,823 [Worker-25: Building] WARN  o.e.m.c.i.embedder.EclipseLogger - Using platform encoding (UTF-8 actually) to copy filtered resources, i.e. build is platform dependent!
2025-03-19 15:36:25,826 [Worker-25: Building] INFO  o.e.m.c.i.embedder.EclipseLogger - Copying 1 resource
2025-03-19 15:36:25,832 [Worker-25: Building] WARN  o.e.m.c.i.embedder.EclipseLogger - Using platform encoding (UTF-8 actually) to copy filtered resources, i.e. build is platform dependent!
2025-03-19 15:36:25,833 [Worker-25: Building] INFO  o.e.m.c.i.embedder.EclipseLogger - Copying 0 resource
2025-03-19 15:36:38,777 [Worker-29: Building] WARN  o.e.m.c.i.embedder.EclipseLogger - Using platform encoding (UTF-8 actually) to copy filtered resources, i.e. build is platform dependent!
2025-03-19 15:36:38,778 [Worker-29: Building] INFO  o.e.m.c.i.embedder.EclipseLogger - Copying 1 resource
2025-03-19 15:36:38,780 [Worker-29: Building] WARN  o.e.m.c.i.embedder.EclipseLogger - Using platform encoding (UTF-8 actually) to copy filtered resources, i.e. build is platform dependent!
2025-03-19 15:36:38,781 [Worker-29: Building] INFO  o.e.m.c.i.embedder.EclipseLogger - Copying 0 resource
2025-03-19 15:37:24,552 [Worker-20: Building] WARN  o.e.m.c.i.embedder.EclipseLogger - Using platform encoding (UTF-8 actually) to copy filtered resources, i.e. build is platform dependent!
2025-03-19 15:37:24,553 [Worker-20: Building] INFO  o.e.m.c.i.embedder.EclipseLogger - Copying 1 resource
2025-03-19 15:37:24,555 [Worker-20: Building] WARN  o.e.m.c.i.embedder.EclipseLogger - Using platform encoding (UTF-8 actually) to copy filtered resources, i.e. build is platform dependent!
2025-03-19 15:37:24,556 [Worker-20: Building] INFO  o.e.m.c.i.embedder.EclipseLogger - Copying 0 resource
2025-03-19 15:38:06,471 [Worker-27: Building] WARN  o.e.m.c.i.embedder.EclipseLogger - Using platform encoding (UTF-8 actually) to copy filtered resources, i.e. build is platform dependent!
2025-03-19 15:38:06,473 [Worker-27: Building] INFO  o.e.m.c.i.embedder.EclipseLogger - Copying 1 resource
2025-03-19 15:38:06,476 [Worker-27: Building] WARN  o.e.m.c.i.embedder.EclipseLogger - Using platform encoding (UTF-8 actually) to copy filtered resources, i.e. build is platform dependent!
2025-03-19 15:38:06,477 [Worker-27: Building] INFO  o.e.m.c.i.embedder.EclipseLogger - Copying 0 resource
2025-03-19 15:41:59,185 [Worker-20: Building] WARN  o.e.m.c.i.embedder.EclipseLogger - Using platform encoding (UTF-8 actually) to copy filtered resources, i.e. build is platform dependent!
2025-03-19 15:41:59,187 [Worker-20: Building] INFO  o.e.m.c.i.embedder.EclipseLogger - Copying 1 resource
2025-03-19 15:41:59,190 [Worker-20: Building] WARN  o.e.m.c.i.embedder.EclipseLogger - Using platform encoding (UTF-8 actually) to copy filtered resources, i.e. build is platform dependent!
2025-03-19 15:41:59,191 [Worker-20: Building] INFO  o.e.m.c.i.embedder.EclipseLogger - Copying 0 resource
2025-03-19 15:42:05,346 [Worker-31: Building] WARN  o.e.m.c.i.embedder.EclipseLogger - Using platform encoding (UTF-8 actually) to copy filtered resources, i.e. build is platform dependent!
2025-03-19 15:42:05,347 [Worker-31: Building] INFO  o.e.m.c.i.embedder.EclipseLogger - Copying 1 resource
2025-03-19 15:42:05,352 [Worker-31: Building] WARN  o.e.m.c.i.embedder.EclipseLogger - Using platform encoding (UTF-8 actually) to copy filtered resources, i.e. build is platform dependent!
2025-03-19 15:42:05,353 [Worker-31: Building] INFO  o.e.m.c.i.embedder.EclipseLogger - Copying 0 resource
2025-03-19 15:42:09,819 [Worker-32: Building] WARN  o.e.m.c.i.embedder.EclipseLogger - Using platform encoding (UTF-8 actually) to copy filtered resources, i.e. build is platform dependent!
2025-03-19 15:42:09,821 [Worker-32: Building] INFO  o.e.m.c.i.embedder.EclipseLogger - Copying 1 resource
2025-03-19 15:42:09,824 [Worker-32: Building] WARN  o.e.m.c.i.embedder.EclipseLogger - Using platform encoding (UTF-8 actually) to copy filtered resources, i.e. build is platform dependent!
2025-03-19 15:42:09,825 [Worker-32: Building] INFO  o.e.m.c.i.embedder.EclipseLogger - Copying 0 resource
2025-03-19 15:42:36,119 [Worker-31: Building] WARN  o.e.m.c.i.embedder.EclipseLogger - Using platform encoding (UTF-8 actually) to copy filtered resources, i.e. build is platform dependent!
2025-03-19 15:42:36,158 [Worker-31: Building] INFO  o.e.m.c.i.embedder.EclipseLogger - Copying 1 resource
2025-03-19 15:42:36,164 [Worker-31: Building] WARN  o.e.m.c.i.embedder.EclipseLogger - Using platform encoding (UTF-8 actually) to copy filtered resources, i.e. build is platform dependent!
2025-03-19 15:42:36,166 [Worker-31: Building] INFO  o.e.m.c.i.embedder.EclipseLogger - Copying 0 resource
2025-03-19 15:42:51,675 [Worker-30: Building] WARN  o.e.m.c.i.embedder.EclipseLogger - Using platform encoding (UTF-8 actually) to copy filtered resources, i.e. build is platform dependent!
2025-03-19 15:42:51,683 [Worker-30: Building] INFO  o.e.m.c.i.embedder.EclipseLogger - Copying 1 resource
2025-03-19 15:42:51,689 [Worker-30: Building] WARN  o.e.m.c.i.embedder.EclipseLogger - Using platform encoding (UTF-8 actually) to copy filtered resources, i.e. build is platform dependent!
2025-03-19 15:42:51,691 [Worker-30: Building] INFO  o.e.m.c.i.embedder.EclipseLogger - Copying 0 resource
2025-03-19 15:52:06,866 [Worker-30: Building] WARN  o.e.m.c.i.embedder.EclipseLogger - Using platform encoding (UTF-8 actually) to copy filtered resources, i.e. build is platform dependent!
2025-03-19 15:52:06,870 [Worker-30: Building] INFO  o.e.m.c.i.embedder.EclipseLogger - Copying 1 resource
2025-03-19 15:52:06,879 [Worker-30: Building] WARN  o.e.m.c.i.embedder.EclipseLogger - Using platform encoding (UTF-8 actually) to copy filtered resources, i.e. build is platform dependent!
2025-03-19 15:52:06,881 [Worker-30: Building] INFO  o.e.m.c.i.embedder.EclipseLogger - Copying 0 resource
2025-03-19 15:52:44,160 [Worker-37: Building] WARN  o.e.m.c.i.embedder.EclipseLogger - Using platform encoding (UTF-8 actually) to copy filtered resources, i.e. build is platform dependent!
2025-03-19 15:52:44,161 [Worker-37: Building] INFO  o.e.m.c.i.embedder.EclipseLogger - Copying 1 resource
2025-03-19 15:52:44,165 [Worker-37: Building] WARN  o.e.m.c.i.embedder.EclipseLogger - Using platform encoding (UTF-8 actually) to copy filtered resources, i.e. build is platform dependent!
2025-03-19 15:52:44,166 [Worker-37: Building] INFO  o.e.m.c.i.embedder.EclipseLogger - Copying 0 resource
2025-03-19 15:53:01,209 [Worker-30: Building] WARN  o.e.m.c.i.embedder.EclipseLogger - Using platform encoding (UTF-8 actually) to copy filtered resources, i.e. build is platform dependent!
2025-03-19 15:53:01,211 [Worker-30: Building] INFO  o.e.m.c.i.embedder.EclipseLogger - Copying 1 resource
2025-03-19 15:53:01,214 [Worker-30: Building] WARN  o.e.m.c.i.embedder.EclipseLogger - Using platform encoding (UTF-8 actually) to copy filtered resources, i.e. build is platform dependent!
2025-03-19 15:53:01,216 [Worker-30: Building] INFO  o.e.m.c.i.embedder.EclipseLogger - Copying 0 resource
2025-03-19 15:53:16,712 [Worker-38: Building] WARN  o.e.m.c.i.embedder.EclipseLogger - Using platform encoding (UTF-8 actually) to copy filtered resources, i.e. build is platform dependent!
2025-03-19 15:53:16,713 [Worker-38: Building] INFO  o.e.m.c.i.embedder.EclipseLogger - Copying 1 resource
2025-03-19 15:53:16,716 [Worker-38: Building] WARN  o.e.m.c.i.embedder.EclipseLogger - Using platform encoding (UTF-8 actually) to copy filtered resources, i.e. build is platform dependent!
2025-03-19 15:53:16,717 [Worker-38: Building] INFO  o.e.m.c.i.embedder.EclipseLogger - Copying 0 resource
2025-03-19 15:53:31,865 [Worker-37: Building] WARN  o.e.m.c.i.embedder.EclipseLogger - Using platform encoding (UTF-8 actually) to copy filtered resources, i.e. build is platform dependent!
2025-03-19 15:53:31,866 [Worker-37: Building] INFO  o.e.m.c.i.embedder.EclipseLogger - Copying 1 resource
2025-03-19 15:53:31,893 [Worker-37: Building] WARN  o.e.m.c.i.embedder.EclipseLogger - Using platform encoding (UTF-8 actually) to copy filtered resources, i.e. build is platform dependent!
2025-03-19 15:53:31,895 [Worker-37: Building] INFO  o.e.m.c.i.embedder.EclipseLogger - Copying 0 resource
2025-03-19 15:53:36,170 [Worker-20: Building] WARN  o.e.m.c.i.embedder.EclipseLogger - Using platform encoding (UTF-8 actually) to copy filtered resources, i.e. build is platform dependent!
2025-03-19 15:53:36,172 [Worker-20: Building] INFO  o.e.m.c.i.embedder.EclipseLogger - Copying 1 resource
2025-03-19 15:53:36,177 [Worker-20: Building] WARN  o.e.m.c.i.embedder.EclipseLogger - Using platform encoding (UTF-8 actually) to copy filtered resources, i.e. build is platform dependent!
2025-03-19 15:53:36,178 [Worker-20: Building] INFO  o.e.m.c.i.embedder.EclipseLogger - Copying 0 resource
2025-03-19 15:57:11,335 [Worker-20: Building] WARN  o.e.m.c.i.embedder.EclipseLogger - Using platform encoding (UTF-8 actually) to copy filtered resources, i.e. build is platform dependent!
2025-03-19 15:57:11,338 [Worker-20: Building] INFO  o.e.m.c.i.embedder.EclipseLogger - Copying 1 resource
2025-03-19 15:57:11,340 [Worker-20: Building] WARN  o.e.m.c.i.embedder.EclipseLogger - Using platform encoding (UTF-8 actually) to copy filtered resources, i.e. build is platform dependent!
2025-03-19 15:57:11,342 [Worker-20: Building] INFO  o.e.m.c.i.embedder.EclipseLogger - Copying 0 resource
2025-03-19 15:58:00,654 [Worker-20: Building] WARN  o.e.m.c.i.embedder.EclipseLogger - Using platform encoding (UTF-8 actually) to copy filtered resources, i.e. build is platform dependent!
2025-03-19 15:58:00,656 [Worker-20: Building] INFO  o.e.m.c.i.embedder.EclipseLogger - Copying 1 resource
2025-03-19 15:58:00,662 [Worker-20: Building] WARN  o.e.m.c.i.embedder.EclipseLogger - Using platform encoding (UTF-8 actually) to copy filtered resources, i.e. build is platform dependent!
2025-03-19 15:58:00,663 [Worker-20: Building] INFO  o.e.m.c.i.embedder.EclipseLogger - Copying 0 resource
2025-03-19 15:58:42,216 [Worker-39: Building] WARN  o.e.m.c.i.embedder.EclipseLogger - Using platform encoding (UTF-8 actually) to copy filtered resources, i.e. build is platform dependent!
2025-03-19 15:58:42,217 [Worker-39: Building] INFO  o.e.m.c.i.embedder.EclipseLogger - Copying 1 resource
2025-03-19 15:58:42,219 [Worker-39: Building] WARN  o.e.m.c.i.embedder.EclipseLogger - Using platform encoding (UTF-8 actually) to copy filtered resources, i.e. build is platform dependent!
2025-03-19 15:58:42,220 [Worker-39: Building] INFO  o.e.m.c.i.embedder.EclipseLogger - Copying 0 resource
2025-03-19 15:59:25,537 [Worker-37: Building] WARN  o.e.m.c.i.embedder.EclipseLogger - Using platform encoding (UTF-8 actually) to copy filtered resources, i.e. build is platform dependent!
2025-03-19 15:59:25,538 [Worker-37: Building] INFO  o.e.m.c.i.embedder.EclipseLogger - Copying 1 resource
2025-03-19 15:59:25,540 [Worker-37: Building] WARN  o.e.m.c.i.embedder.EclipseLogger - Using platform encoding (UTF-8 actually) to copy filtered resources, i.e. build is platform dependent!
2025-03-19 15:59:25,541 [Worker-37: Building] INFO  o.e.m.c.i.embedder.EclipseLogger - Copying 0 resource
2025-03-19 16:10:15,328 [Worker-43: Building] WARN  o.e.m.c.i.embedder.EclipseLogger - Using platform encoding (UTF-8 actually) to copy filtered resources, i.e. build is platform dependent!
2025-03-19 16:10:15,329 [Worker-43: Building] INFO  o.e.m.c.i.embedder.EclipseLogger - Copying 1 resource
2025-03-19 16:10:15,337 [Worker-43: Building] WARN  o.e.m.c.i.embedder.EclipseLogger - Using platform encoding (UTF-8 actually) to copy filtered resources, i.e. build is platform dependent!
2025-03-19 16:10:15,339 [Worker-43: Building] INFO  o.e.m.c.i.embedder.EclipseLogger - Copying 0 resource
2025-03-21 09:22:13,145 [Worker-5: Loading available Gradle versions] INFO  o.e.b.c.i.u.g.PublishedGradleVersions - Gradle version information cache is up-to-date. Trying to read.
2025-03-21 09:23:59,956 [Worker-0: Building] WARN  o.e.m.c.i.embedder.EclipseLogger - Using platform encoding (UTF-8 actually) to copy filtered resources, i.e. build is platform dependent!
2025-03-21 09:23:59,960 [Worker-0: Building] INFO  o.e.m.c.i.embedder.EclipseLogger - Copying 1 resource
2025-03-21 09:23:59,971 [Worker-0: Building] WARN  o.e.m.c.i.embedder.EclipseLogger - Using platform encoding (UTF-8 actually) to copy filtered resources, i.e. build is platform dependent!
2025-03-21 09:23:59,972 [Worker-0: Building] INFO  o.e.m.c.i.embedder.EclipseLogger - Copying 0 resource
2025-03-21 09:26:38,047 [Worker-4: Building] WARN  o.e.m.c.i.embedder.EclipseLogger - Using platform encoding (UTF-8 actually) to copy filtered resources, i.e. build is platform dependent!
2025-03-21 09:26:38,050 [Worker-4: Building] INFO  o.e.m.c.i.embedder.EclipseLogger - Copying 1 resource
2025-03-21 09:26:38,053 [Worker-4: Building] WARN  o.e.m.c.i.embedder.EclipseLogger - Using platform encoding (UTF-8 actually) to copy filtered resources, i.e. build is platform dependent!
2025-03-21 09:26:38,054 [Worker-4: Building] INFO  o.e.m.c.i.embedder.EclipseLogger - Copying 0 resource
2025-03-21 09:27:14,881 [Worker-1: Building] WARN  o.e.m.c.i.embedder.EclipseLogger - Using platform encoding (UTF-8 actually) to copy filtered resources, i.e. build is platform dependent!
2025-03-21 09:27:14,883 [Worker-1: Building] INFO  o.e.m.c.i.embedder.EclipseLogger - Copying 1 resource
2025-03-21 09:27:14,886 [Worker-1: Building] WARN  o.e.m.c.i.embedder.EclipseLogger - Using platform encoding (UTF-8 actually) to copy filtered resources, i.e. build is platform dependent!
2025-03-21 09:27:14,888 [Worker-1: Building] INFO  o.e.m.c.i.embedder.EclipseLogger - Copying 0 resource
2025-03-21 09:29:28,022 [Worker-5: Building] WARN  o.e.m.c.i.embedder.EclipseLogger - Using platform encoding (UTF-8 actually) to copy filtered resources, i.e. build is platform dependent!
2025-03-21 09:29:28,024 [Worker-5: Building] INFO  o.e.m.c.i.embedder.EclipseLogger - Copying 1 resource
2025-03-21 09:29:28,027 [Worker-5: Building] WARN  o.e.m.c.i.embedder.EclipseLogger - Using platform encoding (UTF-8 actually) to copy filtered resources, i.e. build is platform dependent!
2025-03-21 09:29:28,028 [Worker-5: Building] INFO  o.e.m.c.i.embedder.EclipseLogger - Copying 0 resource
2025-03-21 09:30:25,985 [Worker-9: Building] WARN  o.e.m.c.i.embedder.EclipseLogger - Using platform encoding (UTF-8 actually) to copy filtered resources, i.e. build is platform dependent!
2025-03-21 09:30:25,986 [Worker-9: Building] INFO  o.e.m.c.i.embedder.EclipseLogger - Copying 1 resource
2025-03-21 09:30:25,989 [Worker-9: Building] WARN  o.e.m.c.i.embedder.EclipseLogger - Using platform encoding (UTF-8 actually) to copy filtered resources, i.e. build is platform dependent!
2025-03-21 09:30:25,996 [Worker-9: Building] INFO  o.e.m.c.i.embedder.EclipseLogger - Copying 0 resource
2025-03-21 09:32:53,837 [Worker-5: Building] WARN  o.e.m.c.i.embedder.EclipseLogger - Using platform encoding (UTF-8 actually) to copy filtered resources, i.e. build is platform dependent!
2025-03-21 09:32:53,838 [Worker-5: Building] INFO  o.e.m.c.i.embedder.EclipseLogger - Copying 1 resource
2025-03-21 09:32:53,843 [Worker-5: Building] WARN  o.e.m.c.i.embedder.EclipseLogger - Using platform encoding (UTF-8 actually) to copy filtered resources, i.e. build is platform dependent!
2025-03-21 09:32:53,848 [Worker-5: Building] INFO  o.e.m.c.i.embedder.EclipseLogger - Copying 0 resource
2025-03-21 09:44:47,058 [Worker-6: Building] WARN  o.e.m.c.i.embedder.EclipseLogger - Using platform encoding (UTF-8 actually) to copy filtered resources, i.e. build is platform dependent!
2025-03-21 09:44:47,075 [Worker-6: Building] INFO  o.e.m.c.i.embedder.EclipseLogger - Copying 1 resource
2025-03-21 09:44:47,082 [Worker-6: Building] WARN  o.e.m.c.i.embedder.EclipseLogger - Using platform encoding (UTF-8 actually) to copy filtered resources, i.e. build is platform dependent!
2025-03-21 09:44:47,083 [Worker-6: Building] INFO  o.e.m.c.i.embedder.EclipseLogger - Copying 0 resource
2025-03-21 09:46:36,547 [Worker-14: Building] WARN  o.e.m.c.i.embedder.EclipseLogger - Using platform encoding (UTF-8 actually) to copy filtered resources, i.e. build is platform dependent!
2025-03-21 09:46:36,549 [Worker-14: Building] INFO  o.e.m.c.i.embedder.EclipseLogger - Copying 1 resource
2025-03-21 09:46:36,556 [Worker-14: Building] WARN  o.e.m.c.i.embedder.EclipseLogger - Using platform encoding (UTF-8 actually) to copy filtered resources, i.e. build is platform dependent!
2025-03-21 09:46:36,558 [Worker-14: Building] INFO  o.e.m.c.i.embedder.EclipseLogger - Copying 0 resource
2025-03-21 09:46:59,049 [Worker-16: Building] WARN  o.e.m.c.i.embedder.EclipseLogger - Using platform encoding (UTF-8 actually) to copy filtered resources, i.e. build is platform dependent!
2025-03-21 09:46:59,051 [Worker-16: Building] INFO  o.e.m.c.i.embedder.EclipseLogger - Copying 2 resources
2025-03-21 09:46:59,054 [Worker-16: Building] WARN  o.e.m.c.i.embedder.EclipseLogger - Using platform encoding (UTF-8 actually) to copy filtered resources, i.e. build is platform dependent!
2025-03-21 09:46:59,055 [Worker-16: Building] INFO  o.e.m.c.i.embedder.EclipseLogger - Copying 0 resource
2025-03-21 09:53:12,365 [Worker-19: Building] WARN  o.e.m.c.i.embedder.EclipseLogger - Using platform encoding (UTF-8 actually) to copy filtered resources, i.e. build is platform dependent!
2025-03-21 09:53:12,367 [Worker-19: Building] INFO  o.e.m.c.i.embedder.EclipseLogger - Copying 2 resources
2025-03-21 09:53:12,369 [Worker-19: Building] WARN  o.e.m.c.i.embedder.EclipseLogger - Using platform encoding (UTF-8 actually) to copy filtered resources, i.e. build is platform dependent!
2025-03-21 09:53:12,370 [Worker-19: Building] INFO  o.e.m.c.i.embedder.EclipseLogger - Copying 0 resource
2025-03-21 09:53:29,246 [Worker-13: Building] WARN  o.e.m.c.i.embedder.EclipseLogger - Using platform encoding (UTF-8 actually) to copy filtered resources, i.e. build is platform dependent!
2025-03-21 09:53:29,248 [Worker-13: Building] INFO  o.e.m.c.i.embedder.EclipseLogger - Copying 2 resources
2025-03-21 09:53:29,249 [Worker-13: Building] WARN  o.e.m.c.i.embedder.EclipseLogger - Using platform encoding (UTF-8 actually) to copy filtered resources, i.e. build is platform dependent!
2025-03-21 09:53:29,250 [Worker-13: Building] INFO  o.e.m.c.i.embedder.EclipseLogger - Copying 0 resource
2025-03-21 09:53:59,807 [Worker-20: Building] WARN  o.e.m.c.i.embedder.EclipseLogger - Using platform encoding (UTF-8 actually) to copy filtered resources, i.e. build is platform dependent!
2025-03-21 09:53:59,809 [Worker-20: Building] INFO  o.e.m.c.i.embedder.EclipseLogger - Copying 2 resources
2025-03-21 09:53:59,810 [Worker-20: Building] WARN  o.e.m.c.i.embedder.EclipseLogger - Using platform encoding (UTF-8 actually) to copy filtered resources, i.e. build is platform dependent!
2025-03-21 09:53:59,811 [Worker-20: Building] INFO  o.e.m.c.i.embedder.EclipseLogger - Copying 0 resource
2025-03-21 09:54:38,912 [Worker-18: Building] WARN  o.e.m.c.i.embedder.EclipseLogger - Using platform encoding (UTF-8 actually) to copy filtered resources, i.e. build is platform dependent!
2025-03-21 09:54:38,920 [Worker-18: Building] INFO  o.e.m.c.i.embedder.EclipseLogger - Copying 2 resources
2025-03-21 09:54:38,921 [Worker-18: Building] WARN  o.e.m.c.i.embedder.EclipseLogger - Using platform encoding (UTF-8 actually) to copy filtered resources, i.e. build is platform dependent!
2025-03-21 09:54:38,921 [Worker-18: Building] INFO  o.e.m.c.i.embedder.EclipseLogger - Copying 0 resource
2025-03-21 09:54:43,192 [Worker-13: Building] WARN  o.e.m.c.i.embedder.EclipseLogger - Using platform encoding (UTF-8 actually) to copy filtered resources, i.e. build is platform dependent!
2025-03-21 09:54:43,193 [Worker-13: Building] INFO  o.e.m.c.i.embedder.EclipseLogger - Copying 1 resource
2025-03-21 09:54:43,198 [Worker-13: Building] WARN  o.e.m.c.i.embedder.EclipseLogger - Using platform encoding (UTF-8 actually) to copy filtered resources, i.e. build is platform dependent!
2025-03-21 09:54:43,199 [Worker-13: Building] INFO  o.e.m.c.i.embedder.EclipseLogger - Copying 0 resource
2025-03-21 09:55:04,205 [Worker-20: Building] WARN  o.e.m.c.i.embedder.EclipseLogger - Using platform encoding (UTF-8 actually) to copy filtered resources, i.e. build is platform dependent!
2025-03-21 09:55:04,206 [Worker-20: Building] INFO  o.e.m.c.i.embedder.EclipseLogger - Copying 1 resource
2025-03-21 09:55:04,210 [Worker-20: Building] WARN  o.e.m.c.i.embedder.EclipseLogger - Using platform encoding (UTF-8 actually) to copy filtered resources, i.e. build is platform dependent!
2025-03-21 09:55:04,211 [Worker-20: Building] INFO  o.e.m.c.i.embedder.EclipseLogger - Copying 0 resource
2025-03-21 09:57:20,469 [Worker-20: Building] WARN  o.e.m.c.i.embedder.EclipseLogger - Using platform encoding (UTF-8 actually) to copy filtered resources, i.e. build is platform dependent!
2025-03-21 09:57:20,472 [Worker-20: Building] INFO  o.e.m.c.i.embedder.EclipseLogger - Copying 1 resource
2025-03-21 09:57:20,475 [Worker-20: Building] WARN  o.e.m.c.i.embedder.EclipseLogger - Using platform encoding (UTF-8 actually) to copy filtered resources, i.e. build is platform dependent!
2025-03-21 09:57:20,477 [Worker-20: Building] INFO  o.e.m.c.i.embedder.EclipseLogger - Copying 0 resource
2025-03-21 09:57:33,619 [Worker-22: Building] WARN  o.e.m.c.i.embedder.EclipseLogger - Using platform encoding (UTF-8 actually) to copy filtered resources, i.e. build is platform dependent!
2025-03-21 09:57:33,620 [Worker-22: Building] INFO  o.e.m.c.i.embedder.EclipseLogger - Copying 2 resources
2025-03-21 09:57:33,621 [Worker-22: Building] WARN  o.e.m.c.i.embedder.EclipseLogger - Using platform encoding (UTF-8 actually) to copy filtered resources, i.e. build is platform dependent!
2025-03-21 09:57:33,622 [Worker-22: Building] INFO  o.e.m.c.i.embedder.EclipseLogger - Copying 0 resource
2025-03-21 10:03:39,262 [Worker-22: Building] WARN  o.e.m.c.i.embedder.EclipseLogger - Using platform encoding (UTF-8 actually) to copy filtered resources, i.e. build is platform dependent!
2025-03-21 10:03:39,264 [Worker-22: Building] INFO  o.e.m.c.i.embedder.EclipseLogger - Copying 2 resources
2025-03-21 10:03:39,267 [Worker-22: Building] WARN  o.e.m.c.i.embedder.EclipseLogger - Using platform encoding (UTF-8 actually) to copy filtered resources, i.e. build is platform dependent!
2025-03-21 10:03:39,268 [Worker-22: Building] INFO  o.e.m.c.i.embedder.EclipseLogger - Copying 0 resource
2025-03-21 10:03:51,907 [Worker-21: Building] WARN  o.e.m.c.i.embedder.EclipseLogger - Using platform encoding (UTF-8 actually) to copy filtered resources, i.e. build is platform dependent!
2025-03-21 10:03:51,908 [Worker-21: Building] INFO  o.e.m.c.i.embedder.EclipseLogger - Copying 2 resources
2025-03-21 10:03:51,911 [Worker-21: Building] WARN  o.e.m.c.i.embedder.EclipseLogger - Using platform encoding (UTF-8 actually) to copy filtered resources, i.e. build is platform dependent!
2025-03-21 10:03:51,912 [Worker-21: Building] INFO  o.e.m.c.i.embedder.EclipseLogger - Copying 0 resource
2025-03-21 10:04:35,883 [Worker-27: Building] WARN  o.e.m.c.i.embedder.EclipseLogger - Using platform encoding (UTF-8 actually) to copy filtered resources, i.e. build is platform dependent!
2025-03-21 10:04:35,884 [Worker-27: Building] INFO  o.e.m.c.i.embedder.EclipseLogger - Copying 2 resources
2025-03-21 10:04:35,887 [Worker-27: Building] WARN  o.e.m.c.i.embedder.EclipseLogger - Using platform encoding (UTF-8 actually) to copy filtered resources, i.e. build is platform dependent!
2025-03-21 10:04:35,888 [Worker-27: Building] INFO  o.e.m.c.i.embedder.EclipseLogger - Copying 0 resource
2025-03-21 10:06:02,400 [Worker-21: Building] WARN  o.e.m.c.i.embedder.EclipseLogger - Using platform encoding (UTF-8 actually) to copy filtered resources, i.e. build is platform dependent!
2025-03-21 10:06:02,402 [Worker-21: Building] INFO  o.e.m.c.i.embedder.EclipseLogger - Copying 2 resources
2025-03-21 10:06:02,404 [Worker-21: Building] WARN  o.e.m.c.i.embedder.EclipseLogger - Using platform encoding (UTF-8 actually) to copy filtered resources, i.e. build is platform dependent!
2025-03-21 10:06:02,405 [Worker-21: Building] INFO  o.e.m.c.i.embedder.EclipseLogger - Copying 0 resource
2025-03-21 10:06:13,674 [Worker-27: Building] WARN  o.e.m.c.i.embedder.EclipseLogger - Using platform encoding (UTF-8 actually) to copy filtered resources, i.e. build is platform dependent!
2025-03-21 10:06:13,675 [Worker-27: Building] INFO  o.e.m.c.i.embedder.EclipseLogger - Copying 2 resources
2025-03-21 10:06:13,677 [Worker-27: Building] WARN  o.e.m.c.i.embedder.EclipseLogger - Using platform encoding (UTF-8 actually) to copy filtered resources, i.e. build is platform dependent!
2025-03-21 10:06:13,678 [Worker-27: Building] INFO  o.e.m.c.i.embedder.EclipseLogger - Copying 0 resource
2025-03-21 12:48:28,330 [Worker-39: Building] WARN  o.e.m.c.i.embedder.EclipseLogger - Using platform encoding (UTF-8 actually) to copy filtered resources, i.e. build is platform dependent!
2025-03-21 12:48:28,338 [Worker-39: Building] INFO  o.e.m.c.i.embedder.EclipseLogger - Copying 2 resources
2025-03-21 12:48:28,341 [Worker-39: Building] WARN  o.e.m.c.i.embedder.EclipseLogger - Using platform encoding (UTF-8 actually) to copy filtered resources, i.e. build is platform dependent!
2025-03-21 12:48:28,341 [Worker-39: Building] INFO  o.e.m.c.i.embedder.EclipseLogger - Copying 0 resource
2025-03-21 12:48:48,009 [Worker-44: Building] WARN  o.e.m.c.i.embedder.EclipseLogger - Using platform encoding (UTF-8 actually) to copy filtered resources, i.e. build is platform dependent!
2025-03-21 12:48:48,010 [Worker-44: Building] INFO  o.e.m.c.i.embedder.EclipseLogger - Copying 2 resources
2025-03-21 12:48:48,013 [Worker-44: Building] WARN  o.e.m.c.i.embedder.EclipseLogger - Using platform encoding (UTF-8 actually) to copy filtered resources, i.e. build is platform dependent!
2025-03-21 12:48:48,014 [Worker-44: Building] INFO  o.e.m.c.i.embedder.EclipseLogger - Copying 0 resource
2025-03-21 12:49:03,404 [Worker-39: Building] WARN  o.e.m.c.i.embedder.EclipseLogger - Using platform encoding (UTF-8 actually) to copy filtered resources, i.e. build is platform dependent!
2025-03-21 12:49:03,413 [Worker-39: Building] INFO  o.e.m.c.i.embedder.EclipseLogger - Copying 2 resources
2025-03-21 12:49:03,416 [Worker-39: Building] WARN  o.e.m.c.i.embedder.EclipseLogger - Using platform encoding (UTF-8 actually) to copy filtered resources, i.e. build is platform dependent!
2025-03-21 12:49:03,417 [Worker-39: Building] INFO  o.e.m.c.i.embedder.EclipseLogger - Copying 0 resource
2025-03-21 12:50:09,934 [Worker-39: Building] WARN  o.e.m.c.i.embedder.EclipseLogger - Using platform encoding (UTF-8 actually) to copy filtered resources, i.e. build is platform dependent!
2025-03-21 12:50:09,935 [Worker-39: Building] INFO  o.e.m.c.i.embedder.EclipseLogger - Copying 1 resource
2025-03-21 12:50:09,937 [Worker-39: Building] WARN  o.e.m.c.i.embedder.EclipseLogger - Using platform encoding (UTF-8 actually) to copy filtered resources, i.e. build is platform dependent!
2025-03-21 12:50:09,938 [Worker-39: Building] INFO  o.e.m.c.i.embedder.EclipseLogger - Copying 0 resource
2025-03-21 12:50:45,171 [Worker-45: Building] WARN  o.e.m.c.i.embedder.EclipseLogger - Using platform encoding (UTF-8 actually) to copy filtered resources, i.e. build is platform dependent!
2025-03-21 12:50:45,173 [Worker-45: Building] INFO  o.e.m.c.i.embedder.EclipseLogger - Copying 1 resource
2025-03-21 12:50:45,179 [Worker-45: Building] WARN  o.e.m.c.i.embedder.EclipseLogger - Using platform encoding (UTF-8 actually) to copy filtered resources, i.e. build is platform dependent!
2025-03-21 12:50:45,181 [Worker-45: Building] INFO  o.e.m.c.i.embedder.EclipseLogger - Copying 0 resource
2025-03-21 12:51:04,055 [Worker-43: Launching App] WARN  o.e.m.c.i.embedder.EclipseLogger - Using platform encoding (UTF-8 actually) to copy filtered resources, i.e. build is platform dependent!
2025-03-21 12:51:04,057 [Worker-43: Launching App] INFO  o.e.m.c.i.embedder.EclipseLogger - Copying 1 resource
2025-03-21 12:51:04,061 [Worker-43: Launching App] WARN  o.e.m.c.i.embedder.EclipseLogger - Using platform encoding (UTF-8 actually) to copy filtered resources, i.e. build is platform dependent!
2025-03-21 12:51:04,062 [Worker-43: Launching App] INFO  o.e.m.c.i.embedder.EclipseLogger - Copying 0 resource
2025-03-21 12:51:38,425 [Worker-42: Building] WARN  o.e.m.c.i.embedder.EclipseLogger - Using platform encoding (UTF-8 actually) to copy filtered resources, i.e. build is platform dependent!
2025-03-21 12:51:38,426 [Worker-42: Building] INFO  o.e.m.c.i.embedder.EclipseLogger - Copying 1 resource
2025-03-21 12:51:38,428 [Worker-42: Building] WARN  o.e.m.c.i.embedder.EclipseLogger - Using platform encoding (UTF-8 actually) to copy filtered resources, i.e. build is platform dependent!
2025-03-21 12:51:38,430 [Worker-42: Building] INFO  o.e.m.c.i.embedder.EclipseLogger - Copying 0 resource
2025-03-21 12:51:46,524 [Worker-45: Building] WARN  o.e.m.c.i.embedder.EclipseLogger - Using platform encoding (UTF-8 actually) to copy filtered resources, i.e. build is platform dependent!
2025-03-21 12:51:46,525 [Worker-45: Building] INFO  o.e.m.c.i.embedder.EclipseLogger - Copying 1 resource
2025-03-21 12:51:46,527 [Worker-45: Building] WARN  o.e.m.c.i.embedder.EclipseLogger - Using platform encoding (UTF-8 actually) to copy filtered resources, i.e. build is platform dependent!
2025-03-21 12:51:46,528 [Worker-45: Building] INFO  o.e.m.c.i.embedder.EclipseLogger - Copying 0 resource
2025-03-21 12:52:06,463 [Worker-40: Building] WARN  o.e.m.c.i.embedder.EclipseLogger - Using platform encoding (UTF-8 actually) to copy filtered resources, i.e. build is platform dependent!
2025-03-21 12:52:06,465 [Worker-40: Building] INFO  o.e.m.c.i.embedder.EclipseLogger - Copying 1 resource
2025-03-21 12:52:06,468 [Worker-40: Building] WARN  o.e.m.c.i.embedder.EclipseLogger - Using platform encoding (UTF-8 actually) to copy filtered resources, i.e. build is platform dependent!
2025-03-21 12:52:06,469 [Worker-40: Building] INFO  o.e.m.c.i.embedder.EclipseLogger - Copying 0 resource
2025-03-21 12:52:46,387 [Worker-43: Building] WARN  o.e.m.c.i.embedder.EclipseLogger - Using platform encoding (UTF-8 actually) to copy filtered resources, i.e. build is platform dependent!
2025-03-21 12:52:46,388 [Worker-43: Building] INFO  o.e.m.c.i.embedder.EclipseLogger - Copying 2 resources
2025-03-21 12:52:46,391 [Worker-43: Building] WARN  o.e.m.c.i.embedder.EclipseLogger - Using platform encoding (UTF-8 actually) to copy filtered resources, i.e. build is platform dependent!
2025-03-21 12:52:46,393 [Worker-43: Building] INFO  o.e.m.c.i.embedder.EclipseLogger - Copying 0 resource
2025-03-21 12:53:07,704 [Worker-40: Building] WARN  o.e.m.c.i.embedder.EclipseLogger - Using platform encoding (UTF-8 actually) to copy filtered resources, i.e. build is platform dependent!
2025-03-21 12:53:07,705 [Worker-40: Building] INFO  o.e.m.c.i.embedder.EclipseLogger - Copying 2 resources
2025-03-21 12:53:07,707 [Worker-40: Building] WARN  o.e.m.c.i.embedder.EclipseLogger - Using platform encoding (UTF-8 actually) to copy filtered resources, i.e. build is platform dependent!
2025-03-21 12:53:07,708 [Worker-40: Building] INFO  o.e.m.c.i.embedder.EclipseLogger - Copying 0 resource
2025-03-21 12:59:21,754 [Worker-39: Building] WARN  o.e.m.c.i.embedder.EclipseLogger - Using platform encoding (UTF-8 actually) to copy filtered resources, i.e. build is platform dependent!
2025-03-21 12:59:21,755 [Worker-39: Building] INFO  o.e.m.c.i.embedder.EclipseLogger - Copying 2 resources
2025-03-21 12:59:21,756 [Worker-39: Building] WARN  o.e.m.c.i.embedder.EclipseLogger - Using platform encoding (UTF-8 actually) to copy filtered resources, i.e. build is platform dependent!
2025-03-21 12:59:21,757 [Worker-39: Building] INFO  o.e.m.c.i.embedder.EclipseLogger - Copying 0 resource
2025-03-21 14:06:29,057 [Worker-2: Loading available Gradle versions] INFO  o.e.b.c.i.u.g.PublishedGradleVersions - Gradle version information cache is up-to-date. Trying to read.
2025-03-21 14:18:19,857 [main] ERROR o.e.m2e.editor.pom.MavenPomEditor - Cannot determine URI for '/productapp/pom.xml'.
org.eclipse.ui.PartInitException: Cannot determine URI for '/productapp/pom.xml'.
	at org.eclipse.ui.texteditor.AbstractTextEditor.internalInit(AbstractTextEditor.java:3198)
	at org.eclipse.ui.texteditor.AbstractTextEditor.init(AbstractTextEditor.java:3209)
	at org.eclipse.ui.part.MultiPageEditorPart.addPage(MultiPageEditorPart.java:224)
	at org.eclipse.ui.forms.editor.FormEditor.addPage(FormEditor.java:331)
	at org.eclipse.ui.part.MultiPageEditorPart.addPage(MultiPageEditorPart.java:203)
	at org.eclipse.ui.forms.editor.FormEditor.addPage(FormEditor.java:313)
	at org.eclipse.m2e.editor.pom.MavenPomEditor.addFallbackEditors(MavenPomEditor.java:361)
	at org.eclipse.m2e.editor.pom.MavenPomEditor.addPages(MavenPomEditor.java:337)
	at org.eclipse.ui.forms.editor.FormEditor.createPages(FormEditor.java:143)
	at org.eclipse.ui.part.MultiPageEditorPart.createPartControl(MultiPageEditorPart.java:333)
	at org.eclipse.ui.internal.e4.compatibility.CompatibilityPart.createPartControl(CompatibilityPart.java:158)
	at org.eclipse.ui.internal.e4.compatibility.CompatibilityEditor.createPartControl(CompatibilityEditor.java:96)
	at org.eclipse.ui.internal.e4.compatibility.CompatibilityPart.create(CompatibilityPart.java:365)
	at java.base/jdk.internal.reflect.DirectMethodHandleAccessor.invoke(DirectMethodHandleAccessor.java:103)
	at java.base/java.lang.reflect.Method.invoke(Method.java:580)
	at org.eclipse.e4.core.internal.di.MethodRequestor.execute(MethodRequestor.java:58)
	at org.eclipse.e4.core.internal.di.InjectorImpl.processAnnotated(InjectorImpl.java:995)
	at org.eclipse.e4.core.internal.di.InjectorImpl.processAnnotated(InjectorImpl.java:960)
	at org.eclipse.e4.core.internal.di.InjectorImpl.internalInject(InjectorImpl.java:140)
	at org.eclipse.e4.core.internal.di.InjectorImpl.internalMake(InjectorImpl.java:403)
	at org.eclipse.e4.core.internal.di.InjectorImpl.make(InjectorImpl.java:330)
	at org.eclipse.e4.core.contexts.ContextInjectionFactory.make(ContextInjectionFactory.java:202)
	at org.eclipse.e4.ui.internal.workbench.ReflectionContributionFactory.createFromBundle(ReflectionContributionFactory.java:91)
	at org.eclipse.e4.ui.internal.workbench.ReflectionContributionFactory.doCreate(ReflectionContributionFactory.java:60)
	at org.eclipse.e4.ui.internal.workbench.ReflectionContributionFactory.create(ReflectionContributionFactory.java:42)
	at org.eclipse.e4.ui.workbench.renderers.swt.ContributedPartRenderer.createWidget(ContributedPartRenderer.java:132)
	at org.eclipse.e4.ui.internal.workbench.swt.PartRenderingEngine.createWidget(PartRenderingEngine.java:995)
	at org.eclipse.e4.ui.internal.workbench.swt.PartRenderingEngine.safeCreateGui(PartRenderingEngine.java:659)
	at org.eclipse.e4.ui.internal.workbench.swt.PartRenderingEngine.safeCreateGui(PartRenderingEngine.java:763)
	at org.eclipse.e4.ui.internal.workbench.swt.PartRenderingEngine$2.run(PartRenderingEngine.java:728)
	at org.eclipse.core.runtime.SafeRunner.run(SafeRunner.java:45)
	at org.eclipse.e4.ui.internal.workbench.swt.PartRenderingEngine.createGui(PartRenderingEngine.java:712)
	at org.eclipse.e4.ui.internal.workbench.PartServiceImpl.lambda$0(PartServiceImpl.java:105)
	at org.eclipse.e4.ui.services.internal.events.UIEventHandler.lambda$0(UIEventHandler.java:38)
	at org.eclipse.swt.widgets.Synchronizer.syncExec(Synchronizer.java:183)
	at org.eclipse.ui.internal.UISynchronizer.syncExec(UISynchronizer.java:133)
	at org.eclipse.swt.widgets.Display.syncExec(Display.java:4785)
	at org.eclipse.e4.ui.workbench.swt.DisplayUISynchronize.syncExec(DisplayUISynchronize.java:34)
	at org.eclipse.e4.ui.services.internal.events.UIEventHandler.handleEvent(UIEventHandler.java:38)
	at org.eclipse.equinox.internal.event.EventHandlerWrapper.handleEvent(EventHandlerWrapper.java:205)
	at org.eclipse.equinox.internal.event.EventHandlerTracker.dispatchEvent(EventHandlerTracker.java:203)
	at org.eclipse.equinox.internal.event.EventHandlerTracker.dispatchEvent(EventHandlerTracker.java:1)
	at org.eclipse.osgi.framework.eventmgr.EventManager.dispatchEvent(EventManager.java:234)
	at org.eclipse.osgi.framework.eventmgr.ListenerQueue.dispatchEventSynchronous(ListenerQueue.java:151)
	at org.eclipse.equinox.internal.event.EventAdminImpl.dispatchEvent(EventAdminImpl.java:133)
	at org.eclipse.equinox.internal.event.EventAdminImpl.sendEvent(EventAdminImpl.java:75)
	at org.eclipse.equinox.internal.event.EventComponent.sendEvent(EventComponent.java:44)
	at org.eclipse.e4.ui.services.internal.events.EventBroker.send(EventBroker.java:55)
	at org.eclipse.e4.ui.internal.workbench.UIEventPublisher.notifyChanged(UIEventPublisher.java:63)
	at org.eclipse.emf.common.notify.impl.BasicNotifierImpl.eNotify(BasicNotifierImpl.java:424)
	at org.eclipse.e4.ui.model.application.ui.impl.ElementContainerImpl.setSelectedElementGen(ElementContainerImpl.java:170)
	at org.eclipse.e4.ui.model.application.ui.impl.ElementContainerImpl.setSelectedElement(ElementContainerImpl.java:188)
	at org.eclipse.e4.ui.internal.workbench.PartServiceImpl.hidePart(PartServiceImpl.java:1384)
	at org.eclipse.ui.internal.WorkbenchPage.hidePart(WorkbenchPage.java:1542)
	at org.eclipse.ui.internal.WorkbenchPage.hidePart(WorkbenchPage.java:1494)
	at org.eclipse.ui.internal.WorkbenchPage.closeEditors(WorkbenchPage.java:1464)
	at org.eclipse.ui.internal.WorkbenchPage.closeEditor(WorkbenchPage.java:1588)
	at org.eclipse.ui.texteditor.AbstractTextEditor.lambda$3(AbstractTextEditor.java:4272)
	at org.eclipse.swt.widgets.RunnableLock.run(RunnableLock.java:40)
	at org.eclipse.swt.widgets.Synchronizer.runAsyncMessages(Synchronizer.java:132)
	at org.eclipse.swt.widgets.Display.runAsyncMessages(Display.java:4029)
	at org.eclipse.swt.widgets.Display.readAndDispatch(Display.java:3645)
	at org.eclipse.jface.operation.ModalContext$ModalContextThread.block(ModalContext.java:166)
	at org.eclipse.jface.operation.ModalContext.run(ModalContext.java:368)
	at org.eclipse.ltk.internal.ui.refactoring.RefactoringWizardDialog2.run(RefactoringWizardDialog2.java:324)
	at org.eclipse.ltk.ui.refactoring.RefactoringWizard.internalPerformFinish(RefactoringWizard.java:636)
	at org.eclipse.ltk.ui.refactoring.UserInputWizardPage.performFinish(UserInputWizardPage.java:148)
	at org.eclipse.ltk.ui.refactoring.resource.DeleteResourcesWizard$DeleteResourcesRefactoringConfigurationPage.performFinish(DeleteResourcesWizard.java:284)
	at org.eclipse.ltk.ui.refactoring.RefactoringWizard.performFinish(RefactoringWizard.java:710)
	at org.eclipse.ltk.internal.ui.refactoring.RefactoringWizardDialog2.okPressed(RefactoringWizardDialog2.java:450)
	at org.eclipse.jface.dialogs.Dialog.buttonPressed(Dialog.java:468)
	at org.eclipse.jface.dialogs.Dialog.lambda$0(Dialog.java:619)
	at org.eclipse.swt.events.SelectionListener$1.widgetSelected(SelectionListener.java:84)
	at org.eclipse.swt.widgets.TypedListener.handleEvent(TypedListener.java:252)
	at org.eclipse.swt.widgets.EventTable.sendEvent(EventTable.java:89)
	at org.eclipse.swt.widgets.Display.sendEvent(Display.java:4256)
	at org.eclipse.swt.widgets.Widget.sendEvent(Widget.java:1066)
	at org.eclipse.swt.widgets.Display.runDeferredEvents(Display.java:4054)
	at org.eclipse.swt.widgets.Display.readAndDispatch(Display.java:3642)
	at org.eclipse.jface.window.Window.runEventLoop(Window.java:823)
	at org.eclipse.jface.window.Window.open(Window.java:799)
	at org.eclipse.ltk.ui.refactoring.RefactoringWizardOpenOperation.lambda$0(RefactoringWizardOpenOperation.java:190)
	at org.eclipse.swt.custom.BusyIndicator.showWhile(BusyIndicator.java:67)
	at org.eclipse.ltk.ui.refactoring.RefactoringWizardOpenOperation.run(RefactoringWizardOpenOperation.java:209)
	at org.eclipse.ltk.ui.refactoring.RefactoringWizardOpenOperation.run(RefactoringWizardOpenOperation.java:126)
	at org.eclipse.ltk.internal.ui.refactoring.actions.DeleteResourcesHandler.execute(DeleteResourcesHandler.java:44)
	at org.eclipse.ui.internal.handlers.HandlerProxy.execute(HandlerProxy.java:283)
	at org.eclipse.ui.internal.handlers.E4HandlerProxy.execute(E4HandlerProxy.java:97)
	at java.base/jdk.internal.reflect.DirectMethodHandleAccessor.invoke(DirectMethodHandleAccessor.java:103)
	at java.base/java.lang.reflect.Method.invoke(Method.java:580)
	at org.eclipse.e4.core.internal.di.MethodRequestor.execute(MethodRequestor.java:58)
	at org.eclipse.e4.core.internal.di.InjectorImpl.invokeUsingClass(InjectorImpl.java:317)
	at org.eclipse.e4.core.internal.di.InjectorImpl.invoke(InjectorImpl.java:251)
	at org.eclipse.e4.core.contexts.ContextInjectionFactory.invoke(ContextInjectionFactory.java:173)
	at org.eclipse.e4.core.commands.internal.HandlerServiceHandler.execute(HandlerServiceHandler.java:156)
	at org.eclipse.core.commands.Command.executeWithChecks(Command.java:488)
	at org.eclipse.core.commands.ParameterizedCommand.executeWithChecks(ParameterizedCommand.java:485)
	at org.eclipse.e4.core.commands.internal.HandlerServiceImpl.executeHandler(HandlerServiceImpl.java:213)
	at org.eclipse.ui.internal.handlers.LegacyHandlerService.executeCommandInContext(LegacyHandlerService.java:440)
	at org.eclipse.ui.internal.ide.actions.LTKLauncher.runCommand(LTKLauncher.java:140)
	at org.eclipse.ui.internal.ide.actions.LTKLauncher.openDeleteWizard(LTKLauncher.java:57)
	at org.eclipse.ui.actions.DeleteResourceAction.run(DeleteResourceAction.java:452)
	at org.eclipse.jdt.internal.ui.refactoring.reorg.DeleteAction.run(DeleteAction.java:196)
	at org.eclipse.jdt.ui.actions.SelectionDispatchAction.dispatchRun(SelectionDispatchAction.java:274)
	at org.eclipse.jdt.ui.actions.SelectionDispatchAction.run(SelectionDispatchAction.java:252)
	at org.eclipse.jface.action.Action.runWithEvent(Action.java:474)
	at org.eclipse.jface.action.ActionContributionItem.handleWidgetSelection(ActionContributionItem.java:580)
	at org.eclipse.jface.action.ActionContributionItem.lambda$4(ActionContributionItem.java:414)
	at org.eclipse.swt.widgets.EventTable.sendEvent(EventTable.java:89)
	at org.eclipse.swt.widgets.Display.sendEvent(Display.java:4256)
	at org.eclipse.swt.widgets.Widget.sendEvent(Widget.java:1066)
	at org.eclipse.swt.widgets.Display.runDeferredEvents(Display.java:4054)
	at org.eclipse.swt.widgets.Display.readAndDispatch(Display.java:3642)
	at org.eclipse.e4.ui.internal.workbench.swt.PartRenderingEngine$5.run(PartRenderingEngine.java:1155)
	at org.eclipse.core.databinding.observable.Realm.runWithDefault(Realm.java:338)
	at org.eclipse.e4.ui.internal.workbench.swt.PartRenderingEngine.run(PartRenderingEngine.java:1046)
	at org.eclipse.e4.ui.internal.workbench.E4Workbench.createAndRunUI(E4Workbench.java:155)
	at org.eclipse.ui.internal.Workbench.lambda$3(Workbench.java:643)
	at org.eclipse.core.databinding.observable.Realm.runWithDefault(Realm.java:338)
	at org.eclipse.ui.internal.Workbench.createAndRunWorkbench(Workbench.java:550)
	at org.eclipse.ui.PlatformUI.createAndRunWorkbench(PlatformUI.java:171)
	at org.eclipse.ui.internal.ide.application.IDEApplication.start(IDEApplication.java:152)
	at org.eclipse.equinox.internal.app.EclipseAppHandle.run(EclipseAppHandle.java:203)
	at org.eclipse.core.runtime.internal.adaptor.EclipseAppLauncher.runApplication(EclipseAppLauncher.java:136)
	at org.eclipse.core.runtime.internal.adaptor.EclipseAppLauncher.start(EclipseAppLauncher.java:104)
	at org.eclipse.core.runtime.adaptor.EclipseStarter.run(EclipseStarter.java:402)
	at org.eclipse.core.runtime.adaptor.EclipseStarter.run(EclipseStarter.java:255)
	at java.base/jdk.internal.reflect.DirectMethodHandleAccessor.invoke(DirectMethodHandleAccessor.java:103)
	at java.base/java.lang.reflect.Method.invoke(Method.java:580)
	at org.eclipse.equinox.launcher.Main.invokeFramework(Main.java:659)
	at org.eclipse.equinox.launcher.Main.basicRun(Main.java:596)
	at org.eclipse.equinox.launcher.Main.run(Main.java:1467)
Caused by: org.eclipse.core.runtime.CoreException: Cannot determine URI for '/productapp/pom.xml'.
	at org.eclipse.core.internal.filebuffers.ResourceFileBuffer.create(ResourceFileBuffer.java:239)
	at org.eclipse.core.internal.filebuffers.TextFileBufferManager.connect(TextFileBufferManager.java:115)
	at org.eclipse.ui.editors.text.TextFileDocumentProvider.createFileInfo(TextFileDocumentProvider.java:563)
	at org.eclipse.ui.editors.text.TextFileDocumentProvider.connect(TextFileDocumentProvider.java:481)
	at org.eclipse.ui.texteditor.AbstractTextEditor.doSetInput(AbstractTextEditor.java:4177)
	at org.eclipse.ui.texteditor.StatusTextEditor.doSetInput(StatusTextEditor.java:262)
	at org.eclipse.ui.texteditor.AbstractDecoratedTextEditor.doSetInput(AbstractDecoratedTextEditor.java:1489)
	at org.eclipse.ui.editors.text.TextEditor.doSetInput(TextEditor.java:153)
	at org.eclipse.ui.internal.genericeditor.ExtensionBasedTextEditor.doSetInput(ExtensionBasedTextEditor.java:86)
	at org.eclipse.ui.texteditor.AbstractTextEditor.lambda$1(AbstractTextEditor.java:3167)
	at org.eclipse.jface.operation.ModalContext.runInCurrentThread(ModalContext.java:434)
	at org.eclipse.jface.operation.ModalContext.run(ModalContext.java:352)
	at org.eclipse.ui.internal.WorkbenchWindow.lambda$7(WorkbenchWindow.java:2346)
	at org.eclipse.swt.custom.BusyIndicator.showWhile(BusyIndicator.java:67)
	at org.eclipse.ui.internal.WorkbenchWindow.run(WorkbenchWindow.java:2344)
	at org.eclipse.ui.texteditor.AbstractTextEditor.internalInit(AbstractTextEditor.java:3184)
	... 131 common frames omitted
2025-03-21 14:18:20,403 [Worker-1: Updating Maven Dependencies] ERROR o.e.m.j.i.l.MavenLaunchConfigurationListener - Launch configuration App references non-existing project productapp.
org.eclipse.core.runtime.CoreException: Launch configuration App references non-existing project productapp.
	at org.eclipse.jdt.launching.JavaRuntime.abort(JavaRuntime.java:1856)
	at org.eclipse.jdt.launching.JavaRuntime.getJavaProject(JavaRuntime.java:1733)
	at org.eclipse.m2e.jdt.internal.launch.MavenLaunchConfigurationListener.updateLaunchConfiguration(MavenLaunchConfigurationListener.java:64)
	at org.eclipse.m2e.jdt.internal.launch.MavenLaunchConfigurationListener.launchConfigurationChanged(MavenLaunchConfigurationListener.java:50)
	at org.eclipse.debug.internal.core.LaunchManager$ConfigurationNotifier.run(LaunchManager.java:225)
	at org.eclipse.core.runtime.SafeRunner.run(SafeRunner.java:45)
	at org.eclipse.debug.internal.core.LaunchManager$ConfigurationNotifier.notify(LaunchManager.java:209)
	at org.eclipse.debug.internal.core.LaunchConfigurationWorkingCopy.setDirty(LaunchConfigurationWorkingCopy.java:524)
	at org.eclipse.debug.internal.core.LaunchConfigurationWorkingCopy.setAttribute(LaunchConfigurationWorkingCopy.java:412)
	at org.eclipse.m2e.jdt.internal.launch.MavenRuntimeClasspathProvider.disable(MavenRuntimeClasspathProvider.java:410)
	at org.eclipse.m2e.jdt.internal.launch.MavenRuntimeClasspathProvider.disable(MavenRuntimeClasspathProvider.java:436)
	at org.eclipse.m2e.jdt.internal.launch.MavenLaunchConfigurationListener.mavenProjectChanged(MavenLaunchConfigurationListener.java:135)
	at org.eclipse.m2e.core.internal.project.registry.ProjectRegistryManager.notifyProjectChangeListeners(ProjectRegistryManager.java:851)
	at org.eclipse.m2e.core.internal.project.registry.ProjectRegistryManager.applyMutableProjectRegistry(ProjectRegistryManager.java:1004)
	at org.eclipse.m2e.core.internal.project.registry.ProjectRegistryRefreshJob.lambda$0(ProjectRegistryRefreshJob.java:162)
	at org.eclipse.m2e.core.internal.embedder.MavenExecutionContext.executeBare(MavenExecutionContext.java:394)
	at org.eclipse.m2e.core.internal.embedder.MavenExecutionContext.execute(MavenExecutionContext.java:275)
	at org.eclipse.m2e.core.internal.embedder.MavenExecutionContext.execute(MavenExecutionContext.java:214)
	at org.eclipse.m2e.core.internal.project.registry.ProjectRegistryRefreshJob.run(ProjectRegistryRefreshJob.java:106)
	at org.eclipse.core.internal.jobs.Worker.run(Worker.java:63)
2025-03-21 14:18:20,405 [Worker-1: Updating Maven Dependencies] ERROR o.e.m.j.i.l.MavenLaunchConfigurationListener - Launch configuration App references non-existing project productapp.
org.eclipse.core.runtime.CoreException: Launch configuration App references non-existing project productapp.
	at org.eclipse.jdt.launching.JavaRuntime.abort(JavaRuntime.java:1856)
	at org.eclipse.jdt.launching.JavaRuntime.getJavaProject(JavaRuntime.java:1733)
	at org.eclipse.m2e.jdt.internal.launch.MavenLaunchConfigurationListener.updateLaunchConfiguration(MavenLaunchConfigurationListener.java:64)
	at org.eclipse.m2e.jdt.internal.launch.MavenLaunchConfigurationListener.launchConfigurationChanged(MavenLaunchConfigurationListener.java:50)
	at org.eclipse.debug.internal.core.LaunchManager$ConfigurationNotifier.run(LaunchManager.java:225)
	at org.eclipse.core.runtime.SafeRunner.run(SafeRunner.java:45)
	at org.eclipse.debug.internal.core.LaunchManager$ConfigurationNotifier.notify(LaunchManager.java:209)
	at org.eclipse.debug.internal.core.LaunchConfigurationWorkingCopy.setDirty(LaunchConfigurationWorkingCopy.java:524)
	at org.eclipse.debug.internal.core.LaunchConfigurationWorkingCopy.setAttribute(LaunchConfigurationWorkingCopy.java:412)
	at org.eclipse.m2e.jdt.internal.launch.MavenRuntimeClasspathProvider.disable(MavenRuntimeClasspathProvider.java:411)
	at org.eclipse.m2e.jdt.internal.launch.MavenRuntimeClasspathProvider.disable(MavenRuntimeClasspathProvider.java:436)
	at org.eclipse.m2e.jdt.internal.launch.MavenLaunchConfigurationListener.mavenProjectChanged(MavenLaunchConfigurationListener.java:135)
	at org.eclipse.m2e.core.internal.project.registry.ProjectRegistryManager.notifyProjectChangeListeners(ProjectRegistryManager.java:851)
	at org.eclipse.m2e.core.internal.project.registry.ProjectRegistryManager.applyMutableProjectRegistry(ProjectRegistryManager.java:1004)
	at org.eclipse.m2e.core.internal.project.registry.ProjectRegistryRefreshJob.lambda$0(ProjectRegistryRefreshJob.java:162)
	at org.eclipse.m2e.core.internal.embedder.MavenExecutionContext.executeBare(MavenExecutionContext.java:394)
	at org.eclipse.m2e.core.internal.embedder.MavenExecutionContext.execute(MavenExecutionContext.java:275)
	at org.eclipse.m2e.core.internal.embedder.MavenExecutionContext.execute(MavenExecutionContext.java:214)
	at org.eclipse.m2e.core.internal.project.registry.ProjectRegistryRefreshJob.run(ProjectRegistryRefreshJob.java:106)
	at org.eclipse.core.internal.jobs.Worker.run(Worker.java:63)
2025-03-21 14:18:20,424 [Worker-1: Updating Maven Dependencies] ERROR o.e.m.j.i.l.MavenLaunchConfigurationListener - Launch configuration App references non-existing project productapp.
org.eclipse.core.runtime.CoreException: Launch configuration App references non-existing project productapp.
	at org.eclipse.jdt.launching.JavaRuntime.abort(JavaRuntime.java:1856)
	at org.eclipse.jdt.launching.JavaRuntime.getJavaProject(JavaRuntime.java:1733)
	at org.eclipse.m2e.jdt.internal.launch.MavenLaunchConfigurationListener.updateLaunchConfiguration(MavenLaunchConfigurationListener.java:64)
	at org.eclipse.m2e.jdt.internal.launch.MavenLaunchConfigurationListener.launchConfigurationChanged(MavenLaunchConfigurationListener.java:50)
	at org.eclipse.debug.internal.core.LaunchManager$ConfigurationNotifier.run(LaunchManager.java:225)
	at org.eclipse.core.runtime.SafeRunner.run(SafeRunner.java:45)
	at org.eclipse.debug.internal.core.LaunchManager$ConfigurationNotifier.notify(LaunchManager.java:209)
	at org.eclipse.debug.internal.core.LaunchManager.launchConfigurationChanged(LaunchManager.java:2147)
	at org.eclipse.debug.internal.core.LaunchConfigurationWorkingCopy.writeNewFile(LaunchConfigurationWorkingCopy.java:377)
	at org.eclipse.debug.internal.core.LaunchConfigurationWorkingCopy.doSave0(LaunchConfigurationWorkingCopy.java:259)
	at org.eclipse.debug.internal.core.LaunchConfigurationWorkingCopy.doSave(LaunchConfigurationWorkingCopy.java:229)
	at org.eclipse.debug.internal.core.LaunchConfigurationWorkingCopy.doSave(LaunchConfigurationWorkingCopy.java:187)
	at org.eclipse.m2e.jdt.internal.launch.MavenRuntimeClasspathProvider.disable(MavenRuntimeClasspathProvider.java:412)
	at org.eclipse.m2e.jdt.internal.launch.MavenRuntimeClasspathProvider.disable(MavenRuntimeClasspathProvider.java:436)
	at org.eclipse.m2e.jdt.internal.launch.MavenLaunchConfigurationListener.mavenProjectChanged(MavenLaunchConfigurationListener.java:135)
	at org.eclipse.m2e.core.internal.project.registry.ProjectRegistryManager.notifyProjectChangeListeners(ProjectRegistryManager.java:851)
	at org.eclipse.m2e.core.internal.project.registry.ProjectRegistryManager.applyMutableProjectRegistry(ProjectRegistryManager.java:1004)
	at org.eclipse.m2e.core.internal.project.registry.ProjectRegistryRefreshJob.lambda$0(ProjectRegistryRefreshJob.java:162)
	at org.eclipse.m2e.core.internal.embedder.MavenExecutionContext.executeBare(MavenExecutionContext.java:394)
	at org.eclipse.m2e.core.internal.embedder.MavenExecutionContext.execute(MavenExecutionContext.java:275)
	at org.eclipse.m2e.core.internal.embedder.MavenExecutionContext.execute(MavenExecutionContext.java:214)
	at org.eclipse.m2e.core.internal.project.registry.ProjectRegistryRefreshJob.run(ProjectRegistryRefreshJob.java:106)
	at org.eclipse.core.internal.jobs.Worker.run(Worker.java:63)
2025-03-21 14:18:20,426 [Worker-1: Updating Maven Dependencies] ERROR o.e.m.j.i.l.MavenLaunchConfigurationListener - Launch configuration New_configuration references non-existing project productapp.
org.eclipse.core.runtime.CoreException: Launch configuration New_configuration references non-existing project productapp.
	at org.eclipse.jdt.launching.JavaRuntime.abort(JavaRuntime.java:1856)
	at org.eclipse.jdt.launching.JavaRuntime.getJavaProject(JavaRuntime.java:1733)
	at org.eclipse.m2e.jdt.internal.launch.MavenLaunchConfigurationListener.updateLaunchConfiguration(MavenLaunchConfigurationListener.java:64)
	at org.eclipse.m2e.jdt.internal.launch.MavenLaunchConfigurationListener.launchConfigurationChanged(MavenLaunchConfigurationListener.java:50)
	at org.eclipse.debug.internal.core.LaunchManager$ConfigurationNotifier.run(LaunchManager.java:225)
	at org.eclipse.core.runtime.SafeRunner.run(SafeRunner.java:45)
	at org.eclipse.debug.internal.core.LaunchManager$ConfigurationNotifier.notify(LaunchManager.java:209)
	at org.eclipse.debug.internal.core.LaunchConfigurationWorkingCopy.setDirty(LaunchConfigurationWorkingCopy.java:524)
	at org.eclipse.debug.internal.core.LaunchConfigurationWorkingCopy.setAttribute(LaunchConfigurationWorkingCopy.java:412)
	at org.eclipse.m2e.jdt.internal.launch.MavenRuntimeClasspathProvider.disable(MavenRuntimeClasspathProvider.java:410)
	at org.eclipse.m2e.jdt.internal.launch.MavenRuntimeClasspathProvider.disable(MavenRuntimeClasspathProvider.java:436)
	at org.eclipse.m2e.jdt.internal.launch.MavenLaunchConfigurationListener.mavenProjectChanged(MavenLaunchConfigurationListener.java:135)
	at org.eclipse.m2e.core.internal.project.registry.ProjectRegistryManager.notifyProjectChangeListeners(ProjectRegistryManager.java:851)
	at org.eclipse.m2e.core.internal.project.registry.ProjectRegistryManager.applyMutableProjectRegistry(ProjectRegistryManager.java:1004)
	at org.eclipse.m2e.core.internal.project.registry.ProjectRegistryRefreshJob.lambda$0(ProjectRegistryRefreshJob.java:162)
	at org.eclipse.m2e.core.internal.embedder.MavenExecutionContext.executeBare(MavenExecutionContext.java:394)
	at org.eclipse.m2e.core.internal.embedder.MavenExecutionContext.execute(MavenExecutionContext.java:275)
	at org.eclipse.m2e.core.internal.embedder.MavenExecutionContext.execute(MavenExecutionContext.java:214)
	at org.eclipse.m2e.core.internal.project.registry.ProjectRegistryRefreshJob.run(ProjectRegistryRefreshJob.java:106)
	at org.eclipse.core.internal.jobs.Worker.run(Worker.java:63)
2025-03-21 14:18:20,428 [Worker-1: Updating Maven Dependencies] ERROR o.e.m.j.i.l.MavenLaunchConfigurationListener - Launch configuration New_configuration references non-existing project productapp.
org.eclipse.core.runtime.CoreException: Launch configuration New_configuration references non-existing project productapp.
	at org.eclipse.jdt.launching.JavaRuntime.abort(JavaRuntime.java:1856)
	at org.eclipse.jdt.launching.JavaRuntime.getJavaProject(JavaRuntime.java:1733)
	at org.eclipse.m2e.jdt.internal.launch.MavenLaunchConfigurationListener.updateLaunchConfiguration(MavenLaunchConfigurationListener.java:64)
	at org.eclipse.m2e.jdt.internal.launch.MavenLaunchConfigurationListener.launchConfigurationChanged(MavenLaunchConfigurationListener.java:50)
	at org.eclipse.debug.internal.core.LaunchManager$ConfigurationNotifier.run(LaunchManager.java:225)
	at org.eclipse.core.runtime.SafeRunner.run(SafeRunner.java:45)
	at org.eclipse.debug.internal.core.LaunchManager$ConfigurationNotifier.notify(LaunchManager.java:209)
	at org.eclipse.debug.internal.core.LaunchConfigurationWorkingCopy.setDirty(LaunchConfigurationWorkingCopy.java:524)
	at org.eclipse.debug.internal.core.LaunchConfigurationWorkingCopy.setAttribute(LaunchConfigurationWorkingCopy.java:412)
	at org.eclipse.m2e.jdt.internal.launch.MavenRuntimeClasspathProvider.disable(MavenRuntimeClasspathProvider.java:411)
	at org.eclipse.m2e.jdt.internal.launch.MavenRuntimeClasspathProvider.disable(MavenRuntimeClasspathProvider.java:436)
	at org.eclipse.m2e.jdt.internal.launch.MavenLaunchConfigurationListener.mavenProjectChanged(MavenLaunchConfigurationListener.java:135)
	at org.eclipse.m2e.core.internal.project.registry.ProjectRegistryManager.notifyProjectChangeListeners(ProjectRegistryManager.java:851)
	at org.eclipse.m2e.core.internal.project.registry.ProjectRegistryManager.applyMutableProjectRegistry(ProjectRegistryManager.java:1004)
	at org.eclipse.m2e.core.internal.project.registry.ProjectRegistryRefreshJob.lambda$0(ProjectRegistryRefreshJob.java:162)
	at org.eclipse.m2e.core.internal.embedder.MavenExecutionContext.executeBare(MavenExecutionContext.java:394)
	at org.eclipse.m2e.core.internal.embedder.MavenExecutionContext.execute(MavenExecutionContext.java:275)
	at org.eclipse.m2e.core.internal.embedder.MavenExecutionContext.execute(MavenExecutionContext.java:214)
	at org.eclipse.m2e.core.internal.project.registry.ProjectRegistryRefreshJob.run(ProjectRegistryRefreshJob.java:106)
	at org.eclipse.core.internal.jobs.Worker.run(Worker.java:63)
2025-03-21 14:18:20,449 [Worker-1: Updating Maven Dependencies] ERROR o.e.m.j.i.l.MavenLaunchConfigurationListener - Launch configuration New_configuration references non-existing project productapp.
org.eclipse.core.runtime.CoreException: Launch configuration New_configuration references non-existing project productapp.
	at org.eclipse.jdt.launching.JavaRuntime.abort(JavaRuntime.java:1856)
	at org.eclipse.jdt.launching.JavaRuntime.getJavaProject(JavaRuntime.java:1733)
	at org.eclipse.m2e.jdt.internal.launch.MavenLaunchConfigurationListener.updateLaunchConfiguration(MavenLaunchConfigurationListener.java:64)
	at org.eclipse.m2e.jdt.internal.launch.MavenLaunchConfigurationListener.launchConfigurationChanged(MavenLaunchConfigurationListener.java:50)
	at org.eclipse.debug.internal.core.LaunchManager$ConfigurationNotifier.run(LaunchManager.java:225)
	at org.eclipse.core.runtime.SafeRunner.run(SafeRunner.java:45)
	at org.eclipse.debug.internal.core.LaunchManager$ConfigurationNotifier.notify(LaunchManager.java:209)
	at org.eclipse.debug.internal.core.LaunchManager.launchConfigurationChanged(LaunchManager.java:2147)
	at org.eclipse.debug.internal.core.LaunchConfigurationWorkingCopy.writeNewFile(LaunchConfigurationWorkingCopy.java:377)
	at org.eclipse.debug.internal.core.LaunchConfigurationWorkingCopy.doSave0(LaunchConfigurationWorkingCopy.java:259)
	at org.eclipse.debug.internal.core.LaunchConfigurationWorkingCopy.doSave(LaunchConfigurationWorkingCopy.java:229)
	at org.eclipse.debug.internal.core.LaunchConfigurationWorkingCopy.doSave(LaunchConfigurationWorkingCopy.java:187)
	at org.eclipse.m2e.jdt.internal.launch.MavenRuntimeClasspathProvider.disable(MavenRuntimeClasspathProvider.java:412)
	at org.eclipse.m2e.jdt.internal.launch.MavenRuntimeClasspathProvider.disable(MavenRuntimeClasspathProvider.java:436)
	at org.eclipse.m2e.jdt.internal.launch.MavenLaunchConfigurationListener.mavenProjectChanged(MavenLaunchConfigurationListener.java:135)
	at org.eclipse.m2e.core.internal.project.registry.ProjectRegistryManager.notifyProjectChangeListeners(ProjectRegistryManager.java:851)
	at org.eclipse.m2e.core.internal.project.registry.ProjectRegistryManager.applyMutableProjectRegistry(ProjectRegistryManager.java:1004)
	at org.eclipse.m2e.core.internal.project.registry.ProjectRegistryRefreshJob.lambda$0(ProjectRegistryRefreshJob.java:162)
	at org.eclipse.m2e.core.internal.embedder.MavenExecutionContext.executeBare(MavenExecutionContext.java:394)
	at org.eclipse.m2e.core.internal.embedder.MavenExecutionContext.execute(MavenExecutionContext.java:275)
	at org.eclipse.m2e.core.internal.embedder.MavenExecutionContext.execute(MavenExecutionContext.java:214)
	at org.eclipse.m2e.core.internal.project.registry.ProjectRegistryRefreshJob.run(ProjectRegistryRefreshJob.java:106)
	at org.eclipse.core.internal.jobs.Worker.run(Worker.java:63)
2025-03-21 14:19:10,097 [Worker-15: Importing Maven projects] INFO  o.e.m.c.i.e.AbstractTransferListenerAdapter - Downloading https://repo.maven.apache.org/maven2/org/springframework/boot/spring-boot-starter-parent/3.4.4/spring-boot-starter-parent-3.4.4.pom
2025-03-21 14:19:10,356 [Worker-15: Importing Maven projects] INFO  o.e.m.c.i.e.AbstractTransferListenerAdapter - Downloaded https://repo.maven.apache.org/maven2/org/springframework/boot/spring-boot-starter-parent/3.4.4/spring-boot-starter-parent-3.4.4.pom
2025-03-21 14:19:10,447 [Worker-15: Importing Maven projects] INFO  o.e.m.c.i.e.AbstractTransferListenerAdapter - Downloading https://repo.maven.apache.org/maven2/org/springframework/boot/spring-boot-dependencies/3.4.4/spring-boot-dependencies-3.4.4.pom
2025-03-21 14:19:10,865 [Worker-15: Importing Maven projects] INFO  o.e.m.c.i.e.AbstractTransferListenerAdapter - Downloaded https://repo.maven.apache.org/maven2/org/springframework/boot/spring-boot-dependencies/3.4.4/spring-boot-dependencies-3.4.4.pom
2025-03-21 14:19:11,018 [Worker-15: Importing Maven projects] INFO  o.e.m.c.i.e.AbstractTransferListenerAdapter - Downloading https://repo.maven.apache.org/maven2/org/apache/activemq/activemq-bom/6.1.6/activemq-bom-6.1.6.pom
2025-03-21 14:19:11,158 [Worker-15: Importing Maven projects] INFO  o.e.m.c.i.e.AbstractTransferListenerAdapter - Downloaded https://repo.maven.apache.org/maven2/org/apache/activemq/activemq-bom/6.1.6/activemq-bom-6.1.6.pom
2025-03-21 14:19:11,313 [Worker-15: Importing Maven projects] INFO  o.e.m.c.i.e.AbstractTransferListenerAdapter - Downloading https://repo.maven.apache.org/maven2/org/apache/groovy/groovy-bom/4.0.26/groovy-bom-4.0.26.pom
2025-03-21 14:19:11,427 [Worker-15: Importing Maven projects] INFO  o.e.m.c.i.e.AbstractTransferListenerAdapter - Downloaded https://repo.maven.apache.org/maven2/org/apache/groovy/groovy-bom/4.0.26/groovy-bom-4.0.26.pom
2025-03-21 14:19:11,531 [Worker-15: Importing Maven projects] INFO  o.e.m.c.i.e.AbstractTransferListenerAdapter - Downloading https://repo.maven.apache.org/maven2/org/infinispan/infinispan-bom/15.0.14.Final/infinispan-bom-15.0.14.Final.pom
2025-03-21 14:19:11,637 [Worker-15: Importing Maven projects] INFO  o.e.m.c.i.e.AbstractTransferListenerAdapter - Downloaded https://repo.maven.apache.org/maven2/org/infinispan/infinispan-bom/15.0.14.Final/infinispan-bom-15.0.14.Final.pom
2025-03-21 14:19:11,783 [Worker-15: Importing Maven projects] INFO  o.e.m.c.i.e.AbstractTransferListenerAdapter - Downloading https://repo.maven.apache.org/maven2/org/infinispan/infinispan-build-configuration-parent/15.0.14.Final/infinispan-build-configuration-parent-15.0.14.Final.pom
2025-03-21 14:19:11,897 [Worker-15: Importing Maven projects] INFO  o.e.m.c.i.e.AbstractTransferListenerAdapter - Downloaded https://repo.maven.apache.org/maven2/org/infinispan/infinispan-build-configuration-parent/15.0.14.Final/infinispan-build-configuration-parent-15.0.14.Final.pom
2025-03-21 14:19:12,063 [Worker-15: Importing Maven projects] INFO  o.e.m.c.i.e.AbstractTransferListenerAdapter - Downloading https://repo.maven.apache.org/maven2/org/eclipse/jetty/ee10/jetty-ee10-bom/12.0.18/jetty-ee10-bom-12.0.18.pom
2025-03-21 14:19:12,194 [Worker-15: Importing Maven projects] INFO  o.e.m.c.i.e.AbstractTransferListenerAdapter - Downloaded https://repo.maven.apache.org/maven2/org/eclipse/jetty/ee10/jetty-ee10-bom/12.0.18/jetty-ee10-bom-12.0.18.pom
2025-03-21 14:19:12,234 [Worker-15: Importing Maven projects] INFO  o.e.m.c.i.e.AbstractTransferListenerAdapter - Downloading https://repo.maven.apache.org/maven2/org/eclipse/jetty/jetty-bom/12.0.18/jetty-bom-12.0.18.pom
2025-03-21 14:19:12,349 [Worker-15: Importing Maven projects] INFO  o.e.m.c.i.e.AbstractTransferListenerAdapter - Downloaded https://repo.maven.apache.org/maven2/org/eclipse/jetty/jetty-bom/12.0.18/jetty-bom-12.0.18.pom
2025-03-21 14:19:12,421 [Worker-15: Importing Maven projects] INFO  o.e.m.c.i.e.AbstractTransferListenerAdapter - Downloading https://repo.maven.apache.org/maven2/io/netty/netty-bom/4.1.119.Final/netty-bom-4.1.119.Final.pom
2025-03-21 14:19:12,550 [Worker-15: Importing Maven projects] INFO  o.e.m.c.i.e.AbstractTransferListenerAdapter - Downloaded https://repo.maven.apache.org/maven2/io/netty/netty-bom/4.1.119.Final/netty-bom-4.1.119.Final.pom
2025-03-21 14:19:12,656 [Worker-15: Importing Maven projects] INFO  o.e.m.c.i.e.AbstractTransferListenerAdapter - Downloading https://repo.maven.apache.org/maven2/org/apache/pulsar/pulsar-bom/3.3.5/pulsar-bom-3.3.5.pom
2025-03-21 14:19:12,781 [Worker-15: Importing Maven projects] INFO  o.e.m.c.i.e.AbstractTransferListenerAdapter - Downloaded https://repo.maven.apache.org/maven2/org/apache/pulsar/pulsar-bom/3.3.5/pulsar-bom-3.3.5.pom
2025-03-21 14:19:12,872 [Worker-15: Importing Maven projects] INFO  o.e.m.c.i.e.AbstractTransferListenerAdapter - Downloading https://repo.maven.apache.org/maven2/org/springframework/amqp/spring-amqp-bom/3.2.4/spring-amqp-bom-3.2.4.pom
2025-03-21 14:19:12,971 [Worker-15: Importing Maven projects] INFO  o.e.m.c.i.e.AbstractTransferListenerAdapter - Downloaded https://repo.maven.apache.org/maven2/org/springframework/amqp/spring-amqp-bom/3.2.4/spring-amqp-bom-3.2.4.pom
2025-03-21 14:19:13,048 [Worker-15: Importing Maven projects] INFO  o.e.m.c.i.e.AbstractTransferListenerAdapter - Downloading https://repo.maven.apache.org/maven2/org/springframework/batch/spring-batch-bom/5.2.2/spring-batch-bom-5.2.2.pom
2025-03-21 14:19:13,163 [Worker-15: Importing Maven projects] INFO  o.e.m.c.i.e.AbstractTransferListenerAdapter - Downloaded https://repo.maven.apache.org/maven2/org/springframework/batch/spring-batch-bom/5.2.2/spring-batch-bom-5.2.2.pom
2025-03-21 14:19:13,263 [Worker-15: Importing Maven projects] INFO  o.e.m.c.i.e.AbstractTransferListenerAdapter - Downloading https://repo.maven.apache.org/maven2/org/springframework/data/spring-data-bom/2024.1.4/spring-data-bom-2024.1.4.pom
2025-03-21 14:19:13,380 [Worker-15: Importing Maven projects] INFO  o.e.m.c.i.e.AbstractTransferListenerAdapter - Downloaded https://repo.maven.apache.org/maven2/org/springframework/data/spring-data-bom/2024.1.4/spring-data-bom-2024.1.4.pom
2025-03-21 14:19:13,466 [Worker-15: Importing Maven projects] INFO  o.e.m.c.i.e.AbstractTransferListenerAdapter - Downloading https://repo.maven.apache.org/maven2/org/springframework/spring-framework-bom/6.2.5/spring-framework-bom-6.2.5.pom
2025-03-21 14:19:13,607 [Worker-15: Importing Maven projects] INFO  o.e.m.c.i.e.AbstractTransferListenerAdapter - Downloaded https://repo.maven.apache.org/maven2/org/springframework/spring-framework-bom/6.2.5/spring-framework-bom-6.2.5.pom
2025-03-21 14:19:13,684 [Worker-15: Importing Maven projects] INFO  o.e.m.c.i.e.AbstractTransferListenerAdapter - Downloading https://repo.maven.apache.org/maven2/org/springframework/integration/spring-integration-bom/6.4.3/spring-integration-bom-6.4.3.pom
2025-03-21 14:19:13,807 [Worker-15: Importing Maven projects] INFO  o.e.m.c.i.e.AbstractTransferListenerAdapter - Downloaded https://repo.maven.apache.org/maven2/org/springframework/integration/spring-integration-bom/6.4.3/spring-integration-bom-6.4.3.pom
2025-03-21 14:19:13,891 [Worker-15: Importing Maven projects] INFO  o.e.m.c.i.e.AbstractTransferListenerAdapter - Downloading https://repo.maven.apache.org/maven2/org/springframework/pulsar/spring-pulsar-bom/1.2.4/spring-pulsar-bom-1.2.4.pom
2025-03-21 14:19:14,023 [Worker-15: Importing Maven projects] INFO  o.e.m.c.i.e.AbstractTransferListenerAdapter - Downloaded https://repo.maven.apache.org/maven2/org/springframework/pulsar/spring-pulsar-bom/1.2.4/spring-pulsar-bom-1.2.4.pom
2025-03-21 14:19:14,111 [Worker-15: Importing Maven projects] INFO  o.e.m.c.i.e.AbstractTransferListenerAdapter - Downloading https://repo.maven.apache.org/maven2/org/springframework/security/spring-security-bom/6.4.4/spring-security-bom-6.4.4.pom
2025-03-21 14:19:14,193 [Worker-15: Importing Maven projects] INFO  o.e.m.c.i.e.AbstractTransferListenerAdapter - Downloaded https://repo.maven.apache.org/maven2/org/springframework/security/spring-security-bom/6.4.4/spring-security-bom-6.4.4.pom
2025-03-21 14:19:14,282 [Worker-15: Importing Maven projects] INFO  o.e.m.c.i.e.AbstractTransferListenerAdapter - Downloading https://repo.maven.apache.org/maven2/org/springframework/ws/spring-ws-bom/4.0.12/spring-ws-bom-4.0.12.pom
2025-03-21 14:19:14,385 [Worker-15: Importing Maven projects] INFO  o.e.m.c.i.e.AbstractTransferListenerAdapter - Downloaded https://repo.maven.apache.org/maven2/org/springframework/ws/spring-ws-bom/4.0.12/spring-ws-bom-4.0.12.pom
2025-03-21 14:19:15,125 [Worker-15: Importing Maven projects] INFO  o.e.m.c.i.e.AbstractTransferListenerAdapter - Downloading https://repo.maven.apache.org/maven2/org/springframework/boot/spring-boot-maven-plugin/3.4.4/spring-boot-maven-plugin-3.4.4.pom
2025-03-21 14:19:15,238 [Worker-15: Importing Maven projects] INFO  o.e.m.c.i.e.AbstractTransferListenerAdapter - Downloaded https://repo.maven.apache.org/maven2/org/springframework/boot/spring-boot-maven-plugin/3.4.4/spring-boot-maven-plugin-3.4.4.pom
2025-03-21 14:19:15,327 [Worker-15: Importing Maven projects] INFO  o.e.m.c.i.e.AbstractTransferListenerAdapter - Downloading https://repo.maven.apache.org/maven2/org/springframework/boot/spring-boot-maven-plugin/3.4.4/spring-boot-maven-plugin-3.4.4.jar
2025-03-21 14:19:15,638 [Worker-15: Importing Maven projects] INFO  o.e.m.c.i.e.AbstractTransferListenerAdapter - Downloaded https://repo.maven.apache.org/maven2/org/springframework/boot/spring-boot-maven-plugin/3.4.4/spring-boot-maven-plugin-3.4.4.jar
2025-03-21 14:19:16,114 [Worker-15: Importing Maven projects] INFO  o.e.m.c.i.e.AbstractTransferListenerAdapter - Downloading https://repo.maven.apache.org/maven2/org/apache/maven/plugins/maven-install-plugin/3.1.4/maven-install-plugin-3.1.4.jar
2025-03-21 14:19:16,294 [Worker-15: Importing Maven projects] INFO  o.e.m.c.i.e.AbstractTransferListenerAdapter - Downloaded https://repo.maven.apache.org/maven2/org/apache/maven/plugins/maven-install-plugin/3.1.4/maven-install-plugin-3.1.4.jar
2025-03-21 14:19:16,453 [Worker-15: Importing Maven projects] INFO  o.e.m.c.i.e.AbstractTransferListenerAdapter - Downloading https://repo.maven.apache.org/maven2/org/apache/maven/plugins/maven-deploy-plugin/3.1.4/maven-deploy-plugin-3.1.4.jar
2025-03-21 14:19:16,674 [Worker-15: Importing Maven projects] INFO  o.e.m.c.i.e.AbstractTransferListenerAdapter - Downloaded https://repo.maven.apache.org/maven2/org/apache/maven/plugins/maven-deploy-plugin/3.1.4/maven-deploy-plugin-3.1.4.jar
2025-03-21 14:19:17,783 [Worker-15: Importing Maven projects] INFO  o.e.m.c.i.l.LifecycleMappingFactory - Using org.eclipse.m2e.jdt.JarLifecycleMapping lifecycle mapping for MavenProject: com.training.springapp:productapp:0.0.1-SNAPSHOT @ C:\Users\butke\Downloads\productapp\productapp\pom.xml.
2025-03-21 14:19:17,849 [Worker-15: Importing Maven projects] INFO  o.e.m.c.i.e.AbstractTransferListenerAdapter - Downloading https://repo.maven.apache.org/maven2/org/springframework/boot/spring-boot-starter-web/3.4.4/spring-boot-starter-web-3.4.4.pom
2025-03-21 14:19:18,000 [Worker-15: Importing Maven projects] INFO  o.e.m.c.i.e.AbstractTransferListenerAdapter - Downloaded https://repo.maven.apache.org/maven2/org/springframework/boot/spring-boot-starter-web/3.4.4/spring-boot-starter-web-3.4.4.pom
2025-03-21 14:19:18,085 [Worker-15: Importing Maven projects] INFO  o.e.m.c.i.e.AbstractTransferListenerAdapter - Downloading https://repo.maven.apache.org/maven2/org/springframework/boot/spring-boot-starter/3.4.4/spring-boot-starter-3.4.4.pom
2025-03-21 14:19:18,183 [Worker-15: Importing Maven projects] INFO  o.e.m.c.i.e.AbstractTransferListenerAdapter - Downloaded https://repo.maven.apache.org/maven2/org/springframework/boot/spring-boot-starter/3.4.4/spring-boot-starter-3.4.4.pom
2025-03-21 14:19:18,260 [Worker-15: Importing Maven projects] INFO  o.e.m.c.i.e.AbstractTransferListenerAdapter - Downloading https://repo.maven.apache.org/maven2/org/springframework/boot/spring-boot/3.4.4/spring-boot-3.4.4.pom
2025-03-21 14:19:18,354 [Worker-15: Importing Maven projects] INFO  o.e.m.c.i.e.AbstractTransferListenerAdapter - Downloaded https://repo.maven.apache.org/maven2/org/springframework/boot/spring-boot/3.4.4/spring-boot-3.4.4.pom
2025-03-21 14:19:18,413 [Worker-15: Importing Maven projects] INFO  o.e.m.c.i.e.AbstractTransferListenerAdapter - Downloading https://repo.maven.apache.org/maven2/org/springframework/spring-core/6.2.5/spring-core-6.2.5.pom
2025-03-21 14:19:18,528 [Worker-15: Importing Maven projects] INFO  o.e.m.c.i.e.AbstractTransferListenerAdapter - Downloaded https://repo.maven.apache.org/maven2/org/springframework/spring-core/6.2.5/spring-core-6.2.5.pom
2025-03-21 14:19:18,601 [Worker-15: Importing Maven projects] INFO  o.e.m.c.i.e.AbstractTransferListenerAdapter - Downloading https://repo.maven.apache.org/maven2/org/springframework/spring-jcl/6.2.5/spring-jcl-6.2.5.pom
2025-03-21 14:19:18,713 [Worker-15: Importing Maven projects] INFO  o.e.m.c.i.e.AbstractTransferListenerAdapter - Downloaded https://repo.maven.apache.org/maven2/org/springframework/spring-jcl/6.2.5/spring-jcl-6.2.5.pom
2025-03-21 14:19:18,775 [Worker-15: Importing Maven projects] INFO  o.e.m.c.i.e.AbstractTransferListenerAdapter - Downloading https://repo.maven.apache.org/maven2/org/springframework/spring-context/6.2.5/spring-context-6.2.5.pom
2025-03-21 14:19:18,868 [Worker-15: Importing Maven projects] INFO  o.e.m.c.i.e.AbstractTransferListenerAdapter - Downloaded https://repo.maven.apache.org/maven2/org/springframework/spring-context/6.2.5/spring-context-6.2.5.pom
2025-03-21 14:19:18,983 [Worker-15: Importing Maven projects] INFO  o.e.m.c.i.e.AbstractTransferListenerAdapter - Downloading https://repo.maven.apache.org/maven2/org/springframework/spring-aop/6.2.5/spring-aop-6.2.5.pom
2025-03-21 14:19:19,140 [Worker-15: Importing Maven projects] INFO  o.e.m.c.i.e.AbstractTransferListenerAdapter - Downloaded https://repo.maven.apache.org/maven2/org/springframework/spring-aop/6.2.5/spring-aop-6.2.5.pom
2025-03-21 14:19:19,241 [Worker-15: Importing Maven projects] INFO  o.e.m.c.i.e.AbstractTransferListenerAdapter - Downloading https://repo.maven.apache.org/maven2/org/springframework/spring-beans/6.2.5/spring-beans-6.2.5.pom
2025-03-21 14:19:19,328 [Worker-15: Importing Maven projects] INFO  o.e.m.c.i.e.AbstractTransferListenerAdapter - Downloaded https://repo.maven.apache.org/maven2/org/springframework/spring-beans/6.2.5/spring-beans-6.2.5.pom
2025-03-21 14:19:19,446 [Worker-15: Importing Maven projects] INFO  o.e.m.c.i.e.AbstractTransferListenerAdapter - Downloading https://repo.maven.apache.org/maven2/org/springframework/spring-expression/6.2.5/spring-expression-6.2.5.pom
2025-03-21 14:19:19,544 [Worker-15: Importing Maven projects] INFO  o.e.m.c.i.e.AbstractTransferListenerAdapter - Downloaded https://repo.maven.apache.org/maven2/org/springframework/spring-expression/6.2.5/spring-expression-6.2.5.pom
2025-03-21 14:19:19,649 [Worker-15: Importing Maven projects] INFO  o.e.m.c.i.e.AbstractTransferListenerAdapter - Downloading https://repo.maven.apache.org/maven2/org/springframework/boot/spring-boot-autoconfigure/3.4.4/spring-boot-autoconfigure-3.4.4.pom
2025-03-21 14:19:19,769 [Worker-15: Importing Maven projects] INFO  o.e.m.c.i.e.AbstractTransferListenerAdapter - Downloaded https://repo.maven.apache.org/maven2/org/springframework/boot/spring-boot-autoconfigure/3.4.4/spring-boot-autoconfigure-3.4.4.pom
2025-03-21 14:19:19,822 [Worker-15: Importing Maven projects] INFO  o.e.m.c.i.e.AbstractTransferListenerAdapter - Downloading https://repo.maven.apache.org/maven2/org/springframework/boot/spring-boot-starter-logging/3.4.4/spring-boot-starter-logging-3.4.4.pom
2025-03-21 14:19:19,931 [Worker-15: Importing Maven projects] INFO  o.e.m.c.i.e.AbstractTransferListenerAdapter - Downloaded https://repo.maven.apache.org/maven2/org/springframework/boot/spring-boot-starter-logging/3.4.4/spring-boot-starter-logging-3.4.4.pom
2025-03-21 14:19:19,992 [Worker-15: Importing Maven projects] INFO  o.e.m.c.i.e.AbstractTransferListenerAdapter - Downloading https://repo.maven.apache.org/maven2/ch/qos/logback/logback-classic/1.5.18/logback-classic-1.5.18.pom
2025-03-21 14:19:20,141 [Worker-15: Importing Maven projects] INFO  o.e.m.c.i.e.AbstractTransferListenerAdapter - Downloaded https://repo.maven.apache.org/maven2/ch/qos/logback/logback-classic/1.5.18/logback-classic-1.5.18.pom
2025-03-21 14:19:20,198 [Worker-15: Importing Maven projects] INFO  o.e.m.c.i.e.AbstractTransferListenerAdapter - Downloading https://repo.maven.apache.org/maven2/ch/qos/logback/logback-parent/1.5.18/logback-parent-1.5.18.pom
2025-03-21 14:19:20,354 [Worker-15: Importing Maven projects] INFO  o.e.m.c.i.e.AbstractTransferListenerAdapter - Downloaded https://repo.maven.apache.org/maven2/ch/qos/logback/logback-parent/1.5.18/logback-parent-1.5.18.pom
2025-03-21 14:19:20,398 [Worker-15: Importing Maven projects] INFO  o.e.m.c.i.e.AbstractTransferListenerAdapter - Downloading https://repo.maven.apache.org/maven2/ch/qos/logback/logback-core/1.5.18/logback-core-1.5.18.pom
2025-03-21 14:19:20,526 [Worker-15: Importing Maven projects] INFO  o.e.m.c.i.e.AbstractTransferListenerAdapter - Downloaded https://repo.maven.apache.org/maven2/ch/qos/logback/logback-core/1.5.18/logback-core-1.5.18.pom
2025-03-21 14:19:20,648 [Worker-15: Importing Maven projects] INFO  o.e.m.c.i.e.AbstractTransferListenerAdapter - Downloading https://repo.maven.apache.org/maven2/org/slf4j/slf4j-api/2.0.17/slf4j-api-2.0.17.pom
2025-03-21 14:19:20,745 [Worker-15: Importing Maven projects] INFO  o.e.m.c.i.e.AbstractTransferListenerAdapter - Downloaded https://repo.maven.apache.org/maven2/org/slf4j/slf4j-api/2.0.17/slf4j-api-2.0.17.pom
2025-03-21 14:19:20,820 [Worker-15: Importing Maven projects] INFO  o.e.m.c.i.e.AbstractTransferListenerAdapter - Downloading https://repo.maven.apache.org/maven2/org/slf4j/slf4j-parent/2.0.17/slf4j-parent-2.0.17.pom
2025-03-21 14:19:20,949 [Worker-15: Importing Maven projects] INFO  o.e.m.c.i.e.AbstractTransferListenerAdapter - Downloaded https://repo.maven.apache.org/maven2/org/slf4j/slf4j-parent/2.0.17/slf4j-parent-2.0.17.pom
2025-03-21 14:19:21,163 [Worker-15: Importing Maven projects] INFO  o.e.m.c.i.e.AbstractTransferListenerAdapter - Downloading https://repo.maven.apache.org/maven2/org/slf4j/slf4j-bom/2.0.17/slf4j-bom-2.0.17.pom
2025-03-21 14:19:21,292 [Worker-15: Importing Maven projects] INFO  o.e.m.c.i.e.AbstractTransferListenerAdapter - Downloaded https://repo.maven.apache.org/maven2/org/slf4j/slf4j-bom/2.0.17/slf4j-bom-2.0.17.pom
2025-03-21 14:19:21,481 [Worker-15: Importing Maven projects] INFO  o.e.m.c.i.e.AbstractTransferListenerAdapter - Downloading https://repo.maven.apache.org/maven2/org/slf4j/jul-to-slf4j/2.0.17/jul-to-slf4j-2.0.17.pom
2025-03-21 14:19:21,597 [Worker-15: Importing Maven projects] INFO  o.e.m.c.i.e.AbstractTransferListenerAdapter - Downloaded https://repo.maven.apache.org/maven2/org/slf4j/jul-to-slf4j/2.0.17/jul-to-slf4j-2.0.17.pom
2025-03-21 14:19:21,679 [Worker-15: Importing Maven projects] INFO  o.e.m.c.i.e.AbstractTransferListenerAdapter - Downloading https://repo.maven.apache.org/maven2/org/springframework/boot/spring-boot-starter-json/3.4.4/spring-boot-starter-json-3.4.4.pom
2025-03-21 14:19:21,783 [Worker-15: Importing Maven projects] INFO  o.e.m.c.i.e.AbstractTransferListenerAdapter - Downloaded https://repo.maven.apache.org/maven2/org/springframework/boot/spring-boot-starter-json/3.4.4/spring-boot-starter-json-3.4.4.pom
2025-03-21 14:19:21,866 [Worker-15: Importing Maven projects] INFO  o.e.m.c.i.e.AbstractTransferListenerAdapter - Downloading https://repo.maven.apache.org/maven2/org/springframework/spring-web/6.2.5/spring-web-6.2.5.pom
2025-03-21 14:19:21,965 [Worker-15: Importing Maven projects] INFO  o.e.m.c.i.e.AbstractTransferListenerAdapter - Downloaded https://repo.maven.apache.org/maven2/org/springframework/spring-web/6.2.5/spring-web-6.2.5.pom
2025-03-21 14:19:22,102 [Worker-15: Importing Maven projects] INFO  o.e.m.c.i.e.AbstractTransferListenerAdapter - Downloading https://repo.maven.apache.org/maven2/com/fasterxml/jackson/core/jackson-databind/2.18.3/jackson-databind-2.18.3.pom
2025-03-21 14:19:22,187 [Worker-15: Importing Maven projects] INFO  o.e.m.c.i.e.AbstractTransferListenerAdapter - Downloaded https://repo.maven.apache.org/maven2/com/fasterxml/jackson/core/jackson-databind/2.18.3/jackson-databind-2.18.3.pom
2025-03-21 14:19:22,262 [Worker-15: Importing Maven projects] INFO  o.e.m.c.i.e.AbstractTransferListenerAdapter - Downloading https://repo.maven.apache.org/maven2/com/fasterxml/jackson/jackson-base/2.18.3/jackson-base-2.18.3.pom
2025-03-21 14:19:22,360 [Worker-15: Importing Maven projects] INFO  o.e.m.c.i.e.AbstractTransferListenerAdapter - Downloaded https://repo.maven.apache.org/maven2/com/fasterxml/jackson/jackson-base/2.18.3/jackson-base-2.18.3.pom
2025-03-21 14:19:22,433 [Worker-15: Importing Maven projects] INFO  o.e.m.c.i.e.AbstractTransferListenerAdapter - Downloading https://repo.maven.apache.org/maven2/com/fasterxml/jackson/core/jackson-annotations/2.18.3/jackson-annotations-2.18.3.pom
2025-03-21 14:19:22,547 [Worker-15: Importing Maven projects] INFO  o.e.m.c.i.e.AbstractTransferListenerAdapter - Downloaded https://repo.maven.apache.org/maven2/com/fasterxml/jackson/core/jackson-annotations/2.18.3/jackson-annotations-2.18.3.pom
2025-03-21 14:19:22,623 [Worker-15: Importing Maven projects] INFO  o.e.m.c.i.e.AbstractTransferListenerAdapter - Downloading https://repo.maven.apache.org/maven2/com/fasterxml/jackson/core/jackson-core/2.18.3/jackson-core-2.18.3.pom
2025-03-21 14:19:22,733 [Worker-15: Importing Maven projects] INFO  o.e.m.c.i.e.AbstractTransferListenerAdapter - Downloaded https://repo.maven.apache.org/maven2/com/fasterxml/jackson/core/jackson-core/2.18.3/jackson-core-2.18.3.pom
2025-03-21 14:19:22,793 [Worker-15: Importing Maven projects] INFO  o.e.m.c.i.e.AbstractTransferListenerAdapter - Downloading https://repo.maven.apache.org/maven2/com/fasterxml/jackson/datatype/jackson-datatype-jdk8/2.18.3/jackson-datatype-jdk8-2.18.3.pom
2025-03-21 14:19:22,907 [Worker-15: Importing Maven projects] INFO  o.e.m.c.i.e.AbstractTransferListenerAdapter - Downloaded https://repo.maven.apache.org/maven2/com/fasterxml/jackson/datatype/jackson-datatype-jdk8/2.18.3/jackson-datatype-jdk8-2.18.3.pom
2025-03-21 14:19:22,980 [Worker-15: Importing Maven projects] INFO  o.e.m.c.i.e.AbstractTransferListenerAdapter - Downloading https://repo.maven.apache.org/maven2/com/fasterxml/jackson/module/jackson-modules-java8/2.18.3/jackson-modules-java8-2.18.3.pom
2025-03-21 14:19:23,107 [Worker-15: Importing Maven projects] INFO  o.e.m.c.i.e.AbstractTransferListenerAdapter - Downloaded https://repo.maven.apache.org/maven2/com/fasterxml/jackson/module/jackson-modules-java8/2.18.3/jackson-modules-java8-2.18.3.pom
2025-03-21 14:19:23,204 [Worker-15: Importing Maven projects] INFO  o.e.m.c.i.e.AbstractTransferListenerAdapter - Downloading https://repo.maven.apache.org/maven2/com/fasterxml/jackson/datatype/jackson-datatype-jsr310/2.18.3/jackson-datatype-jsr310-2.18.3.pom
2025-03-21 14:19:23,319 [Worker-15: Importing Maven projects] INFO  o.e.m.c.i.e.AbstractTransferListenerAdapter - Downloaded https://repo.maven.apache.org/maven2/com/fasterxml/jackson/datatype/jackson-datatype-jsr310/2.18.3/jackson-datatype-jsr310-2.18.3.pom
2025-03-21 14:19:23,390 [Worker-15: Importing Maven projects] INFO  o.e.m.c.i.e.AbstractTransferListenerAdapter - Downloading https://repo.maven.apache.org/maven2/com/fasterxml/jackson/module/jackson-module-parameter-names/2.18.3/jackson-module-parameter-names-2.18.3.pom
2025-03-21 14:19:23,509 [Worker-15: Importing Maven projects] INFO  o.e.m.c.i.e.AbstractTransferListenerAdapter - Downloaded https://repo.maven.apache.org/maven2/com/fasterxml/jackson/module/jackson-module-parameter-names/2.18.3/jackson-module-parameter-names-2.18.3.pom
2025-03-21 14:19:23,580 [Worker-15: Importing Maven projects] INFO  o.e.m.c.i.e.AbstractTransferListenerAdapter - Downloading https://repo.maven.apache.org/maven2/org/springframework/boot/spring-boot-starter-tomcat/3.4.4/spring-boot-starter-tomcat-3.4.4.pom
2025-03-21 14:19:23,678 [Worker-15: Importing Maven projects] INFO  o.e.m.c.i.e.AbstractTransferListenerAdapter - Downloaded https://repo.maven.apache.org/maven2/org/springframework/boot/spring-boot-starter-tomcat/3.4.4/spring-boot-starter-tomcat-3.4.4.pom
2025-03-21 14:19:23,736 [Worker-15: Importing Maven projects] INFO  o.e.m.c.i.e.AbstractTransferListenerAdapter - Downloading https://repo.maven.apache.org/maven2/org/apache/tomcat/embed/tomcat-embed-core/10.1.39/tomcat-embed-core-10.1.39.pom
2025-03-21 14:19:23,819 [Worker-15: Importing Maven projects] INFO  o.e.m.c.i.e.AbstractTransferListenerAdapter - Downloaded https://repo.maven.apache.org/maven2/org/apache/tomcat/embed/tomcat-embed-core/10.1.39/tomcat-embed-core-10.1.39.pom
2025-03-21 14:19:23,938 [Worker-15: Importing Maven projects] INFO  o.e.m.c.i.e.AbstractTransferListenerAdapter - Downloading https://repo.maven.apache.org/maven2/org/apache/tomcat/embed/tomcat-embed-el/10.1.39/tomcat-embed-el-10.1.39.pom
2025-03-21 14:19:24,030 [Worker-15: Importing Maven projects] INFO  o.e.m.c.i.e.AbstractTransferListenerAdapter - Downloaded https://repo.maven.apache.org/maven2/org/apache/tomcat/embed/tomcat-embed-el/10.1.39/tomcat-embed-el-10.1.39.pom
2025-03-21 14:19:24,124 [Worker-15: Importing Maven projects] INFO  o.e.m.c.i.e.AbstractTransferListenerAdapter - Downloading https://repo.maven.apache.org/maven2/org/apache/tomcat/embed/tomcat-embed-websocket/10.1.39/tomcat-embed-websocket-10.1.39.pom
2025-03-21 14:19:24,249 [Worker-15: Importing Maven projects] INFO  o.e.m.c.i.e.AbstractTransferListenerAdapter - Downloaded https://repo.maven.apache.org/maven2/org/apache/tomcat/embed/tomcat-embed-websocket/10.1.39/tomcat-embed-websocket-10.1.39.pom
2025-03-21 14:19:24,326 [Worker-15: Importing Maven projects] INFO  o.e.m.c.i.e.AbstractTransferListenerAdapter - Downloading https://repo.maven.apache.org/maven2/org/springframework/spring-webmvc/6.2.5/spring-webmvc-6.2.5.pom
2025-03-21 14:19:24,446 [Worker-15: Importing Maven projects] INFO  o.e.m.c.i.e.AbstractTransferListenerAdapter - Downloaded https://repo.maven.apache.org/maven2/org/springframework/spring-webmvc/6.2.5/spring-webmvc-6.2.5.pom
2025-03-21 14:19:24,532 [Worker-15: Importing Maven projects] INFO  o.e.m.c.i.e.AbstractTransferListenerAdapter - Downloading https://repo.maven.apache.org/maven2/org/springframework/boot/spring-boot-devtools/3.4.4/spring-boot-devtools-3.4.4.pom
2025-03-21 14:19:24,637 [Worker-15: Importing Maven projects] INFO  o.e.m.c.i.e.AbstractTransferListenerAdapter - Downloaded https://repo.maven.apache.org/maven2/org/springframework/boot/spring-boot-devtools/3.4.4/spring-boot-devtools-3.4.4.pom
2025-03-21 14:19:24,705 [Worker-15: Importing Maven projects] INFO  o.e.m.c.i.e.AbstractTransferListenerAdapter - Downloading https://repo.maven.apache.org/maven2/org/springframework/boot/spring-boot-starter-test/3.4.4/spring-boot-starter-test-3.4.4.pom
2025-03-21 14:19:24,849 [Worker-15: Importing Maven projects] INFO  o.e.m.c.i.e.AbstractTransferListenerAdapter - Downloaded https://repo.maven.apache.org/maven2/org/springframework/boot/spring-boot-starter-test/3.4.4/spring-boot-starter-test-3.4.4.pom
2025-03-21 14:19:24,928 [Worker-15: Importing Maven projects] INFO  o.e.m.c.i.e.AbstractTransferListenerAdapter - Downloading https://repo.maven.apache.org/maven2/org/springframework/boot/spring-boot-test/3.4.4/spring-boot-test-3.4.4.pom
2025-03-21 14:19:25,038 [Worker-15: Importing Maven projects] INFO  o.e.m.c.i.e.AbstractTransferListenerAdapter - Downloaded https://repo.maven.apache.org/maven2/org/springframework/boot/spring-boot-test/3.4.4/spring-boot-test-3.4.4.pom
2025-03-21 14:19:25,081 [Worker-15: Importing Maven projects] INFO  o.e.m.c.i.e.AbstractTransferListenerAdapter - Downloading https://repo.maven.apache.org/maven2/org/springframework/spring-test/6.2.5/spring-test-6.2.5.pom
2025-03-21 14:19:25,161 [Worker-15: Importing Maven projects] INFO  o.e.m.c.i.e.AbstractTransferListenerAdapter - Downloaded https://repo.maven.apache.org/maven2/org/springframework/spring-test/6.2.5/spring-test-6.2.5.pom
2025-03-21 14:19:25,239 [Worker-15: Importing Maven projects] INFO  o.e.m.c.i.e.AbstractTransferListenerAdapter - Downloading https://repo.maven.apache.org/maven2/org/springframework/boot/spring-boot-test-autoconfigure/3.4.4/spring-boot-test-autoconfigure-3.4.4.pom
2025-03-21 14:19:25,352 [Worker-15: Importing Maven projects] INFO  o.e.m.c.i.e.AbstractTransferListenerAdapter - Downloaded https://repo.maven.apache.org/maven2/org/springframework/boot/spring-boot-test-autoconfigure/3.4.4/spring-boot-test-autoconfigure-3.4.4.pom
2025-03-21 14:19:25,522 [AetherRepositoryConnector-repo.maven.apache.org-0-0] INFO  o.e.m.c.i.e.AbstractTransferListenerAdapter - Downloading https://repo.maven.apache.org/maven2/org/springframework/boot/spring-boot-starter-web/3.4.4/spring-boot-starter-web-3.4.4.jar
2025-03-21 14:19:25,585 [AetherRepositoryConnector-repo.maven.apache.org-0-3] INFO  o.e.m.c.i.e.AbstractTransferListenerAdapter - Downloading https://repo.maven.apache.org/maven2/ch/qos/logback/logback-classic/1.5.18/logback-classic-1.5.18.jar
2025-03-21 14:19:25,585 [AetherRepositoryConnector-repo.maven.apache.org-0-1] INFO  o.e.m.c.i.e.AbstractTransferListenerAdapter - Downloading https://repo.maven.apache.org/maven2/org/springframework/boot/spring-boot-starter/3.4.4/spring-boot-starter-3.4.4.jar
2025-03-21 14:19:25,648 [AetherRepositoryConnector-repo.maven.apache.org-0-2] INFO  o.e.m.c.i.e.AbstractTransferListenerAdapter - Downloading https://repo.maven.apache.org/maven2/org/springframework/boot/spring-boot-starter-logging/3.4.4/spring-boot-starter-logging-3.4.4.jar
2025-03-21 14:19:25,648 [AetherRepositoryConnector-repo.maven.apache.org-0-4] INFO  o.e.m.c.i.e.AbstractTransferListenerAdapter - Downloading https://repo.maven.apache.org/maven2/ch/qos/logback/logback-core/1.5.18/logback-core-1.5.18.jar
2025-03-21 14:19:25,722 [AetherRepositoryConnector-repo.maven.apache.org-0-0] INFO  o.e.m.c.i.e.AbstractTransferListenerAdapter - Downloaded https://repo.maven.apache.org/maven2/org/springframework/boot/spring-boot-starter-web/3.4.4/spring-boot-starter-web-3.4.4.jar
2025-03-21 14:19:25,790 [AetherRepositoryConnector-repo.maven.apache.org-0-1] INFO  o.e.m.c.i.e.AbstractTransferListenerAdapter - Downloaded https://repo.maven.apache.org/maven2/org/springframework/boot/spring-boot-starter/3.4.4/spring-boot-starter-3.4.4.jar
2025-03-21 14:19:25,839 [AetherRepositoryConnector-repo.maven.apache.org-0-0] INFO  o.e.m.c.i.e.AbstractTransferListenerAdapter - Downloading https://repo.maven.apache.org/maven2/org/slf4j/jul-to-slf4j/2.0.17/jul-to-slf4j-2.0.17.jar
2025-03-21 14:19:25,857 [AetherRepositoryConnector-repo.maven.apache.org-0-2] INFO  o.e.m.c.i.e.AbstractTransferListenerAdapter - Downloaded https://repo.maven.apache.org/maven2/org/springframework/boot/spring-boot-starter-logging/3.4.4/spring-boot-starter-logging-3.4.4.jar
2025-03-21 14:19:25,913 [AetherRepositoryConnector-repo.maven.apache.org-0-1] INFO  o.e.m.c.i.e.AbstractTransferListenerAdapter - Downloading https://repo.maven.apache.org/maven2/org/springframework/boot/spring-boot-starter-json/3.4.4/spring-boot-starter-json-3.4.4.jar
2025-03-21 14:19:25,976 [AetherRepositoryConnector-repo.maven.apache.org-0-2] INFO  o.e.m.c.i.e.AbstractTransferListenerAdapter - Downloading https://repo.maven.apache.org/maven2/com/fasterxml/jackson/core/jackson-databind/2.18.3/jackson-databind-2.18.3.jar
2025-03-21 14:19:26,091 [AetherRepositoryConnector-repo.maven.apache.org-0-1] INFO  o.e.m.c.i.e.AbstractTransferListenerAdapter - Downloaded https://repo.maven.apache.org/maven2/org/springframework/boot/spring-boot-starter-json/3.4.4/spring-boot-starter-json-3.4.4.jar
2025-03-21 14:19:26,165 [AetherRepositoryConnector-repo.maven.apache.org-0-1] INFO  o.e.m.c.i.e.AbstractTransferListenerAdapter - Downloading https://repo.maven.apache.org/maven2/com/fasterxml/jackson/core/jackson-annotations/2.18.3/jackson-annotations-2.18.3.jar
2025-03-21 14:19:26,180 [AetherRepositoryConnector-repo.maven.apache.org-0-0] INFO  o.e.m.c.i.e.AbstractTransferListenerAdapter - Downloaded https://repo.maven.apache.org/maven2/org/slf4j/jul-to-slf4j/2.0.17/jul-to-slf4j-2.0.17.jar
2025-03-21 14:19:26,444 [AetherRepositoryConnector-repo.maven.apache.org-0-0] INFO  o.e.m.c.i.e.AbstractTransferListenerAdapter - Downloading https://repo.maven.apache.org/maven2/com/fasterxml/jackson/core/jackson-core/2.18.3/jackson-core-2.18.3.jar
2025-03-21 14:19:27,006 [AetherRepositoryConnector-repo.maven.apache.org-0-1] INFO  o.e.m.c.i.e.AbstractTransferListenerAdapter - Downloaded https://repo.maven.apache.org/maven2/com/fasterxml/jackson/core/jackson-annotations/2.18.3/jackson-annotations-2.18.3.jar
2025-03-21 14:19:27,295 [AetherRepositoryConnector-repo.maven.apache.org-0-1] INFO  o.e.m.c.i.e.AbstractTransferListenerAdapter - Downloading https://repo.maven.apache.org/maven2/com/fasterxml/jackson/datatype/jackson-datatype-jdk8/2.18.3/jackson-datatype-jdk8-2.18.3.jar
2025-03-21 14:19:27,313 [AetherRepositoryConnector-repo.maven.apache.org-0-3] INFO  o.e.m.c.i.e.AbstractTransferListenerAdapter - Downloaded https://repo.maven.apache.org/maven2/ch/qos/logback/logback-classic/1.5.18/logback-classic-1.5.18.jar
2025-03-21 14:19:27,647 [AetherRepositoryConnector-repo.maven.apache.org-0-3] INFO  o.e.m.c.i.e.AbstractTransferListenerAdapter - Downloading https://repo.maven.apache.org/maven2/com/fasterxml/jackson/datatype/jackson-datatype-jsr310/2.18.3/jackson-datatype-jsr310-2.18.3.jar
2025-03-21 14:19:27,947 [AetherRepositoryConnector-repo.maven.apache.org-0-1] INFO  o.e.m.c.i.e.AbstractTransferListenerAdapter - Downloaded https://repo.maven.apache.org/maven2/com/fasterxml/jackson/datatype/jackson-datatype-jdk8/2.18.3/jackson-datatype-jdk8-2.18.3.jar
2025-03-21 14:19:28,066 [AetherRepositoryConnector-repo.maven.apache.org-0-4] INFO  o.e.m.c.i.e.AbstractTransferListenerAdapter - Downloaded https://repo.maven.apache.org/maven2/ch/qos/logback/logback-core/1.5.18/logback-core-1.5.18.jar
2025-03-21 14:19:28,095 [AetherRepositoryConnector-repo.maven.apache.org-0-1] INFO  o.e.m.c.i.e.AbstractTransferListenerAdapter - Downloading https://repo.maven.apache.org/maven2/com/fasterxml/jackson/module/jackson-module-parameter-names/2.18.3/jackson-module-parameter-names-2.18.3.jar
2025-03-21 14:19:28,112 [AetherRepositoryConnector-repo.maven.apache.org-0-3] INFO  o.e.m.c.i.e.AbstractTransferListenerAdapter - Downloaded https://repo.maven.apache.org/maven2/com/fasterxml/jackson/datatype/jackson-datatype-jsr310/2.18.3/jackson-datatype-jsr310-2.18.3.jar
2025-03-21 14:19:28,154 [AetherRepositoryConnector-repo.maven.apache.org-0-0] INFO  o.e.m.c.i.e.AbstractTransferListenerAdapter - Downloaded https://repo.maven.apache.org/maven2/com/fasterxml/jackson/core/jackson-core/2.18.3/jackson-core-2.18.3.jar
2025-03-21 14:19:28,176 [AetherRepositoryConnector-repo.maven.apache.org-0-4] INFO  o.e.m.c.i.e.AbstractTransferListenerAdapter - Downloading https://repo.maven.apache.org/maven2/org/springframework/boot/spring-boot-starter-tomcat/3.4.4/spring-boot-starter-tomcat-3.4.4.jar
2025-03-21 14:19:28,213 [AetherRepositoryConnector-repo.maven.apache.org-0-3] INFO  o.e.m.c.i.e.AbstractTransferListenerAdapter - Downloading https://repo.maven.apache.org/maven2/org/apache/tomcat/embed/tomcat-embed-core/10.1.39/tomcat-embed-core-10.1.39.jar
2025-03-21 14:19:28,253 [AetherRepositoryConnector-repo.maven.apache.org-0-0] INFO  o.e.m.c.i.e.AbstractTransferListenerAdapter - Downloading https://repo.maven.apache.org/maven2/org/apache/tomcat/embed/tomcat-embed-el/10.1.39/tomcat-embed-el-10.1.39.jar
2025-03-21 14:19:28,401 [AetherRepositoryConnector-repo.maven.apache.org-0-4] INFO  o.e.m.c.i.e.AbstractTransferListenerAdapter - Downloaded https://repo.maven.apache.org/maven2/org/springframework/boot/spring-boot-starter-tomcat/3.4.4/spring-boot-starter-tomcat-3.4.4.jar
2025-03-21 14:19:28,445 [AetherRepositoryConnector-repo.maven.apache.org-0-1] INFO  o.e.m.c.i.e.AbstractTransferListenerAdapter - Downloaded https://repo.maven.apache.org/maven2/com/fasterxml/jackson/module/jackson-module-parameter-names/2.18.3/jackson-module-parameter-names-2.18.3.jar
2025-03-21 14:19:28,461 [AetherRepositoryConnector-repo.maven.apache.org-0-2] INFO  o.e.m.c.i.e.AbstractTransferListenerAdapter - Downloaded https://repo.maven.apache.org/maven2/com/fasterxml/jackson/core/jackson-databind/2.18.3/jackson-databind-2.18.3.jar
2025-03-21 14:19:28,480 [AetherRepositoryConnector-repo.maven.apache.org-0-4] INFO  o.e.m.c.i.e.AbstractTransferListenerAdapter - Downloading https://repo.maven.apache.org/maven2/org/apache/tomcat/embed/tomcat-embed-websocket/10.1.39/tomcat-embed-websocket-10.1.39.jar
2025-03-21 14:19:28,523 [AetherRepositoryConnector-repo.maven.apache.org-0-1] INFO  o.e.m.c.i.e.AbstractTransferListenerAdapter - Downloading https://repo.maven.apache.org/maven2/org/springframework/spring-web/6.2.5/spring-web-6.2.5.jar
2025-03-21 14:19:28,539 [AetherRepositoryConnector-repo.maven.apache.org-0-2] INFO  o.e.m.c.i.e.AbstractTransferListenerAdapter - Downloading https://repo.maven.apache.org/maven2/org/springframework/spring-beans/6.2.5/spring-beans-6.2.5.jar
2025-03-21 14:19:28,551 [AetherRepositoryConnector-repo.maven.apache.org-0-0] INFO  o.e.m.c.i.e.AbstractTransferListenerAdapter - Downloaded https://repo.maven.apache.org/maven2/org/apache/tomcat/embed/tomcat-embed-el/10.1.39/tomcat-embed-el-10.1.39.jar
2025-03-21 14:19:28,638 [AetherRepositoryConnector-repo.maven.apache.org-0-0] INFO  o.e.m.c.i.e.AbstractTransferListenerAdapter - Downloading https://repo.maven.apache.org/maven2/org/springframework/spring-webmvc/6.2.5/spring-webmvc-6.2.5.jar
2025-03-21 14:19:28,711 [AetherRepositoryConnector-repo.maven.apache.org-0-4] INFO  o.e.m.c.i.e.AbstractTransferListenerAdapter - Downloaded https://repo.maven.apache.org/maven2/org/apache/tomcat/embed/tomcat-embed-websocket/10.1.39/tomcat-embed-websocket-10.1.39.jar
2025-03-21 14:19:28,800 [AetherRepositoryConnector-repo.maven.apache.org-0-4] INFO  o.e.m.c.i.e.AbstractTransferListenerAdapter - Downloading https://repo.maven.apache.org/maven2/org/springframework/spring-aop/6.2.5/spring-aop-6.2.5.jar
2025-03-21 14:19:29,104 [AetherRepositoryConnector-repo.maven.apache.org-0-2] INFO  o.e.m.c.i.e.AbstractTransferListenerAdapter - Downloaded https://repo.maven.apache.org/maven2/org/springframework/spring-beans/6.2.5/spring-beans-6.2.5.jar
2025-03-21 14:19:29,142 [AetherRepositoryConnector-repo.maven.apache.org-0-4] INFO  o.e.m.c.i.e.AbstractTransferListenerAdapter - Downloaded https://repo.maven.apache.org/maven2/org/springframework/spring-aop/6.2.5/spring-aop-6.2.5.jar
2025-03-21 14:19:29,211 [AetherRepositoryConnector-repo.maven.apache.org-0-2] INFO  o.e.m.c.i.e.AbstractTransferListenerAdapter - Downloading https://repo.maven.apache.org/maven2/org/springframework/spring-context/6.2.5/spring-context-6.2.5.jar
2025-03-21 14:19:29,230 [AetherRepositoryConnector-repo.maven.apache.org-0-0] INFO  o.e.m.c.i.e.AbstractTransferListenerAdapter - Downloaded https://repo.maven.apache.org/maven2/org/springframework/spring-webmvc/6.2.5/spring-webmvc-6.2.5.jar
2025-03-21 14:19:29,269 [AetherRepositoryConnector-repo.maven.apache.org-0-4] INFO  o.e.m.c.i.e.AbstractTransferListenerAdapter - Downloading https://repo.maven.apache.org/maven2/org/springframework/spring-expression/6.2.5/spring-expression-6.2.5.jar
2025-03-21 14:19:29,329 [AetherRepositoryConnector-repo.maven.apache.org-0-0] INFO  o.e.m.c.i.e.AbstractTransferListenerAdapter - Downloading https://repo.maven.apache.org/maven2/org/springframework/boot/spring-boot-devtools/3.4.4/spring-boot-devtools-3.4.4.jar
2025-03-21 14:19:29,331 [AetherRepositoryConnector-repo.maven.apache.org-0-1] INFO  o.e.m.c.i.e.AbstractTransferListenerAdapter - Downloaded https://repo.maven.apache.org/maven2/org/springframework/spring-web/6.2.5/spring-web-6.2.5.jar
2025-03-21 14:19:29,351 [AetherRepositoryConnector-repo.maven.apache.org-0-3] INFO  o.e.m.c.i.e.AbstractTransferListenerAdapter - Downloaded https://repo.maven.apache.org/maven2/org/apache/tomcat/embed/tomcat-embed-core/10.1.39/tomcat-embed-core-10.1.39.jar
2025-03-21 14:19:29,364 [AetherRepositoryConnector-repo.maven.apache.org-0-1] INFO  o.e.m.c.i.e.AbstractTransferListenerAdapter - Downloading https://repo.maven.apache.org/maven2/org/springframework/boot/spring-boot/3.4.4/spring-boot-3.4.4.jar
2025-03-21 14:19:30,034 [AetherRepositoryConnector-repo.maven.apache.org-0-3] INFO  o.e.m.c.i.e.AbstractTransferListenerAdapter - Downloading https://repo.maven.apache.org/maven2/org/springframework/boot/spring-boot-autoconfigure/3.4.4/spring-boot-autoconfigure-3.4.4.jar
2025-03-21 14:19:30,048 [AetherRepositoryConnector-repo.maven.apache.org-0-2] INFO  o.e.m.c.i.e.AbstractTransferListenerAdapter - Downloaded https://repo.maven.apache.org/maven2/org/springframework/spring-context/6.2.5/spring-context-6.2.5.jar
2025-03-21 14:19:30,051 [AetherRepositoryConnector-repo.maven.apache.org-0-0] INFO  o.e.m.c.i.e.AbstractTransferListenerAdapter - Downloaded https://repo.maven.apache.org/maven2/org/springframework/boot/spring-boot-devtools/3.4.4/spring-boot-devtools-3.4.4.jar
2025-03-21 14:19:30,052 [AetherRepositoryConnector-repo.maven.apache.org-0-4] INFO  o.e.m.c.i.e.AbstractTransferListenerAdapter - Downloaded https://repo.maven.apache.org/maven2/org/springframework/spring-expression/6.2.5/spring-expression-6.2.5.jar
2025-03-21 14:19:30,553 [AetherRepositoryConnector-repo.maven.apache.org-0-2] INFO  o.e.m.c.i.e.AbstractTransferListenerAdapter - Downloading https://repo.maven.apache.org/maven2/org/springframework/boot/spring-boot-starter-test/3.4.4/spring-boot-starter-test-3.4.4.jar
2025-03-21 14:19:30,554 [AetherRepositoryConnector-repo.maven.apache.org-0-4] INFO  o.e.m.c.i.e.AbstractTransferListenerAdapter - Downloading https://repo.maven.apache.org/maven2/org/springframework/boot/spring-boot-test-autoconfigure/3.4.4/spring-boot-test-autoconfigure-3.4.4.jar
2025-03-21 14:19:30,588 [AetherRepositoryConnector-repo.maven.apache.org-0-0] INFO  o.e.m.c.i.e.AbstractTransferListenerAdapter - Downloading https://repo.maven.apache.org/maven2/org/springframework/boot/spring-boot-test/3.4.4/spring-boot-test-3.4.4.jar
2025-03-21 14:19:30,755 [AetherRepositoryConnector-repo.maven.apache.org-0-1] INFO  o.e.m.c.i.e.AbstractTransferListenerAdapter - Downloaded https://repo.maven.apache.org/maven2/org/springframework/boot/spring-boot/3.4.4/spring-boot-3.4.4.jar
2025-03-21 14:19:30,781 [AetherRepositoryConnector-repo.maven.apache.org-0-2] INFO  o.e.m.c.i.e.AbstractTransferListenerAdapter - Downloaded https://repo.maven.apache.org/maven2/org/springframework/boot/spring-boot-starter-test/3.4.4/spring-boot-starter-test-3.4.4.jar
2025-03-21 14:19:30,787 [AetherRepositoryConnector-repo.maven.apache.org-0-1] INFO  o.e.m.c.i.e.AbstractTransferListenerAdapter - Downloading https://repo.maven.apache.org/maven2/org/slf4j/slf4j-api/2.0.17/slf4j-api-2.0.17.jar
2025-03-21 14:19:30,809 [AetherRepositoryConnector-repo.maven.apache.org-0-3] INFO  o.e.m.c.i.e.AbstractTransferListenerAdapter - Downloaded https://repo.maven.apache.org/maven2/org/springframework/boot/spring-boot-autoconfigure/3.4.4/spring-boot-autoconfigure-3.4.4.jar
2025-03-21 14:19:30,817 [AetherRepositoryConnector-repo.maven.apache.org-0-2] INFO  o.e.m.c.i.e.AbstractTransferListenerAdapter - Downloading https://repo.maven.apache.org/maven2/org/springframework/spring-core/6.2.5/spring-core-6.2.5.jar
2025-03-21 14:19:30,875 [AetherRepositoryConnector-repo.maven.apache.org-0-0] INFO  o.e.m.c.i.e.AbstractTransferListenerAdapter - Downloaded https://repo.maven.apache.org/maven2/org/springframework/boot/spring-boot-test/3.4.4/spring-boot-test-3.4.4.jar
2025-03-21 14:19:30,875 [AetherRepositoryConnector-repo.maven.apache.org-0-4] INFO  o.e.m.c.i.e.AbstractTransferListenerAdapter - Downloaded https://repo.maven.apache.org/maven2/org/springframework/boot/spring-boot-test-autoconfigure/3.4.4/spring-boot-test-autoconfigure-3.4.4.jar
2025-03-21 14:19:31,094 [AetherRepositoryConnector-repo.maven.apache.org-0-3] INFO  o.e.m.c.i.e.AbstractTransferListenerAdapter - Downloading https://repo.maven.apache.org/maven2/org/springframework/spring-jcl/6.2.5/spring-jcl-6.2.5.jar
2025-03-21 14:19:31,112 [AetherRepositoryConnector-repo.maven.apache.org-0-1] INFO  o.e.m.c.i.e.AbstractTransferListenerAdapter - Downloaded https://repo.maven.apache.org/maven2/org/slf4j/slf4j-api/2.0.17/slf4j-api-2.0.17.jar
2025-03-21 14:19:31,114 [AetherRepositoryConnector-repo.maven.apache.org-0-0] INFO  o.e.m.c.i.e.AbstractTransferListenerAdapter - Downloading https://repo.maven.apache.org/maven2/org/springframework/spring-test/6.2.5/spring-test-6.2.5.jar
2025-03-21 14:19:32,266 [AetherRepositoryConnector-repo.maven.apache.org-0-3] INFO  o.e.m.c.i.e.AbstractTransferListenerAdapter - Downloaded https://repo.maven.apache.org/maven2/org/springframework/spring-jcl/6.2.5/spring-jcl-6.2.5.jar
2025-03-21 14:19:32,266 [AetherRepositoryConnector-repo.maven.apache.org-0-2] INFO  o.e.m.c.i.e.AbstractTransferListenerAdapter - Downloaded https://repo.maven.apache.org/maven2/org/springframework/spring-core/6.2.5/spring-core-6.2.5.jar
2025-03-21 14:19:32,352 [AetherRepositoryConnector-repo.maven.apache.org-0-0] INFO  o.e.m.c.i.e.AbstractTransferListenerAdapter - Downloaded https://repo.maven.apache.org/maven2/org/springframework/spring-test/6.2.5/spring-test-6.2.5.jar
2025-03-21 14:19:32,881 [Worker-15: Importing Maven projects] ERROR o.e.m.j.i.l.MavenLaunchConfigurationListener - Launch configuration App references non-existing project productapp.
org.eclipse.core.runtime.CoreException: Launch configuration App references non-existing project productapp.
	at org.eclipse.jdt.launching.JavaRuntime.abort(JavaRuntime.java:1856)
	at org.eclipse.jdt.launching.JavaRuntime.getJavaProject(JavaRuntime.java:1733)
	at org.eclipse.m2e.jdt.internal.launch.MavenLaunchConfigurationListener.updateLaunchConfiguration(MavenLaunchConfigurationListener.java:64)
	at org.eclipse.m2e.jdt.internal.launch.MavenLaunchConfigurationListener.launchConfigurationChanged(MavenLaunchConfigurationListener.java:50)
	at org.eclipse.debug.internal.core.LaunchManager$ConfigurationNotifier.run(LaunchManager.java:225)
	at org.eclipse.core.runtime.SafeRunner.run(SafeRunner.java:45)
	at org.eclipse.debug.internal.core.LaunchManager$ConfigurationNotifier.notify(LaunchManager.java:209)
	at org.eclipse.debug.internal.core.LaunchConfigurationWorkingCopy.setDirty(LaunchConfigurationWorkingCopy.java:524)
	at org.eclipse.debug.internal.core.LaunchConfigurationWorkingCopy.setAttribute(LaunchConfigurationWorkingCopy.java:412)
	at org.eclipse.m2e.jdt.internal.launch.MavenRuntimeClasspathProvider.enable(MavenRuntimeClasspathProvider.java:404)
	at org.eclipse.m2e.jdt.internal.launch.MavenRuntimeClasspathProvider.enable(MavenRuntimeClasspathProvider.java:398)
	at org.eclipse.m2e.jdt.internal.launch.MavenRuntimeClasspathProvider.enable(MavenRuntimeClasspathProvider.java:428)
	at org.eclipse.m2e.jdt.internal.launch.MavenLaunchConfigurationListener.mavenProjectChanged(MavenLaunchConfigurationListener.java:132)
	at org.eclipse.m2e.core.internal.project.registry.ProjectRegistryManager.notifyProjectChangeListeners(ProjectRegistryManager.java:851)
	at org.eclipse.m2e.core.internal.project.registry.ProjectRegistryManager.applyMutableProjectRegistry(ProjectRegistryManager.java:1004)
	at org.eclipse.m2e.core.internal.project.registry.ProjectRegistryManager.refresh(ProjectRegistryManager.java:316)
	at org.eclipse.m2e.core.internal.project.ProjectConfigurationManager.configureNewMavenProjects(ProjectConfigurationManager.java:256)
	at org.eclipse.m2e.core.internal.project.ProjectConfigurationManager.lambda$1(ProjectConfigurationManager.java:166)
	at org.eclipse.m2e.core.internal.embedder.MavenExecutionContext.executeBare(MavenExecutionContext.java:394)
	at org.eclipse.m2e.core.internal.embedder.MavenExecutionContext.execute(MavenExecutionContext.java:275)
	at org.eclipse.m2e.core.internal.embedder.MavenExecutionContext.execute(MavenExecutionContext.java:214)
	at org.eclipse.m2e.core.internal.project.ProjectConfigurationManager.importProjects(ProjectConfigurationManager.java:139)
	at org.eclipse.m2e.core.ui.internal.wizards.ImportMavenProjectsJob$1.doCreateMavenProjects(ImportMavenProjectsJob.java:71)
	at org.eclipse.m2e.core.ui.internal.wizards.AbstractCreateMavenProjectsOperation.run(AbstractCreateMavenProjectsOperation.java:56)
	at org.eclipse.m2e.core.ui.internal.wizards.ImportMavenProjectsJob.runInWorkspace(ImportMavenProjectsJob.java:80)
	at org.eclipse.core.internal.resources.InternalWorkspaceJob.run(InternalWorkspaceJob.java:43)
	at org.eclipse.core.internal.jobs.Worker.run(Worker.java:63)
2025-03-21 14:19:32,883 [Worker-15: Importing Maven projects] ERROR o.e.m.j.i.l.MavenLaunchConfigurationListener - Launch configuration App references non-existing project productapp.
org.eclipse.core.runtime.CoreException: Launch configuration App references non-existing project productapp.
	at org.eclipse.jdt.launching.JavaRuntime.abort(JavaRuntime.java:1856)
	at org.eclipse.jdt.launching.JavaRuntime.getJavaProject(JavaRuntime.java:1733)
	at org.eclipse.m2e.jdt.internal.launch.MavenLaunchConfigurationListener.updateLaunchConfiguration(MavenLaunchConfigurationListener.java:64)
	at org.eclipse.m2e.jdt.internal.launch.MavenLaunchConfigurationListener.launchConfigurationChanged(MavenLaunchConfigurationListener.java:50)
	at org.eclipse.debug.internal.core.LaunchManager$ConfigurationNotifier.run(LaunchManager.java:225)
	at org.eclipse.core.runtime.SafeRunner.run(SafeRunner.java:45)
	at org.eclipse.debug.internal.core.LaunchManager$ConfigurationNotifier.notify(LaunchManager.java:209)
	at org.eclipse.debug.internal.core.LaunchConfigurationWorkingCopy.setDirty(LaunchConfigurationWorkingCopy.java:524)
	at org.eclipse.debug.internal.core.LaunchConfigurationWorkingCopy.setAttribute(LaunchConfigurationWorkingCopy.java:412)
	at org.eclipse.m2e.jdt.internal.launch.MavenRuntimeClasspathProvider.enable(MavenRuntimeClasspathProvider.java:405)
	at org.eclipse.m2e.jdt.internal.launch.MavenRuntimeClasspathProvider.enable(MavenRuntimeClasspathProvider.java:398)
	at org.eclipse.m2e.jdt.internal.launch.MavenRuntimeClasspathProvider.enable(MavenRuntimeClasspathProvider.java:428)
	at org.eclipse.m2e.jdt.internal.launch.MavenLaunchConfigurationListener.mavenProjectChanged(MavenLaunchConfigurationListener.java:132)
	at org.eclipse.m2e.core.internal.project.registry.ProjectRegistryManager.notifyProjectChangeListeners(ProjectRegistryManager.java:851)
	at org.eclipse.m2e.core.internal.project.registry.ProjectRegistryManager.applyMutableProjectRegistry(ProjectRegistryManager.java:1004)
	at org.eclipse.m2e.core.internal.project.registry.ProjectRegistryManager.refresh(ProjectRegistryManager.java:316)
	at org.eclipse.m2e.core.internal.project.ProjectConfigurationManager.configureNewMavenProjects(ProjectConfigurationManager.java:256)
	at org.eclipse.m2e.core.internal.project.ProjectConfigurationManager.lambda$1(ProjectConfigurationManager.java:166)
	at org.eclipse.m2e.core.internal.embedder.MavenExecutionContext.executeBare(MavenExecutionContext.java:394)
	at org.eclipse.m2e.core.internal.embedder.MavenExecutionContext.execute(MavenExecutionContext.java:275)
	at org.eclipse.m2e.core.internal.embedder.MavenExecutionContext.execute(MavenExecutionContext.java:214)
	at org.eclipse.m2e.core.internal.project.ProjectConfigurationManager.importProjects(ProjectConfigurationManager.java:139)
	at org.eclipse.m2e.core.ui.internal.wizards.ImportMavenProjectsJob$1.doCreateMavenProjects(ImportMavenProjectsJob.java:71)
	at org.eclipse.m2e.core.ui.internal.wizards.AbstractCreateMavenProjectsOperation.run(AbstractCreateMavenProjectsOperation.java:56)
	at org.eclipse.m2e.core.ui.internal.wizards.ImportMavenProjectsJob.runInWorkspace(ImportMavenProjectsJob.java:80)
	at org.eclipse.core.internal.resources.InternalWorkspaceJob.run(InternalWorkspaceJob.java:43)
	at org.eclipse.core.internal.jobs.Worker.run(Worker.java:63)
2025-03-21 14:19:32,895 [Worker-15: Importing Maven projects] ERROR o.e.m.j.i.l.MavenLaunchConfigurationListener - Launch configuration App references non-existing project productapp.
org.eclipse.core.runtime.CoreException: Launch configuration App references non-existing project productapp.
	at org.eclipse.jdt.launching.JavaRuntime.abort(JavaRuntime.java:1856)
	at org.eclipse.jdt.launching.JavaRuntime.getJavaProject(JavaRuntime.java:1733)
	at org.eclipse.m2e.jdt.internal.launch.MavenLaunchConfigurationListener.updateLaunchConfiguration(MavenLaunchConfigurationListener.java:64)
	at org.eclipse.m2e.jdt.internal.launch.MavenLaunchConfigurationListener.launchConfigurationChanged(MavenLaunchConfigurationListener.java:50)
	at org.eclipse.debug.internal.core.LaunchManager$ConfigurationNotifier.run(LaunchManager.java:225)
	at org.eclipse.core.runtime.SafeRunner.run(SafeRunner.java:45)
	at org.eclipse.debug.internal.core.LaunchManager$ConfigurationNotifier.notify(LaunchManager.java:209)
	at org.eclipse.debug.internal.core.LaunchManager.launchConfigurationChanged(LaunchManager.java:2147)
	at org.eclipse.debug.internal.core.LaunchConfigurationWorkingCopy.writeNewFile(LaunchConfigurationWorkingCopy.java:377)
	at org.eclipse.debug.internal.core.LaunchConfigurationWorkingCopy.doSave0(LaunchConfigurationWorkingCopy.java:259)
	at org.eclipse.debug.internal.core.LaunchConfigurationWorkingCopy.doSave(LaunchConfigurationWorkingCopy.java:229)
	at org.eclipse.debug.internal.core.LaunchConfigurationWorkingCopy.doSave(LaunchConfigurationWorkingCopy.java:187)
	at org.eclipse.m2e.jdt.internal.launch.MavenRuntimeClasspathProvider.enable(MavenRuntimeClasspathProvider.java:399)
	at org.eclipse.m2e.jdt.internal.launch.MavenRuntimeClasspathProvider.enable(MavenRuntimeClasspathProvider.java:428)
	at org.eclipse.m2e.jdt.internal.launch.MavenLaunchConfigurationListener.mavenProjectChanged(MavenLaunchConfigurationListener.java:132)
	at org.eclipse.m2e.core.internal.project.registry.ProjectRegistryManager.notifyProjectChangeListeners(ProjectRegistryManager.java:851)
	at org.eclipse.m2e.core.internal.project.registry.ProjectRegistryManager.applyMutableProjectRegistry(ProjectRegistryManager.java:1004)
	at org.eclipse.m2e.core.internal.project.registry.ProjectRegistryManager.refresh(ProjectRegistryManager.java:316)
	at org.eclipse.m2e.core.internal.project.ProjectConfigurationManager.configureNewMavenProjects(ProjectConfigurationManager.java:256)
	at org.eclipse.m2e.core.internal.project.ProjectConfigurationManager.lambda$1(ProjectConfigurationManager.java:166)
	at org.eclipse.m2e.core.internal.embedder.MavenExecutionContext.executeBare(MavenExecutionContext.java:394)
	at org.eclipse.m2e.core.internal.embedder.MavenExecutionContext.execute(MavenExecutionContext.java:275)
	at org.eclipse.m2e.core.internal.embedder.MavenExecutionContext.execute(MavenExecutionContext.java:214)
	at org.eclipse.m2e.core.internal.project.ProjectConfigurationManager.importProjects(ProjectConfigurationManager.java:139)
	at org.eclipse.m2e.core.ui.internal.wizards.ImportMavenProjectsJob$1.doCreateMavenProjects(ImportMavenProjectsJob.java:71)
	at org.eclipse.m2e.core.ui.internal.wizards.AbstractCreateMavenProjectsOperation.run(AbstractCreateMavenProjectsOperation.java:56)
	at org.eclipse.m2e.core.ui.internal.wizards.ImportMavenProjectsJob.runInWorkspace(ImportMavenProjectsJob.java:80)
	at org.eclipse.core.internal.resources.InternalWorkspaceJob.run(InternalWorkspaceJob.java:43)
	at org.eclipse.core.internal.jobs.Worker.run(Worker.java:63)
2025-03-21 14:19:32,896 [Worker-15: Importing Maven projects] ERROR o.e.m.j.i.l.MavenLaunchConfigurationListener - Launch configuration New_configuration references non-existing project productapp.
org.eclipse.core.runtime.CoreException: Launch configuration New_configuration references non-existing project productapp.
	at org.eclipse.jdt.launching.JavaRuntime.abort(JavaRuntime.java:1856)
	at org.eclipse.jdt.launching.JavaRuntime.getJavaProject(JavaRuntime.java:1733)
	at org.eclipse.m2e.jdt.internal.launch.MavenLaunchConfigurationListener.updateLaunchConfiguration(MavenLaunchConfigurationListener.java:64)
	at org.eclipse.m2e.jdt.internal.launch.MavenLaunchConfigurationListener.launchConfigurationChanged(MavenLaunchConfigurationListener.java:50)
	at org.eclipse.debug.internal.core.LaunchManager$ConfigurationNotifier.run(LaunchManager.java:225)
	at org.eclipse.core.runtime.SafeRunner.run(SafeRunner.java:45)
	at org.eclipse.debug.internal.core.LaunchManager$ConfigurationNotifier.notify(LaunchManager.java:209)
	at org.eclipse.debug.internal.core.LaunchConfigurationWorkingCopy.setDirty(LaunchConfigurationWorkingCopy.java:524)
	at org.eclipse.debug.internal.core.LaunchConfigurationWorkingCopy.setAttribute(LaunchConfigurationWorkingCopy.java:412)
	at org.eclipse.m2e.jdt.internal.launch.MavenRuntimeClasspathProvider.enable(MavenRuntimeClasspathProvider.java:404)
	at org.eclipse.m2e.jdt.internal.launch.MavenRuntimeClasspathProvider.enable(MavenRuntimeClasspathProvider.java:398)
	at org.eclipse.m2e.jdt.internal.launch.MavenRuntimeClasspathProvider.enable(MavenRuntimeClasspathProvider.java:428)
	at org.eclipse.m2e.jdt.internal.launch.MavenLaunchConfigurationListener.mavenProjectChanged(MavenLaunchConfigurationListener.java:132)
	at org.eclipse.m2e.core.internal.project.registry.ProjectRegistryManager.notifyProjectChangeListeners(ProjectRegistryManager.java:851)
	at org.eclipse.m2e.core.internal.project.registry.ProjectRegistryManager.applyMutableProjectRegistry(ProjectRegistryManager.java:1004)
	at org.eclipse.m2e.core.internal.project.registry.ProjectRegistryManager.refresh(ProjectRegistryManager.java:316)
	at org.eclipse.m2e.core.internal.project.ProjectConfigurationManager.configureNewMavenProjects(ProjectConfigurationManager.java:256)
	at org.eclipse.m2e.core.internal.project.ProjectConfigurationManager.lambda$1(ProjectConfigurationManager.java:166)
	at org.eclipse.m2e.core.internal.embedder.MavenExecutionContext.executeBare(MavenExecutionContext.java:394)
	at org.eclipse.m2e.core.internal.embedder.MavenExecutionContext.execute(MavenExecutionContext.java:275)
	at org.eclipse.m2e.core.internal.embedder.MavenExecutionContext.execute(MavenExecutionContext.java:214)
	at org.eclipse.m2e.core.internal.project.ProjectConfigurationManager.importProjects(ProjectConfigurationManager.java:139)
	at org.eclipse.m2e.core.ui.internal.wizards.ImportMavenProjectsJob$1.doCreateMavenProjects(ImportMavenProjectsJob.java:71)
	at org.eclipse.m2e.core.ui.internal.wizards.AbstractCreateMavenProjectsOperation.run(AbstractCreateMavenProjectsOperation.java:56)
	at org.eclipse.m2e.core.ui.internal.wizards.ImportMavenProjectsJob.runInWorkspace(ImportMavenProjectsJob.java:80)
	at org.eclipse.core.internal.resources.InternalWorkspaceJob.run(InternalWorkspaceJob.java:43)
	at org.eclipse.core.internal.jobs.Worker.run(Worker.java:63)
2025-03-21 14:19:32,896 [Worker-15: Importing Maven projects] ERROR o.e.m.j.i.l.MavenLaunchConfigurationListener - Launch configuration New_configuration references non-existing project productapp.
org.eclipse.core.runtime.CoreException: Launch configuration New_configuration references non-existing project productapp.
	at org.eclipse.jdt.launching.JavaRuntime.abort(JavaRuntime.java:1856)
	at org.eclipse.jdt.launching.JavaRuntime.getJavaProject(JavaRuntime.java:1733)
	at org.eclipse.m2e.jdt.internal.launch.MavenLaunchConfigurationListener.updateLaunchConfiguration(MavenLaunchConfigurationListener.java:64)
	at org.eclipse.m2e.jdt.internal.launch.MavenLaunchConfigurationListener.launchConfigurationChanged(MavenLaunchConfigurationListener.java:50)
	at org.eclipse.debug.internal.core.LaunchManager$ConfigurationNotifier.run(LaunchManager.java:225)
	at org.eclipse.core.runtime.SafeRunner.run(SafeRunner.java:45)
	at org.eclipse.debug.internal.core.LaunchManager$ConfigurationNotifier.notify(LaunchManager.java:209)
	at org.eclipse.debug.internal.core.LaunchConfigurationWorkingCopy.setDirty(LaunchConfigurationWorkingCopy.java:524)
	at org.eclipse.debug.internal.core.LaunchConfigurationWorkingCopy.setAttribute(LaunchConfigurationWorkingCopy.java:412)
	at org.eclipse.m2e.jdt.internal.launch.MavenRuntimeClasspathProvider.enable(MavenRuntimeClasspathProvider.java:405)
	at org.eclipse.m2e.jdt.internal.launch.MavenRuntimeClasspathProvider.enable(MavenRuntimeClasspathProvider.java:398)
	at org.eclipse.m2e.jdt.internal.launch.MavenRuntimeClasspathProvider.enable(MavenRuntimeClasspathProvider.java:428)
	at org.eclipse.m2e.jdt.internal.launch.MavenLaunchConfigurationListener.mavenProjectChanged(MavenLaunchConfigurationListener.java:132)
	at org.eclipse.m2e.core.internal.project.registry.ProjectRegistryManager.notifyProjectChangeListeners(ProjectRegistryManager.java:851)
	at org.eclipse.m2e.core.internal.project.registry.ProjectRegistryManager.applyMutableProjectRegistry(ProjectRegistryManager.java:1004)
	at org.eclipse.m2e.core.internal.project.registry.ProjectRegistryManager.refresh(ProjectRegistryManager.java:316)
	at org.eclipse.m2e.core.internal.project.ProjectConfigurationManager.configureNewMavenProjects(ProjectConfigurationManager.java:256)
	at org.eclipse.m2e.core.internal.project.ProjectConfigurationManager.lambda$1(ProjectConfigurationManager.java:166)
	at org.eclipse.m2e.core.internal.embedder.MavenExecutionContext.executeBare(MavenExecutionContext.java:394)
	at org.eclipse.m2e.core.internal.embedder.MavenExecutionContext.execute(MavenExecutionContext.java:275)
	at org.eclipse.m2e.core.internal.embedder.MavenExecutionContext.execute(MavenExecutionContext.java:214)
	at org.eclipse.m2e.core.internal.project.ProjectConfigurationManager.importProjects(ProjectConfigurationManager.java:139)
	at org.eclipse.m2e.core.ui.internal.wizards.ImportMavenProjectsJob$1.doCreateMavenProjects(ImportMavenProjectsJob.java:71)
	at org.eclipse.m2e.core.ui.internal.wizards.AbstractCreateMavenProjectsOperation.run(AbstractCreateMavenProjectsOperation.java:56)
	at org.eclipse.m2e.core.ui.internal.wizards.ImportMavenProjectsJob.runInWorkspace(ImportMavenProjectsJob.java:80)
	at org.eclipse.core.internal.resources.InternalWorkspaceJob.run(InternalWorkspaceJob.java:43)
	at org.eclipse.core.internal.jobs.Worker.run(Worker.java:63)
2025-03-21 14:19:32,907 [Worker-15: Importing Maven projects] ERROR o.e.m.j.i.l.MavenLaunchConfigurationListener - Launch configuration New_configuration references non-existing project productapp.
org.eclipse.core.runtime.CoreException: Launch configuration New_configuration references non-existing project productapp.
	at org.eclipse.jdt.launching.JavaRuntime.abort(JavaRuntime.java:1856)
	at org.eclipse.jdt.launching.JavaRuntime.getJavaProject(JavaRuntime.java:1733)
	at org.eclipse.m2e.jdt.internal.launch.MavenLaunchConfigurationListener.updateLaunchConfiguration(MavenLaunchConfigurationListener.java:64)
	at org.eclipse.m2e.jdt.internal.launch.MavenLaunchConfigurationListener.launchConfigurationChanged(MavenLaunchConfigurationListener.java:50)
	at org.eclipse.debug.internal.core.LaunchManager$ConfigurationNotifier.run(LaunchManager.java:225)
	at org.eclipse.core.runtime.SafeRunner.run(SafeRunner.java:45)
	at org.eclipse.debug.internal.core.LaunchManager$ConfigurationNotifier.notify(LaunchManager.java:209)
	at org.eclipse.debug.internal.core.LaunchManager.launchConfigurationChanged(LaunchManager.java:2147)
	at org.eclipse.debug.internal.core.LaunchConfigurationWorkingCopy.writeNewFile(LaunchConfigurationWorkingCopy.java:377)
	at org.eclipse.debug.internal.core.LaunchConfigurationWorkingCopy.doSave0(LaunchConfigurationWorkingCopy.java:259)
	at org.eclipse.debug.internal.core.LaunchConfigurationWorkingCopy.doSave(LaunchConfigurationWorkingCopy.java:229)
	at org.eclipse.debug.internal.core.LaunchConfigurationWorkingCopy.doSave(LaunchConfigurationWorkingCopy.java:187)
	at org.eclipse.m2e.jdt.internal.launch.MavenRuntimeClasspathProvider.enable(MavenRuntimeClasspathProvider.java:399)
	at org.eclipse.m2e.jdt.internal.launch.MavenRuntimeClasspathProvider.enable(MavenRuntimeClasspathProvider.java:428)
	at org.eclipse.m2e.jdt.internal.launch.MavenLaunchConfigurationListener.mavenProjectChanged(MavenLaunchConfigurationListener.java:132)
	at org.eclipse.m2e.core.internal.project.registry.ProjectRegistryManager.notifyProjectChangeListeners(ProjectRegistryManager.java:851)
	at org.eclipse.m2e.core.internal.project.registry.ProjectRegistryManager.applyMutableProjectRegistry(ProjectRegistryManager.java:1004)
	at org.eclipse.m2e.core.internal.project.registry.ProjectRegistryManager.refresh(ProjectRegistryManager.java:316)
	at org.eclipse.m2e.core.internal.project.ProjectConfigurationManager.configureNewMavenProjects(ProjectConfigurationManager.java:256)
	at org.eclipse.m2e.core.internal.project.ProjectConfigurationManager.lambda$1(ProjectConfigurationManager.java:166)
	at org.eclipse.m2e.core.internal.embedder.MavenExecutionContext.executeBare(MavenExecutionContext.java:394)
	at org.eclipse.m2e.core.internal.embedder.MavenExecutionContext.execute(MavenExecutionContext.java:275)
	at org.eclipse.m2e.core.internal.embedder.MavenExecutionContext.execute(MavenExecutionContext.java:214)
	at org.eclipse.m2e.core.internal.project.ProjectConfigurationManager.importProjects(ProjectConfigurationManager.java:139)
	at org.eclipse.m2e.core.ui.internal.wizards.ImportMavenProjectsJob$1.doCreateMavenProjects(ImportMavenProjectsJob.java:71)
	at org.eclipse.m2e.core.ui.internal.wizards.AbstractCreateMavenProjectsOperation.run(AbstractCreateMavenProjectsOperation.java:56)
	at org.eclipse.m2e.core.ui.internal.wizards.ImportMavenProjectsJob.runInWorkspace(ImportMavenProjectsJob.java:80)
	at org.eclipse.core.internal.resources.InternalWorkspaceJob.run(InternalWorkspaceJob.java:43)
	at org.eclipse.core.internal.jobs.Worker.run(Worker.java:63)
2025-03-21 14:19:33,040 [Worker-15: Importing Maven projects] INFO  o.e.m.j.i.AbstractJavaProjectConfigurator - Adding source folder /productapp/src/main/java
2025-03-21 14:19:33,041 [Worker-15: Importing Maven projects] INFO  o.e.m.j.i.AbstractJavaProjectConfigurator - Adding resource folder /productapp/src/main/resources
2025-03-21 14:19:33,050 [Worker-15: Importing Maven projects] INFO  o.e.m.j.i.AbstractJavaProjectConfigurator - Adding resource folder /productapp/src/main/resources
2025-03-21 14:19:33,060 [Worker-15: Importing Maven projects] INFO  o.e.m.j.i.AbstractJavaProjectConfigurator - Adding source folder /productapp/src/test/java
2025-03-21 14:19:33,062 [Worker-15: Importing Maven projects] ERROR o.e.m.j.i.AbstractJavaProjectConfigurator - Failed to find a compatible VM for environment id 'JavaSE-17', falling back to workspace default
2025-03-21 14:19:33,987 [Worker-15: Importing Maven projects] INFO  o.e.m.c.i.p.ProjectConfigurationManager - Imported and configured 1 project(s) in 25 sec
2025-03-21 14:19:34,200 [Worker-12: Download sources and javadoc] INFO  o.e.m.c.i.e.AbstractTransferListenerAdapter - Downloading https://repo.maven.apache.org/maven2/org/springframework/boot/spring-boot-starter-web/3.4.4/spring-boot-starter-web-3.4.4-sources.jar
2025-03-21 14:19:34,302 [Worker-12: Download sources and javadoc] INFO  o.e.m.c.i.e.AbstractTransferListenerAdapter - Downloaded https://repo.maven.apache.org/maven2/org/springframework/boot/spring-boot-starter-web/3.4.4/spring-boot-starter-web-3.4.4-sources.jar
2025-03-21 14:19:34,308 [Worker-12: Download sources and javadoc] INFO  o.e.m.j.internal.DownloadSourcesJob - Downloaded sources for org.springframework.boot:spring-boot-starter-web:3.4.4
2025-03-21 14:19:34,655 [Worker-12: Download sources and javadoc] INFO  o.e.m.c.i.e.AbstractTransferListenerAdapter - Downloading https://repo.maven.apache.org/maven2/org/springframework/boot/spring-boot-starter/3.4.4/spring-boot-starter-3.4.4-sources.jar
2025-03-21 14:19:34,749 [Worker-12: Download sources and javadoc] INFO  o.e.m.c.i.e.AbstractTransferListenerAdapter - Downloaded https://repo.maven.apache.org/maven2/org/springframework/boot/spring-boot-starter/3.4.4/spring-boot-starter-3.4.4-sources.jar
2025-03-21 14:19:34,753 [Worker-12: Download sources and javadoc] INFO  o.e.m.j.internal.DownloadSourcesJob - Downloaded sources for org.springframework.boot:spring-boot-starter:3.4.4
2025-03-21 14:19:34,902 [Worker-13: Building] INFO  o.a.m.s.f.DefaultMavenResourcesFiltering - Copying 1 resource from src\main\resources to target\classes
2025-03-21 14:19:34,926 [Worker-13: Building] INFO  o.a.m.s.f.DefaultMavenResourcesFiltering - Copying 0 resource from src\main\resources to target\classes
2025-03-21 14:19:34,935 [Worker-13: Building] INFO  o.a.m.s.f.DefaultMavenResourcesFiltering - skip non existing resourceDirectory C:\Users\butke\Downloads\productapp\productapp\src\test\resources
2025-03-21 14:19:35,073 [Worker-12: Download sources and javadoc] INFO  o.e.m.c.i.e.AbstractTransferListenerAdapter - Downloading https://repo.maven.apache.org/maven2/org/springframework/boot/spring-boot-starter-logging/3.4.4/spring-boot-starter-logging-3.4.4-sources.jar
2025-03-21 14:19:35,223 [Worker-12: Download sources and javadoc] INFO  o.e.m.c.i.e.AbstractTransferListenerAdapter - Downloaded https://repo.maven.apache.org/maven2/org/springframework/boot/spring-boot-starter-logging/3.4.4/spring-boot-starter-logging-3.4.4-sources.jar
2025-03-21 14:19:35,228 [Worker-12: Download sources and javadoc] INFO  o.e.m.j.internal.DownloadSourcesJob - Downloaded sources for org.springframework.boot:spring-boot-starter-logging:3.4.4
2025-03-21 14:19:35,563 [Worker-12: Download sources and javadoc] INFO  o.e.m.c.i.e.AbstractTransferListenerAdapter - Downloading https://repo.maven.apache.org/maven2/ch/qos/logback/logback-classic/1.5.18/logback-classic-1.5.18-sources.jar
2025-03-21 14:19:36,427 [Worker-12: Download sources and javadoc] INFO  o.e.m.c.i.e.AbstractTransferListenerAdapter - Downloaded https://repo.maven.apache.org/maven2/ch/qos/logback/logback-classic/1.5.18/logback-classic-1.5.18-sources.jar
2025-03-21 14:19:36,433 [Worker-12: Download sources and javadoc] INFO  o.e.m.j.internal.DownloadSourcesJob - Downloaded sources for ch.qos.logback:logback-classic:1.5.18
2025-03-21 14:19:36,928 [Worker-12: Download sources and javadoc] INFO  o.e.m.c.i.e.AbstractTransferListenerAdapter - Downloading https://repo.maven.apache.org/maven2/ch/qos/logback/logback-core/1.5.18/logback-core-1.5.18-sources.jar
2025-03-21 14:19:37,467 [Worker-12: Download sources and javadoc] INFO  o.e.m.c.i.e.AbstractTransferListenerAdapter - Downloaded https://repo.maven.apache.org/maven2/ch/qos/logback/logback-core/1.5.18/logback-core-1.5.18-sources.jar
2025-03-21 14:19:37,475 [Worker-12: Download sources and javadoc] INFO  o.e.m.j.internal.DownloadSourcesJob - Downloaded sources for ch.qos.logback:logback-core:1.5.18
2025-03-21 14:19:37,866 [Worker-12: Download sources and javadoc] INFO  o.e.m.c.i.e.AbstractTransferListenerAdapter - Downloading https://repo.maven.apache.org/maven2/org/slf4j/jul-to-slf4j/2.0.17/jul-to-slf4j-2.0.17-sources.jar
2025-03-21 14:19:38,039 [Worker-12: Download sources and javadoc] INFO  o.e.m.c.i.e.AbstractTransferListenerAdapter - Downloaded https://repo.maven.apache.org/maven2/org/slf4j/jul-to-slf4j/2.0.17/jul-to-slf4j-2.0.17-sources.jar
2025-03-21 14:19:38,044 [Worker-12: Download sources and javadoc] INFO  o.e.m.j.internal.DownloadSourcesJob - Downloaded sources for org.slf4j:jul-to-slf4j:2.0.17
2025-03-21 14:19:38,390 [Worker-12: Download sources and javadoc] INFO  o.e.m.c.i.e.AbstractTransferListenerAdapter - Downloading https://repo.maven.apache.org/maven2/org/springframework/boot/spring-boot-starter-json/3.4.4/spring-boot-starter-json-3.4.4-sources.jar
2025-03-21 14:19:38,556 [Worker-12: Download sources and javadoc] INFO  o.e.m.c.i.e.AbstractTransferListenerAdapter - Downloaded https://repo.maven.apache.org/maven2/org/springframework/boot/spring-boot-starter-json/3.4.4/spring-boot-starter-json-3.4.4-sources.jar
2025-03-21 14:19:38,559 [Worker-12: Download sources and javadoc] INFO  o.e.m.j.internal.DownloadSourcesJob - Downloaded sources for org.springframework.boot:spring-boot-starter-json:3.4.4
2025-03-21 14:19:38,959 [Worker-12: Download sources and javadoc] INFO  o.e.m.c.i.e.AbstractTransferListenerAdapter - Downloading https://repo.maven.apache.org/maven2/com/fasterxml/jackson/core/jackson-databind/2.18.3/jackson-databind-2.18.3-sources.jar
2025-03-21 14:19:45,473 [Worker-12: Download sources and javadoc] INFO  o.e.m.c.i.e.AbstractTransferListenerAdapter - Downloaded https://repo.maven.apache.org/maven2/com/fasterxml/jackson/core/jackson-databind/2.18.3/jackson-databind-2.18.3-sources.jar
2025-03-21 14:19:45,478 [Worker-12: Download sources and javadoc] INFO  o.e.m.j.internal.DownloadSourcesJob - Downloaded sources for com.fasterxml.jackson.core:jackson-databind:2.18.3
2025-03-21 14:19:45,903 [Worker-12: Download sources and javadoc] INFO  o.e.m.c.i.e.AbstractTransferListenerAdapter - Downloading https://repo.maven.apache.org/maven2/com/fasterxml/jackson/core/jackson-annotations/2.18.3/jackson-annotations-2.18.3-sources.jar
2025-03-21 14:19:46,089 [Worker-12: Download sources and javadoc] INFO  o.e.m.c.i.e.AbstractTransferListenerAdapter - Downloaded https://repo.maven.apache.org/maven2/com/fasterxml/jackson/core/jackson-annotations/2.18.3/jackson-annotations-2.18.3-sources.jar
2025-03-21 14:19:46,093 [Worker-12: Download sources and javadoc] INFO  o.e.m.j.internal.DownloadSourcesJob - Downloaded sources for com.fasterxml.jackson.core:jackson-annotations:2.18.3
2025-03-21 14:19:46,483 [Worker-12: Download sources and javadoc] INFO  o.e.m.c.i.e.AbstractTransferListenerAdapter - Downloading https://repo.maven.apache.org/maven2/com/fasterxml/jackson/core/jackson-core/2.18.3/jackson-core-2.18.3-sources.jar
2025-03-21 14:19:46,921 [Worker-12: Download sources and javadoc] INFO  o.e.m.c.i.e.AbstractTransferListenerAdapter - Downloaded https://repo.maven.apache.org/maven2/com/fasterxml/jackson/core/jackson-core/2.18.3/jackson-core-2.18.3-sources.jar
2025-03-21 14:19:46,925 [Worker-12: Download sources and javadoc] INFO  o.e.m.j.internal.DownloadSourcesJob - Downloaded sources for com.fasterxml.jackson.core:jackson-core:2.18.3
2025-03-21 14:19:47,361 [Worker-12: Download sources and javadoc] INFO  o.e.m.c.i.e.AbstractTransferListenerAdapter - Downloading https://repo.maven.apache.org/maven2/com/fasterxml/jackson/datatype/jackson-datatype-jdk8/2.18.3/jackson-datatype-jdk8-2.18.3-sources.jar
2025-03-21 14:19:47,678 [Worker-12: Download sources and javadoc] INFO  o.e.m.c.i.e.AbstractTransferListenerAdapter - Downloaded https://repo.maven.apache.org/maven2/com/fasterxml/jackson/datatype/jackson-datatype-jdk8/2.18.3/jackson-datatype-jdk8-2.18.3-sources.jar
2025-03-21 14:19:47,681 [Worker-12: Download sources and javadoc] INFO  o.e.m.j.internal.DownloadSourcesJob - Downloaded sources for com.fasterxml.jackson.datatype:jackson-datatype-jdk8:2.18.3
2025-03-21 14:19:48,086 [Worker-12: Download sources and javadoc] INFO  o.e.m.c.i.e.AbstractTransferListenerAdapter - Downloading https://repo.maven.apache.org/maven2/com/fasterxml/jackson/datatype/jackson-datatype-jsr310/2.18.3/jackson-datatype-jsr310-2.18.3-sources.jar
2025-03-21 14:19:48,288 [Worker-12: Download sources and javadoc] INFO  o.e.m.c.i.e.AbstractTransferListenerAdapter - Downloaded https://repo.maven.apache.org/maven2/com/fasterxml/jackson/datatype/jackson-datatype-jsr310/2.18.3/jackson-datatype-jsr310-2.18.3-sources.jar
2025-03-21 14:19:48,291 [Worker-12: Download sources and javadoc] INFO  o.e.m.j.internal.DownloadSourcesJob - Downloaded sources for com.fasterxml.jackson.datatype:jackson-datatype-jsr310:2.18.3
2025-03-21 14:19:48,730 [Worker-12: Download sources and javadoc] INFO  o.e.m.c.i.e.AbstractTransferListenerAdapter - Downloading https://repo.maven.apache.org/maven2/com/fasterxml/jackson/module/jackson-module-parameter-names/2.18.3/jackson-module-parameter-names-2.18.3-sources.jar
2025-03-21 14:19:48,872 [Worker-12: Download sources and javadoc] INFO  o.e.m.c.i.e.AbstractTransferListenerAdapter - Downloaded https://repo.maven.apache.org/maven2/com/fasterxml/jackson/module/jackson-module-parameter-names/2.18.3/jackson-module-parameter-names-2.18.3-sources.jar
2025-03-21 14:19:48,876 [Worker-12: Download sources and javadoc] INFO  o.e.m.j.internal.DownloadSourcesJob - Downloaded sources for com.fasterxml.jackson.module:jackson-module-parameter-names:2.18.3
2025-03-21 14:19:49,275 [Worker-12: Download sources and javadoc] INFO  o.e.m.c.i.e.AbstractTransferListenerAdapter - Downloading https://repo.maven.apache.org/maven2/org/springframework/boot/spring-boot-starter-tomcat/3.4.4/spring-boot-starter-tomcat-3.4.4-sources.jar
2025-03-21 14:19:49,411 [Worker-12: Download sources and javadoc] INFO  o.e.m.c.i.e.AbstractTransferListenerAdapter - Downloaded https://repo.maven.apache.org/maven2/org/springframework/boot/spring-boot-starter-tomcat/3.4.4/spring-boot-starter-tomcat-3.4.4-sources.jar
2025-03-21 14:19:49,413 [Worker-12: Download sources and javadoc] INFO  o.e.m.j.internal.DownloadSourcesJob - Downloaded sources for org.springframework.boot:spring-boot-starter-tomcat:3.4.4
2025-03-21 14:19:49,952 [Worker-12: Download sources and javadoc] INFO  o.e.m.c.i.e.AbstractTransferListenerAdapter - Downloading https://repo.maven.apache.org/maven2/org/apache/tomcat/embed/tomcat-embed-core/10.1.39/tomcat-embed-core-10.1.39-sources.jar
2025-03-21 14:19:52,192 [Worker-12: Download sources and javadoc] INFO  o.e.m.c.i.e.AbstractTransferListenerAdapter - Downloaded https://repo.maven.apache.org/maven2/org/apache/tomcat/embed/tomcat-embed-core/10.1.39/tomcat-embed-core-10.1.39-sources.jar
2025-03-21 14:19:52,199 [Worker-12: Download sources and javadoc] INFO  o.e.m.j.internal.DownloadSourcesJob - Downloaded sources for org.apache.tomcat.embed:tomcat-embed-core:10.1.39
2025-03-21 14:19:53,465 [Worker-12: Download sources and javadoc] INFO  o.e.m.c.i.e.AbstractTransferListenerAdapter - Downloading https://repo.maven.apache.org/maven2/org/apache/tomcat/embed/tomcat-embed-el/10.1.39/tomcat-embed-el-10.1.39-sources.jar
2025-03-21 14:19:53,567 [Worker-12: Download sources and javadoc] INFO  o.e.m.c.i.e.AbstractTransferListenerAdapter - Downloaded https://repo.maven.apache.org/maven2/org/apache/tomcat/embed/tomcat-embed-el/10.1.39/tomcat-embed-el-10.1.39-sources.jar
2025-03-21 14:19:53,574 [Worker-12: Download sources and javadoc] INFO  o.e.m.j.internal.DownloadSourcesJob - Downloaded sources for org.apache.tomcat.embed:tomcat-embed-el:10.1.39
2025-03-21 14:19:53,849 [Worker-12: Download sources and javadoc] INFO  o.e.m.c.i.e.AbstractTransferListenerAdapter - Downloading https://repo.maven.apache.org/maven2/org/apache/tomcat/embed/tomcat-embed-websocket/10.1.39/tomcat-embed-websocket-10.1.39-sources.jar
2025-03-21 14:19:54,041 [Worker-12: Download sources and javadoc] INFO  o.e.m.c.i.e.AbstractTransferListenerAdapter - Downloaded https://repo.maven.apache.org/maven2/org/apache/tomcat/embed/tomcat-embed-websocket/10.1.39/tomcat-embed-websocket-10.1.39-sources.jar
2025-03-21 14:19:54,045 [Worker-12: Download sources and javadoc] INFO  o.e.m.j.internal.DownloadSourcesJob - Downloaded sources for org.apache.tomcat.embed:tomcat-embed-websocket:10.1.39
2025-03-21 14:19:54,399 [Worker-12: Download sources and javadoc] INFO  o.e.m.c.i.e.AbstractTransferListenerAdapter - Downloading https://repo.maven.apache.org/maven2/org/springframework/spring-web/6.2.5/spring-web-6.2.5-sources.jar
2025-03-21 14:19:57,700 [Worker-12: Download sources and javadoc] INFO  o.e.m.c.i.e.AbstractTransferListenerAdapter - Downloaded https://repo.maven.apache.org/maven2/org/springframework/spring-web/6.2.5/spring-web-6.2.5-sources.jar
2025-03-21 14:19:57,705 [Worker-12: Download sources and javadoc] INFO  o.e.m.j.internal.DownloadSourcesJob - Downloaded sources for org.springframework:spring-web:6.2.5
2025-03-21 14:19:58,124 [Worker-12: Download sources and javadoc] INFO  o.e.m.c.i.e.AbstractTransferListenerAdapter - Downloading https://repo.maven.apache.org/maven2/org/springframework/spring-beans/6.2.5/spring-beans-6.2.5-sources.jar
2025-03-21 14:19:58,644 [Worker-12: Download sources and javadoc] INFO  o.e.m.c.i.e.AbstractTransferListenerAdapter - Downloaded https://repo.maven.apache.org/maven2/org/springframework/spring-beans/6.2.5/spring-beans-6.2.5-sources.jar
2025-03-21 14:19:58,649 [Worker-12: Download sources and javadoc] INFO  o.e.m.j.internal.DownloadSourcesJob - Downloaded sources for org.springframework:spring-beans:6.2.5
2025-03-21 14:19:59,062 [Worker-12: Download sources and javadoc] INFO  o.e.m.c.i.e.AbstractTransferListenerAdapter - Downloading https://repo.maven.apache.org/maven2/org/springframework/spring-webmvc/6.2.5/spring-webmvc-6.2.5-sources.jar
2025-03-21 14:19:59,491 [Worker-12: Download sources and javadoc] INFO  o.e.m.c.i.e.AbstractTransferListenerAdapter - Downloaded https://repo.maven.apache.org/maven2/org/springframework/spring-webmvc/6.2.5/spring-webmvc-6.2.5-sources.jar
2025-03-21 14:19:59,495 [Worker-12: Download sources and javadoc] INFO  o.e.m.j.internal.DownloadSourcesJob - Downloaded sources for org.springframework:spring-webmvc:6.2.5
2025-03-21 14:20:00,048 [Worker-12: Download sources and javadoc] INFO  o.e.m.c.i.e.AbstractTransferListenerAdapter - Downloading https://repo.maven.apache.org/maven2/org/springframework/spring-aop/6.2.5/spring-aop-6.2.5-sources.jar
2025-03-21 14:20:00,640 [Worker-12: Download sources and javadoc] INFO  o.e.m.c.i.e.AbstractTransferListenerAdapter - Downloaded https://repo.maven.apache.org/maven2/org/springframework/spring-aop/6.2.5/spring-aop-6.2.5-sources.jar
2025-03-21 14:20:00,646 [Worker-12: Download sources and javadoc] INFO  o.e.m.j.internal.DownloadSourcesJob - Downloaded sources for org.springframework:spring-aop:6.2.5
2025-03-21 14:20:01,110 [Worker-12: Download sources and javadoc] INFO  o.e.m.c.i.e.AbstractTransferListenerAdapter - Downloading https://repo.maven.apache.org/maven2/org/springframework/spring-context/6.2.5/spring-context-6.2.5-sources.jar
2025-03-21 14:20:02,082 [Worker-12: Download sources and javadoc] INFO  o.e.m.c.i.e.AbstractTransferListenerAdapter - Downloaded https://repo.maven.apache.org/maven2/org/springframework/spring-context/6.2.5/spring-context-6.2.5-sources.jar
2025-03-21 14:20:02,085 [Worker-12: Download sources and javadoc] INFO  o.e.m.j.internal.DownloadSourcesJob - Downloaded sources for org.springframework:spring-context:6.2.5
2025-03-21 14:20:02,535 [Worker-12: Download sources and javadoc] INFO  o.e.m.c.i.e.AbstractTransferListenerAdapter - Downloading https://repo.maven.apache.org/maven2/org/springframework/spring-expression/6.2.5/spring-expression-6.2.5-sources.jar
2025-03-21 14:20:02,881 [Worker-12: Download sources and javadoc] INFO  o.e.m.c.i.e.AbstractTransferListenerAdapter - Downloaded https://repo.maven.apache.org/maven2/org/springframework/spring-expression/6.2.5/spring-expression-6.2.5-sources.jar
2025-03-21 14:20:02,885 [Worker-12: Download sources and javadoc] INFO  o.e.m.j.internal.DownloadSourcesJob - Downloaded sources for org.springframework:spring-expression:6.2.5
2025-03-21 14:20:03,377 [Worker-12: Download sources and javadoc] INFO  o.e.m.c.i.e.AbstractTransferListenerAdapter - Downloading https://repo.maven.apache.org/maven2/org/springframework/boot/spring-boot-devtools/3.4.4/spring-boot-devtools-3.4.4-sources.jar
2025-03-21 14:20:03,678 [Worker-12: Download sources and javadoc] INFO  o.e.m.c.i.e.AbstractTransferListenerAdapter - Downloaded https://repo.maven.apache.org/maven2/org/springframework/boot/spring-boot-devtools/3.4.4/spring-boot-devtools-3.4.4-sources.jar
2025-03-21 14:20:03,681 [Worker-12: Download sources and javadoc] INFO  o.e.m.j.internal.DownloadSourcesJob - Downloaded sources for org.springframework.boot:spring-boot-devtools:3.4.4
2025-03-21 14:20:04,201 [Worker-12: Download sources and javadoc] INFO  o.e.m.c.i.e.AbstractTransferListenerAdapter - Downloading https://repo.maven.apache.org/maven2/org/springframework/boot/spring-boot/3.4.4/spring-boot-3.4.4-sources.jar
2025-03-21 14:20:05,505 [Worker-12: Download sources and javadoc] INFO  o.e.m.c.i.e.AbstractTransferListenerAdapter - Downloaded https://repo.maven.apache.org/maven2/org/springframework/boot/spring-boot/3.4.4/spring-boot-3.4.4-sources.jar
2025-03-21 14:20:05,510 [Worker-12: Download sources and javadoc] INFO  o.e.m.j.internal.DownloadSourcesJob - Downloaded sources for org.springframework.boot:spring-boot:3.4.4
2025-03-21 14:20:05,945 [Worker-12: Download sources and javadoc] INFO  o.e.m.c.i.e.AbstractTransferListenerAdapter - Downloading https://repo.maven.apache.org/maven2/org/springframework/boot/spring-boot-autoconfigure/3.4.4/spring-boot-autoconfigure-3.4.4-sources.jar
2025-03-21 14:20:06,774 [Worker-12: Download sources and javadoc] INFO  o.e.m.c.i.e.AbstractTransferListenerAdapter - Downloaded https://repo.maven.apache.org/maven2/org/springframework/boot/spring-boot-autoconfigure/3.4.4/spring-boot-autoconfigure-3.4.4-sources.jar
2025-03-21 14:20:06,777 [Worker-12: Download sources and javadoc] INFO  o.e.m.j.internal.DownloadSourcesJob - Downloaded sources for org.springframework.boot:spring-boot-autoconfigure:3.4.4
2025-03-21 14:20:07,068 [Worker-12: Download sources and javadoc] INFO  o.e.m.c.i.e.AbstractTransferListenerAdapter - Downloading https://repo.maven.apache.org/maven2/org/springframework/boot/spring-boot-starter-test/3.4.4/spring-boot-starter-test-3.4.4-sources.jar
2025-03-21 14:20:07,182 [Worker-12: Download sources and javadoc] INFO  o.e.m.c.i.e.AbstractTransferListenerAdapter - Downloaded https://repo.maven.apache.org/maven2/org/springframework/boot/spring-boot-starter-test/3.4.4/spring-boot-starter-test-3.4.4-sources.jar
2025-03-21 14:20:07,186 [Worker-12: Download sources and javadoc] INFO  o.e.m.j.internal.DownloadSourcesJob - Downloaded sources for org.springframework.boot:spring-boot-starter-test:3.4.4
2025-03-21 14:20:07,638 [Worker-12: Download sources and javadoc] INFO  o.e.m.c.i.e.AbstractTransferListenerAdapter - Downloading https://repo.maven.apache.org/maven2/org/springframework/boot/spring-boot-test/3.4.4/spring-boot-test-3.4.4-sources.jar
2025-03-21 14:20:07,946 [Worker-12: Download sources and javadoc] INFO  o.e.m.c.i.e.AbstractTransferListenerAdapter - Downloaded https://repo.maven.apache.org/maven2/org/springframework/boot/spring-boot-test/3.4.4/spring-boot-test-3.4.4-sources.jar
2025-03-21 14:20:07,950 [Worker-12: Download sources and javadoc] INFO  o.e.m.j.internal.DownloadSourcesJob - Downloaded sources for org.springframework.boot:spring-boot-test:3.4.4
2025-03-21 14:20:08,374 [Worker-12: Download sources and javadoc] INFO  o.e.m.c.i.e.AbstractTransferListenerAdapter - Downloading https://repo.maven.apache.org/maven2/org/springframework/boot/spring-boot-test-autoconfigure/3.4.4/spring-boot-test-autoconfigure-3.4.4-sources.jar
2025-03-21 14:20:08,609 [Worker-12: Download sources and javadoc] INFO  o.e.m.c.i.e.AbstractTransferListenerAdapter - Downloaded https://repo.maven.apache.org/maven2/org/springframework/boot/spring-boot-test-autoconfigure/3.4.4/spring-boot-test-autoconfigure-3.4.4-sources.jar
2025-03-21 14:20:08,613 [Worker-12: Download sources and javadoc] INFO  o.e.m.j.internal.DownloadSourcesJob - Downloaded sources for org.springframework.boot:spring-boot-test-autoconfigure:3.4.4
2025-03-21 14:20:09,112 [Worker-12: Download sources and javadoc] INFO  o.e.m.c.i.e.AbstractTransferListenerAdapter - Downloading https://repo.maven.apache.org/maven2/org/slf4j/slf4j-api/2.0.17/slf4j-api-2.0.17-sources.jar
2025-03-21 14:20:09,315 [Worker-12: Download sources and javadoc] INFO  o.e.m.c.i.e.AbstractTransferListenerAdapter - Downloaded https://repo.maven.apache.org/maven2/org/slf4j/slf4j-api/2.0.17/slf4j-api-2.0.17-sources.jar
2025-03-21 14:20:09,324 [Worker-12: Download sources and javadoc] INFO  o.e.m.j.internal.DownloadSourcesJob - Downloaded sources for org.slf4j:slf4j-api:2.0.17
2025-03-21 14:20:09,731 [Worker-12: Download sources and javadoc] INFO  o.e.m.c.i.e.AbstractTransferListenerAdapter - Downloading https://repo.maven.apache.org/maven2/org/springframework/spring-core/6.2.5/spring-core-6.2.5-sources.jar
2025-03-21 14:20:17,526 [Worker-12: Download sources and javadoc] INFO  o.e.m.c.i.e.AbstractTransferListenerAdapter - Downloaded https://repo.maven.apache.org/maven2/org/springframework/spring-core/6.2.5/spring-core-6.2.5-sources.jar
2025-03-21 14:20:17,528 [Worker-12: Download sources and javadoc] INFO  o.e.m.j.internal.DownloadSourcesJob - Downloaded sources for org.springframework:spring-core:6.2.5
2025-03-21 14:20:19,118 [Worker-12: Download sources and javadoc] INFO  o.e.m.c.i.e.AbstractTransferListenerAdapter - Downloading https://repo.maven.apache.org/maven2/org/springframework/spring-jcl/6.2.5/spring-jcl-6.2.5-sources.jar
2025-03-21 14:20:19,324 [Worker-12: Download sources and javadoc] INFO  o.e.m.c.i.e.AbstractTransferListenerAdapter - Downloaded https://repo.maven.apache.org/maven2/org/springframework/spring-jcl/6.2.5/spring-jcl-6.2.5-sources.jar
2025-03-21 14:20:19,326 [Worker-12: Download sources and javadoc] INFO  o.e.m.j.internal.DownloadSourcesJob - Downloaded sources for org.springframework:spring-jcl:6.2.5
2025-03-21 14:20:19,883 [Worker-12: Download sources and javadoc] INFO  o.e.m.c.i.e.AbstractTransferListenerAdapter - Downloading https://repo.maven.apache.org/maven2/org/springframework/spring-test/6.2.5/spring-test-6.2.5-sources.jar
2025-03-21 14:20:21,707 [Worker-12: Download sources and javadoc] INFO  o.e.m.c.i.e.AbstractTransferListenerAdapter - Downloaded https://repo.maven.apache.org/maven2/org/springframework/spring-test/6.2.5/spring-test-6.2.5-sources.jar
2025-03-21 14:20:21,711 [Worker-12: Download sources and javadoc] INFO  o.e.m.j.internal.DownloadSourcesJob - Downloaded sources for org.springframework:spring-test:6.2.5
2025-03-21 14:20:22,193 [Worker-17: Building] INFO  o.a.m.s.f.DefaultMavenResourcesFiltering - Copying 0 resource from src\main\resources to target\classes
2025-03-21 14:20:22,194 [Worker-17: Building] INFO  o.a.m.s.f.DefaultMavenResourcesFiltering - Copying 0 resource from src\main\resources to target\classes
2025-03-21 14:20:22,202 [Worker-17: Building] INFO  o.a.m.s.f.DefaultMavenResourcesFiltering - skip non existing resourceDirectory C:\Users\butke\Downloads\productapp\productapp\src\test\resources
2025-03-21 14:23:55,249 [Worker-13: Building] INFO  o.a.m.s.f.DefaultMavenResourcesFiltering - Copying 1 resource from src\main\resources to target\classes
2025-03-21 14:23:55,259 [Worker-13: Building] INFO  o.a.m.s.f.DefaultMavenResourcesFiltering - Copying 0 resource from src\main\resources to target\classes
2025-03-21 14:23:55,264 [Worker-13: Building] INFO  o.a.m.s.f.DefaultMavenResourcesFiltering - skip non existing resourceDirectory C:\Users\butke\Downloads\productapp\productapp\src\test\resources
2025-03-21 14:26:12,174 [Worker-13: Building] INFO  o.e.m.c.i.l.LifecycleMappingFactory - Using org.eclipse.m2e.jdt.JarLifecycleMapping lifecycle mapping for MavenProject: com.training.springapp:productapp:0.0.1-SNAPSHOT @ C:\Users\butke\Downloads\productapp\productapp\pom.xml.
2025-03-21 14:26:12,996 [Worker-13: Building] INFO  o.a.m.s.f.DefaultMavenResourcesFiltering - Copying 0 resource from src\main\resources to target\classes
2025-03-21 14:26:12,996 [Worker-13: Building] INFO  o.a.m.s.f.DefaultMavenResourcesFiltering - Copying 0 resource from src\main\resources to target\classes
2025-03-21 14:26:13,003 [Worker-13: Building] INFO  o.a.m.s.f.DefaultMavenResourcesFiltering - skip non existing resourceDirectory C:\Users\butke\Downloads\productapp\productapp\src\test\resources
2025-03-21 14:26:23,318 [Worker-16: Building] INFO  o.e.m.c.i.l.LifecycleMappingFactory - Using org.eclipse.m2e.jdt.JarLifecycleMapping lifecycle mapping for MavenProject: com.training.springapp:productapp:0.0.1-SNAPSHOT @ C:\Users\butke\Downloads\productapp\productapp\pom.xml.
2025-03-21 14:26:23,636 [Worker-16: Building] INFO  o.a.m.s.f.DefaultMavenResourcesFiltering - Copying 0 resource from src\main\resources to target\classes
2025-03-21 14:26:23,636 [Worker-16: Building] INFO  o.a.m.s.f.DefaultMavenResourcesFiltering - Copying 0 resource from src\main\resources to target\classes
2025-03-21 14:26:23,641 [Worker-16: Building] INFO  o.a.m.s.f.DefaultMavenResourcesFiltering - skip non existing resourceDirectory C:\Users\butke\Downloads\productapp\productapp\src\test\resources
2025-03-21 14:28:52,299 [Worker-16: Building] INFO  o.a.m.s.f.DefaultMavenResourcesFiltering - Copying 1 resource from src\main\resources to target\classes
2025-03-21 14:28:52,337 [Worker-16: Building] INFO  o.a.m.s.f.DefaultMavenResourcesFiltering - Copying 0 resource from src\main\resources to target\classes
2025-03-21 14:28:52,344 [Worker-16: Building] INFO  o.a.m.s.f.DefaultMavenResourcesFiltering - skip non existing resourceDirectory C:\Users\butke\Downloads\productapp\productapp\src\test\resources
2025-03-21 14:30:50,721 [Worker-13: Building] INFO  o.a.m.s.f.DefaultMavenResourcesFiltering - Copying 1 resource from src\main\resources to target\classes
2025-03-21 14:30:50,738 [Worker-13: Building] INFO  o.a.m.s.f.DefaultMavenResourcesFiltering - Copying 0 resource from src\main\resources to target\classes
2025-03-21 14:30:50,741 [Worker-13: Building] INFO  o.a.m.s.f.DefaultMavenResourcesFiltering - skip non existing resourceDirectory C:\Users\butke\Downloads\productapp\productapp\src\test\resources
2025-03-21 14:35:07,629 [Worker-27: Building] INFO  o.a.m.s.f.DefaultMavenResourcesFiltering - Copying 1 resource from src\main\resources to target\classes
2025-03-21 14:35:07,640 [Worker-27: Building] INFO  o.a.m.s.f.DefaultMavenResourcesFiltering - Copying 0 resource from src\main\resources to target\classes
2025-03-21 14:35:07,643 [Worker-27: Building] INFO  o.a.m.s.f.DefaultMavenResourcesFiltering - skip non existing resourceDirectory C:\Users\butke\Downloads\productapp\productapp\src\test\resources
2025-03-21 14:37:41,424 [Worker-20: Building] INFO  o.a.m.s.f.DefaultMavenResourcesFiltering - Copying 1 resource from src\main\resources to target\classes
2025-03-21 14:37:41,495 [Worker-20: Building] INFO  o.a.m.s.f.DefaultMavenResourcesFiltering - Copying 0 resource from src\main\resources to target\classes
2025-03-21 14:37:41,502 [Worker-20: Building] INFO  o.a.m.s.f.DefaultMavenResourcesFiltering - skip non existing resourceDirectory C:\Users\butke\Downloads\productapp\productapp\src\test\resources
2025-03-21 14:38:12,073 [Worker-29: Building] INFO  o.a.m.s.f.DefaultMavenResourcesFiltering - Copying 1 resource from src\main\resources to target\classes
2025-03-21 14:38:12,090 [Worker-29: Building] INFO  o.a.m.s.f.DefaultMavenResourcesFiltering - Copying 0 resource from src\main\resources to target\classes
2025-03-21 14:38:12,094 [Worker-29: Building] INFO  o.a.m.s.f.DefaultMavenResourcesFiltering - skip non existing resourceDirectory C:\Users\butke\Downloads\productapp\productapp\src\test\resources
2025-03-21 14:38:21,413 [Worker-20: Building] INFO  o.a.m.s.f.DefaultMavenResourcesFiltering - Copying 1 resource from src\main\resources to target\classes
2025-03-21 14:38:21,450 [Worker-20: Building] INFO  o.a.m.s.f.DefaultMavenResourcesFiltering - Copying 0 resource from src\main\resources to target\classes
2025-03-21 14:38:21,457 [Worker-20: Building] INFO  o.a.m.s.f.DefaultMavenResourcesFiltering - skip non existing resourceDirectory C:\Users\butke\Downloads\productapp\productapp\src\test\resources
2025-03-21 14:39:06,493 [Worker-16: Building] INFO  o.a.m.s.f.DefaultMavenResourcesFiltering - Copying 1 resource from src\main\resources to target\classes
2025-03-21 14:39:06,516 [Worker-16: Building] INFO  o.a.m.s.f.DefaultMavenResourcesFiltering - Copying 0 resource from src\main\resources to target\classes
2025-03-21 14:39:06,520 [Worker-16: Building] INFO  o.a.m.s.f.DefaultMavenResourcesFiltering - skip non existing resourceDirectory C:\Users\butke\Downloads\productapp\productapp\src\test\resources
2025-03-21 14:39:30,582 [Worker-29: Building] INFO  o.a.m.s.f.DefaultMavenResourcesFiltering - Copying 1 resource from src\main\resources to target\classes
2025-03-21 14:39:30,592 [Worker-29: Building] INFO  o.a.m.s.f.DefaultMavenResourcesFiltering - Copying 0 resource from src\main\resources to target\classes
2025-03-21 14:39:30,595 [Worker-29: Building] INFO  o.a.m.s.f.DefaultMavenResourcesFiltering - skip non existing resourceDirectory C:\Users\butke\Downloads\productapp\productapp\src\test\resources
2025-03-21 14:39:58,175 [Worker-27: Building] INFO  o.a.m.s.f.DefaultMavenResourcesFiltering - Copying 1 resource from src\main\resources to target\classes
2025-03-21 14:39:58,198 [Worker-27: Building] INFO  o.a.m.s.f.DefaultMavenResourcesFiltering - Copying 0 resource from src\main\resources to target\classes
2025-03-21 14:39:58,201 [Worker-27: Building] INFO  o.a.m.s.f.DefaultMavenResourcesFiltering - skip non existing resourceDirectory C:\Users\butke\Downloads\productapp\productapp\src\test\resources
2025-03-21 14:40:07,634 [Worker-20: Building] INFO  o.a.m.s.f.DefaultMavenResourcesFiltering - Copying 1 resource from src\main\resources to target\classes
2025-03-21 14:40:07,698 [Worker-20: Building] INFO  o.a.m.s.f.DefaultMavenResourcesFiltering - Copying 0 resource from src\main\resources to target\classes
2025-03-21 14:40:07,704 [Worker-20: Building] INFO  o.a.m.s.f.DefaultMavenResourcesFiltering - skip non existing resourceDirectory C:\Users\butke\Downloads\productapp\productapp\src\test\resources
2025-03-21 14:40:31,480 [Worker-27: Building] INFO  o.a.m.s.f.DefaultMavenResourcesFiltering - Copying 1 resource from src\main\resources to target\classes
2025-03-21 14:40:31,499 [Worker-27: Building] INFO  o.a.m.s.f.DefaultMavenResourcesFiltering - Copying 0 resource from src\main\resources to target\classes
2025-03-21 14:40:31,503 [Worker-27: Building] INFO  o.a.m.s.f.DefaultMavenResourcesFiltering - skip non existing resourceDirectory C:\Users\butke\Downloads\productapp\productapp\src\test\resources
2025-03-21 14:43:33,497 [Worker-31: Building] INFO  o.a.m.s.f.DefaultMavenResourcesFiltering - Copying 1 resource from src\main\resources to target\classes
2025-03-21 14:43:33,515 [Worker-31: Building] INFO  o.a.m.s.f.DefaultMavenResourcesFiltering - Copying 0 resource from src\main\resources to target\classes
2025-03-21 14:43:33,520 [Worker-31: Building] INFO  o.a.m.s.f.DefaultMavenResourcesFiltering - skip non existing resourceDirectory C:\Users\butke\Downloads\productapp\productapp\src\test\resources
2025-03-21 14:44:07,599 [Worker-28: Building] INFO  o.a.m.s.f.DefaultMavenResourcesFiltering - Copying 1 resource from src\main\resources to target\classes
2025-03-21 14:44:07,624 [Worker-28: Building] INFO  o.a.m.s.f.DefaultMavenResourcesFiltering - Copying 0 resource from src\main\resources to target\classes
2025-03-21 14:44:07,632 [Worker-28: Building] INFO  o.a.m.s.f.DefaultMavenResourcesFiltering - skip non existing resourceDirectory C:\Users\butke\Downloads\productapp\productapp\src\test\resources
2025-03-21 14:45:17,254 [Worker-33: Building] INFO  o.a.m.s.f.DefaultMavenResourcesFiltering - Copying 1 resource from src\main\resources to target\classes
2025-03-21 14:45:17,317 [Worker-33: Building] INFO  o.a.m.s.f.DefaultMavenResourcesFiltering - Copying 0 resource from src\main\resources to target\classes
2025-03-21 14:45:17,321 [Worker-33: Building] INFO  o.a.m.s.f.DefaultMavenResourcesFiltering - skip non existing resourceDirectory C:\Users\butke\Downloads\productapp\productapp\src\test\resources
2025-03-21 14:45:24,645 [Worker-32: Building] INFO  o.a.m.s.f.DefaultMavenResourcesFiltering - Copying 1 resource from src\main\resources to target\classes
2025-03-21 14:45:24,715 [Worker-32: Building] INFO  o.a.m.s.f.DefaultMavenResourcesFiltering - Copying 0 resource from src\main\resources to target\classes
2025-03-21 14:45:24,722 [Worker-32: Building] INFO  o.a.m.s.f.DefaultMavenResourcesFiltering - skip non existing resourceDirectory C:\Users\butke\Downloads\productapp\productapp\src\test\resources
2025-03-21 14:45:35,049 [Worker-31: Building] INFO  o.a.m.s.f.DefaultMavenResourcesFiltering - Copying 1 resource from src\main\resources to target\classes
2025-03-21 14:45:35,064 [Worker-31: Building] INFO  o.a.m.s.f.DefaultMavenResourcesFiltering - Copying 0 resource from src\main\resources to target\classes
2025-03-21 14:45:35,067 [Worker-31: Building] INFO  o.a.m.s.f.DefaultMavenResourcesFiltering - skip non existing resourceDirectory C:\Users\butke\Downloads\productapp\productapp\src\test\resources
2025-03-21 14:46:27,251 [Worker-31: Building] INFO  o.a.m.s.f.DefaultMavenResourcesFiltering - Copying 1 resource from src\main\resources to target\classes
2025-03-21 14:46:27,261 [Worker-31: Building] INFO  o.a.m.s.f.DefaultMavenResourcesFiltering - Copying 0 resource from src\main\resources to target\classes
2025-03-21 14:46:27,265 [Worker-31: Building] INFO  o.a.m.s.f.DefaultMavenResourcesFiltering - skip non existing resourceDirectory C:\Users\butke\Downloads\productapp\productapp\src\test\resources
2025-03-21 14:46:50,099 [Worker-31: Building] INFO  o.a.m.s.f.DefaultMavenResourcesFiltering - Copying 1 resource from src\main\resources to target\classes
2025-03-21 14:46:50,112 [Worker-31: Building] INFO  o.a.m.s.f.DefaultMavenResourcesFiltering - Copying 0 resource from src\main\resources to target\classes
2025-03-21 14:46:50,115 [Worker-31: Building] INFO  o.a.m.s.f.DefaultMavenResourcesFiltering - skip non existing resourceDirectory C:\Users\butke\Downloads\productapp\productapp\src\test\resources
2025-03-21 14:46:53,464 [Worker-31: Building] INFO  o.a.m.s.f.DefaultMavenResourcesFiltering - Copying 1 resource from src\main\resources to target\classes
2025-03-21 14:46:53,477 [Worker-31: Building] INFO  o.a.m.s.f.DefaultMavenResourcesFiltering - Copying 0 resource from src\main\resources to target\classes
2025-03-21 14:46:53,481 [Worker-31: Building] INFO  o.a.m.s.f.DefaultMavenResourcesFiltering - skip non existing resourceDirectory C:\Users\butke\Downloads\productapp\productapp\src\test\resources
2025-03-21 14:46:55,639 [Worker-29: Building] INFO  o.a.m.s.f.DefaultMavenResourcesFiltering - Copying 1 resource from src\main\resources to target\classes
2025-03-21 14:46:55,653 [Worker-29: Building] INFO  o.a.m.s.f.DefaultMavenResourcesFiltering - Copying 0 resource from src\main\resources to target\classes
2025-03-21 14:46:55,663 [Worker-29: Building] INFO  o.a.m.s.f.DefaultMavenResourcesFiltering - skip non existing resourceDirectory C:\Users\butke\Downloads\productapp\productapp\src\test\resources
2025-03-21 14:48:47,094 [Worker-31: Building] INFO  o.a.m.s.f.DefaultMavenResourcesFiltering - Copying 1 resource from src\main\resources to target\classes
2025-03-21 14:48:47,104 [Worker-31: Building] INFO  o.a.m.s.f.DefaultMavenResourcesFiltering - Copying 0 resource from src\main\resources to target\classes
2025-03-21 14:48:47,108 [Worker-31: Building] INFO  o.a.m.s.f.DefaultMavenResourcesFiltering - skip non existing resourceDirectory C:\Users\butke\Downloads\productapp\productapp\src\test\resources
2025-03-21 14:49:33,319 [Worker-36: Building] INFO  o.a.m.s.f.DefaultMavenResourcesFiltering - Copying 1 resource from src\main\resources to target\classes
2025-03-21 14:49:33,424 [Worker-36: Building] INFO  o.a.m.s.f.DefaultMavenResourcesFiltering - Copying 0 resource from src\main\resources to target\classes
2025-03-21 14:49:33,430 [Worker-36: Building] INFO  o.a.m.s.f.DefaultMavenResourcesFiltering - skip non existing resourceDirectory C:\Users\butke\Downloads\productapp\productapp\src\test\resources
2025-03-21 14:50:31,605 [Worker-36: Building] INFO  o.a.m.s.f.DefaultMavenResourcesFiltering - Copying 1 resource from src\main\resources to target\classes
2025-03-21 14:50:31,765 [Worker-36: Building] INFO  o.a.m.s.f.DefaultMavenResourcesFiltering - Copying 0 resource from src\main\resources to target\classes
2025-03-21 14:50:31,771 [Worker-36: Building] INFO  o.a.m.s.f.DefaultMavenResourcesFiltering - skip non existing resourceDirectory C:\Users\butke\Downloads\productapp\productapp\src\test\resources
2025-03-21 14:51:25,711 [Worker-36: Building] INFO  o.a.m.s.f.DefaultMavenResourcesFiltering - Copying 1 resource from src\main\resources to target\classes
2025-03-21 14:51:27,119 [Worker-36: Building] INFO  o.a.m.s.f.DefaultMavenResourcesFiltering - Copying 0 resource from src\main\resources to target\classes
2025-03-21 14:51:27,189 [Worker-36: Building] INFO  o.a.m.s.f.DefaultMavenResourcesFiltering - skip non existing resourceDirectory C:\Users\butke\Downloads\productapp\productapp\src\test\resources
2025-03-21 14:51:45,778 [Worker-32: Building] INFO  o.a.m.s.f.DefaultMavenResourcesFiltering - Copying 1 resource from src\main\resources to target\classes
2025-03-21 14:51:45,798 [Worker-32: Building] INFO  o.a.m.s.f.DefaultMavenResourcesFiltering - Copying 0 resource from src\main\resources to target\classes
2025-03-21 14:51:45,801 [Worker-32: Building] INFO  o.a.m.s.f.DefaultMavenResourcesFiltering - skip non existing resourceDirectory C:\Users\butke\Downloads\productapp\productapp\src\test\resources
2025-03-21 14:52:20,479 [Worker-38: Building] INFO  o.a.m.s.f.DefaultMavenResourcesFiltering - Copying 1 resource from src\main\resources to target\classes
2025-03-21 14:52:20,498 [Worker-38: Building] INFO  o.a.m.s.f.DefaultMavenResourcesFiltering - Copying 0 resource from src\main\resources to target\classes
2025-03-21 14:52:20,501 [Worker-38: Building] INFO  o.a.m.s.f.DefaultMavenResourcesFiltering - skip non existing resourceDirectory C:\Users\butke\Downloads\productapp\productapp\src\test\resources
2025-03-21 14:53:06,549 [Worker-38: Building] INFO  o.a.m.s.f.DefaultMavenResourcesFiltering - Copying 1 resource from src\main\resources to target\classes
2025-03-21 14:53:06,582 [Worker-38: Building] INFO  o.a.m.s.f.DefaultMavenResourcesFiltering - Copying 0 resource from src\main\resources to target\classes
2025-03-21 14:53:06,586 [Worker-38: Building] INFO  o.a.m.s.f.DefaultMavenResourcesFiltering - skip non existing resourceDirectory C:\Users\butke\Downloads\productapp\productapp\src\test\resources
2025-03-21 14:53:21,215 [Worker-40: Building] INFO  o.a.m.s.f.DefaultMavenResourcesFiltering - Copying 1 resource from src\main\resources to target\classes
2025-03-21 14:53:21,243 [Worker-40: Building] INFO  o.a.m.s.f.DefaultMavenResourcesFiltering - Copying 0 resource from src\main\resources to target\classes
2025-03-21 14:53:21,251 [Worker-40: Building] INFO  o.a.m.s.f.DefaultMavenResourcesFiltering - skip non existing resourceDirectory C:\Users\butke\Downloads\productapp\productapp\src\test\resources
2025-03-21 14:53:46,776 [Worker-32: Building] INFO  o.a.m.s.f.DefaultMavenResourcesFiltering - Copying 1 resource from src\main\resources to target\classes
2025-03-21 14:53:46,801 [Worker-32: Building] INFO  o.a.m.s.f.DefaultMavenResourcesFiltering - Copying 0 resource from src\main\resources to target\classes
2025-03-21 14:53:46,809 [Worker-32: Building] INFO  o.a.m.s.f.DefaultMavenResourcesFiltering - skip non existing resourceDirectory C:\Users\butke\Downloads\productapp\productapp\src\test\resources
2025-03-21 14:53:49,980 [Worker-39: Building] INFO  o.a.m.s.f.DefaultMavenResourcesFiltering - Copying 1 resource from src\main\resources to target\classes
2025-03-21 14:53:50,004 [Worker-39: Building] INFO  o.a.m.s.f.DefaultMavenResourcesFiltering - Copying 0 resource from src\main\resources to target\classes
2025-03-21 14:53:50,011 [Worker-39: Building] INFO  o.a.m.s.f.DefaultMavenResourcesFiltering - skip non existing resourceDirectory C:\Users\butke\Downloads\productapp\productapp\src\test\resources
2025-03-21 15:01:22,856 [Worker-41: Building] INFO  o.a.m.s.f.DefaultMavenResourcesFiltering - Copying 1 resource from src\main\resources to target\classes
2025-03-21 15:01:22,891 [Worker-41: Building] INFO  o.a.m.s.f.DefaultMavenResourcesFiltering - Copying 0 resource from src\main\resources to target\classes
2025-03-21 15:01:22,900 [Worker-41: Building] INFO  o.a.m.s.f.DefaultMavenResourcesFiltering - skip non existing resourceDirectory C:\Users\butke\Downloads\productapp\productapp\src\test\resources
2025-03-21 15:01:29,573 [Worker-41: Updating Maven Project] INFO  o.e.m.c.i.p.ProjectConfigurationManager - Update started
2025-03-21 15:01:31,569 [Worker-41: Updating Maven Project] INFO  o.e.m.c.i.l.LifecycleMappingFactory - Using org.eclipse.m2e.jdt.JarLifecycleMapping lifecycle mapping for MavenProject: com.training.springapp:productapp:0.0.1-SNAPSHOT @ C:\Users\butke\Downloads\productapp\productapp\pom.xml.
2025-03-21 15:01:34,593 [Worker-41: Updating Maven Project] INFO  o.e.m.j.i.AbstractJavaProjectConfigurator - Adding source folder /productapp/src/main/java
2025-03-21 15:01:34,593 [Worker-41: Updating Maven Project] INFO  o.e.m.j.i.AbstractJavaProjectConfigurator - Adding resource folder /productapp/src/main/resources
2025-03-21 15:01:34,593 [Worker-41: Updating Maven Project] INFO  o.e.m.j.i.AbstractJavaProjectConfigurator - Adding resource folder /productapp/src/main/resources
2025-03-21 15:01:34,594 [Worker-41: Updating Maven Project] INFO  o.e.m.j.i.AbstractJavaProjectConfigurator - Adding source folder /productapp/src/test/java
2025-03-21 15:01:34,597 [Worker-41: Updating Maven Project] ERROR o.e.m.j.i.AbstractJavaProjectConfigurator - Failed to find a compatible VM for environment id 'JavaSE-17', falling back to workspace default
2025-03-21 15:01:35,108 [Worker-41: Updating Maven Project] INFO  o.e.m.c.i.p.ProjectConfigurationManager - Update completed for 1 poms: local refresh takes 0.00 sec, refresh facades takes 4.00 sec, update config takes 0.00 sec 
2025-03-21 15:01:35,998 [Worker-39: Building] INFO  o.a.m.s.f.DefaultMavenResourcesFiltering - Copying 1 resource from src\main\resources to target\classes
2025-03-21 15:01:36,058 [Worker-39: Building] INFO  o.a.m.s.f.DefaultMavenResourcesFiltering - Copying 0 resource from src\main\resources to target\classes
2025-03-21 15:01:36,067 [Worker-39: Building] INFO  o.a.m.s.f.DefaultMavenResourcesFiltering - skip non existing resourceDirectory C:\Users\butke\Downloads\productapp\productapp\src\test\resources
2025-03-21 15:02:23,337 [Worker-39: Building] INFO  o.a.m.s.f.DefaultMavenResourcesFiltering - Copying 1 resource from src\main\resources to target\classes
2025-03-21 15:02:23,363 [Worker-39: Building] INFO  o.a.m.s.f.DefaultMavenResourcesFiltering - Copying 0 resource from src\main\resources to target\classes
2025-03-21 15:02:23,369 [Worker-39: Building] INFO  o.a.m.s.f.DefaultMavenResourcesFiltering - skip non existing resourceDirectory C:\Users\butke\Downloads\productapp\productapp\src\test\resources
2025-03-21 15:02:39,473 [Worker-39: Building] INFO  o.a.m.s.f.DefaultMavenResourcesFiltering - Copying 1 resource from src\main\resources to target\classes
2025-03-21 15:02:39,490 [Worker-39: Building] INFO  o.a.m.s.f.DefaultMavenResourcesFiltering - Copying 0 resource from src\main\resources to target\classes
2025-03-21 15:02:39,495 [Worker-39: Building] INFO  o.a.m.s.f.DefaultMavenResourcesFiltering - skip non existing resourceDirectory C:\Users\butke\Downloads\productapp\productapp\src\test\resources
2025-03-21 15:02:46,824 [Worker-46: Building] INFO  o.a.m.s.f.DefaultMavenResourcesFiltering - Copying 1 resource from src\main\resources to target\classes
2025-03-21 15:02:46,846 [Worker-46: Building] INFO  o.a.m.s.f.DefaultMavenResourcesFiltering - Copying 0 resource from src\main\resources to target\classes
2025-03-21 15:02:46,853 [Worker-46: Building] INFO  o.a.m.s.f.DefaultMavenResourcesFiltering - skip non existing resourceDirectory C:\Users\butke\Downloads\productapp\productapp\src\test\resources
2025-03-21 15:02:51,589 [Worker-41: Building] INFO  o.a.m.s.f.DefaultMavenResourcesFiltering - Copying 1 resource from src\main\resources to target\classes
2025-03-21 15:02:51,607 [Worker-41: Building] INFO  o.a.m.s.f.DefaultMavenResourcesFiltering - Copying 0 resource from src\main\resources to target\classes
2025-03-21 15:02:51,613 [Worker-41: Building] INFO  o.a.m.s.f.DefaultMavenResourcesFiltering - skip non existing resourceDirectory C:\Users\butke\Downloads\productapp\productapp\src\test\resources
2025-03-21 15:03:17,006 [Worker-46: Building] INFO  o.a.m.s.f.DefaultMavenResourcesFiltering - Copying 1 resource from src\main\resources to target\classes
2025-03-21 15:03:17,022 [Worker-46: Building] INFO  o.a.m.s.f.DefaultMavenResourcesFiltering - Copying 0 resource from src\main\resources to target\classes
2025-03-21 15:03:17,022 [Worker-46: Building] INFO  o.a.m.s.f.DefaultMavenResourcesFiltering - skip non existing resourceDirectory C:\Users\butke\Downloads\productapp\productapp\src\test\resources
2025-03-21 15:03:33,363 [Worker-43: Building] INFO  o.a.m.s.f.DefaultMavenResourcesFiltering - Copying 1 resource from src\main\resources to target\classes
2025-03-21 15:03:33,368 [Worker-43: Building] INFO  o.a.m.s.f.DefaultMavenResourcesFiltering - Copying 0 resource from src\main\resources to target\classes
2025-03-21 15:03:33,373 [Worker-43: Building] INFO  o.a.m.s.f.DefaultMavenResourcesFiltering - skip non existing resourceDirectory C:\Users\butke\Downloads\productapp\productapp\src\test\resources
2025-03-21 15:04:08,183 [main] INFO  o.e.m2e.actions.ExecutePomAction - Creating new launch configuration
2025-03-21 15:04:14,691 [Worker-46: Launching productapp] INFO  o.eclipse.m2e.core.internal.Bundles - getClasspathEntries(Bundle=org.eclipse.m2e.maven.runtime_3.8.701.20230209-1606 [346])
2025-03-21 15:04:14,739 [Worker-46: Launching productapp] INFO  o.eclipse.m2e.core.internal.Bundles - 	Entry: D:\Softwares\sts-4.18.0.RELEASE\plugins\org.eclipse.m2e.maven.runtime_3.8.701.20230209-1606
2025-03-21 15:04:14,740 [Worker-46: Launching productapp] INFO  o.eclipse.m2e.core.internal.Bundles - 	Entry: D:\Softwares\sts-4.18.0.RELEASE\plugins\org.eclipse.m2e.maven.runtime_3.8.701.20230209-1606\jars\aether-connector-okhttp-0.17.8.jar
2025-03-21 15:04:14,741 [Worker-46: Launching productapp] INFO  o.eclipse.m2e.core.internal.Bundles - 	Entry: D:\Softwares\sts-4.18.0.RELEASE\plugins\org.eclipse.m2e.maven.runtime_3.8.701.20230209-1606\jars\commons-lang3-3.8.1.jar
2025-03-21 15:04:14,741 [Worker-46: Launching productapp] INFO  o.eclipse.m2e.core.internal.Bundles - 	Entry: D:\Softwares\sts-4.18.0.RELEASE\plugins\org.eclipse.m2e.maven.runtime_3.8.701.20230209-1606\jars\guice-4.2.2-no_aop.jar
2025-03-21 15:04:14,741 [Worker-46: Launching productapp] INFO  o.eclipse.m2e.core.internal.Bundles - 	Entry: D:\Softwares\sts-4.18.0.RELEASE\plugins\org.eclipse.m2e.maven.runtime_3.8.701.20230209-1606\jars\jansi-2.4.0.jar
2025-03-21 15:04:14,741 [Worker-46: Launching productapp] INFO  o.eclipse.m2e.core.internal.Bundles - 	Entry: D:\Softwares\sts-4.18.0.RELEASE\plugins\org.eclipse.m2e.maven.runtime_3.8.701.20230209-1606\jars\maven-artifact-3.8.7.jar
2025-03-21 15:04:14,742 [Worker-46: Launching productapp] INFO  o.eclipse.m2e.core.internal.Bundles - 	Entry: D:\Softwares\sts-4.18.0.RELEASE\plugins\org.eclipse.m2e.maven.runtime_3.8.701.20230209-1606\jars\maven-builder-support-3.8.7.jar
2025-03-21 15:04:14,742 [Worker-46: Launching productapp] INFO  o.eclipse.m2e.core.internal.Bundles - 	Entry: D:\Softwares\sts-4.18.0.RELEASE\plugins\org.eclipse.m2e.maven.runtime_3.8.701.20230209-1606\jars\maven-compat-3.8.7.jar
2025-03-21 15:04:14,742 [Worker-46: Launching productapp] INFO  o.eclipse.m2e.core.internal.Bundles - 	Entry: D:\Softwares\sts-4.18.0.RELEASE\plugins\org.eclipse.m2e.maven.runtime_3.8.701.20230209-1606\jars\maven-core-3.8.7.jar
2025-03-21 15:04:14,742 [Worker-46: Launching productapp] INFO  o.eclipse.m2e.core.internal.Bundles - 	Entry: D:\Softwares\sts-4.18.0.RELEASE\plugins\org.eclipse.m2e.maven.runtime_3.8.701.20230209-1606\jars\maven-embedder-3.8.7.jar
2025-03-21 15:04:14,742 [Worker-46: Launching productapp] INFO  o.eclipse.m2e.core.internal.Bundles - 	Entry: D:\Softwares\sts-4.18.0.RELEASE\plugins\org.eclipse.m2e.maven.runtime_3.8.701.20230209-1606\jars\maven-model-3.8.7.jar
2025-03-21 15:04:14,742 [Worker-46: Launching productapp] INFO  o.eclipse.m2e.core.internal.Bundles - 	Entry: D:\Softwares\sts-4.18.0.RELEASE\plugins\org.eclipse.m2e.maven.runtime_3.8.701.20230209-1606\jars\maven-model-builder-3.8.7.jar
2025-03-21 15:04:14,742 [Worker-46: Launching productapp] INFO  o.eclipse.m2e.core.internal.Bundles - 	Entry: D:\Softwares\sts-4.18.0.RELEASE\plugins\org.eclipse.m2e.maven.runtime_3.8.701.20230209-1606\jars\maven-plugin-api-3.8.7.jar
2025-03-21 15:04:14,742 [Worker-46: Launching productapp] INFO  o.eclipse.m2e.core.internal.Bundles - 	Entry: D:\Softwares\sts-4.18.0.RELEASE\plugins\org.eclipse.m2e.maven.runtime_3.8.701.20230209-1606\jars\maven-repository-metadata-3.8.7.jar
2025-03-21 15:04:14,743 [Worker-46: Launching productapp] INFO  o.eclipse.m2e.core.internal.Bundles - 	Entry: D:\Softwares\sts-4.18.0.RELEASE\plugins\org.eclipse.m2e.maven.runtime_3.8.701.20230209-1606\jars\maven-resolver-api-1.6.3.jar
2025-03-21 15:04:14,743 [Worker-46: Launching productapp] INFO  o.eclipse.m2e.core.internal.Bundles - 	Entry: D:\Softwares\sts-4.18.0.RELEASE\plugins\org.eclipse.m2e.maven.runtime_3.8.701.20230209-1606\jars\maven-resolver-connector-basic-1.6.3.jar
2025-03-21 15:04:14,743 [Worker-46: Launching productapp] INFO  o.eclipse.m2e.core.internal.Bundles - 	Entry: D:\Softwares\sts-4.18.0.RELEASE\plugins\org.eclipse.m2e.maven.runtime_3.8.701.20230209-1606\jars\maven-resolver-impl-1.6.3.jar
2025-03-21 15:04:14,743 [Worker-46: Launching productapp] INFO  o.eclipse.m2e.core.internal.Bundles - 	Entry: D:\Softwares\sts-4.18.0.RELEASE\plugins\org.eclipse.m2e.maven.runtime_3.8.701.20230209-1606\jars\maven-resolver-provider-3.8.7.jar
2025-03-21 15:04:14,743 [Worker-46: Launching productapp] INFO  o.eclipse.m2e.core.internal.Bundles - 	Entry: D:\Softwares\sts-4.18.0.RELEASE\plugins\org.eclipse.m2e.maven.runtime_3.8.701.20230209-1606\jars\maven-resolver-spi-1.6.3.jar
2025-03-21 15:04:14,744 [Worker-46: Launching productapp] INFO  o.eclipse.m2e.core.internal.Bundles - 	Entry: D:\Softwares\sts-4.18.0.RELEASE\plugins\org.eclipse.m2e.maven.runtime_3.8.701.20230209-1606\jars\maven-resolver-transport-wagon-1.6.3.jar
2025-03-21 15:04:14,744 [Worker-46: Launching productapp] INFO  o.eclipse.m2e.core.internal.Bundles - 	Entry: D:\Softwares\sts-4.18.0.RELEASE\plugins\org.eclipse.m2e.maven.runtime_3.8.701.20230209-1606\jars\maven-resolver-util-1.6.3.jar
2025-03-21 15:04:14,745 [Worker-46: Launching productapp] INFO  o.eclipse.m2e.core.internal.Bundles - 	Entry: D:\Softwares\sts-4.18.0.RELEASE\plugins\org.eclipse.m2e.maven.runtime_3.8.701.20230209-1606\jars\maven-settings-3.8.7.jar
2025-03-21 15:04:14,745 [Worker-46: Launching productapp] INFO  o.eclipse.m2e.core.internal.Bundles - 	Entry: D:\Softwares\sts-4.18.0.RELEASE\plugins\org.eclipse.m2e.maven.runtime_3.8.701.20230209-1606\jars\maven-settings-builder-3.8.7.jar
2025-03-21 15:04:14,745 [Worker-46: Launching productapp] INFO  o.eclipse.m2e.core.internal.Bundles - 	Entry: D:\Softwares\sts-4.18.0.RELEASE\plugins\org.eclipse.m2e.maven.runtime_3.8.701.20230209-1606\jars\maven-shared-utils-3.3.4.jar
2025-03-21 15:04:14,745 [Worker-46: Launching productapp] INFO  o.eclipse.m2e.core.internal.Bundles - 	Entry: D:\Softwares\sts-4.18.0.RELEASE\plugins\org.eclipse.m2e.maven.runtime_3.8.701.20230209-1606\jars\okhttp-3.14.1.jar
2025-03-21 15:04:14,746 [Worker-46: Launching productapp] INFO  o.eclipse.m2e.core.internal.Bundles - 	Entry: D:\Softwares\sts-4.18.0.RELEASE\plugins\org.eclipse.m2e.maven.runtime_3.8.701.20230209-1606\jars\okio-1.17.3.jar
2025-03-21 15:04:14,746 [Worker-46: Launching productapp] INFO  o.eclipse.m2e.core.internal.Bundles - 	Entry: D:\Softwares\sts-4.18.0.RELEASE\plugins\org.eclipse.m2e.maven.runtime_3.8.701.20230209-1606\jars\org.eclipse.sisu.inject-0.3.5.jar
2025-03-21 15:04:14,746 [Worker-46: Launching productapp] INFO  o.eclipse.m2e.core.internal.Bundles - 	Entry: D:\Softwares\sts-4.18.0.RELEASE\plugins\org.eclipse.m2e.maven.runtime_3.8.701.20230209-1606\jars\org.eclipse.sisu.plexus-0.3.5.jar
2025-03-21 15:04:14,747 [Worker-46: Launching productapp] INFO  o.eclipse.m2e.core.internal.Bundles - 	Entry: D:\Softwares\sts-4.18.0.RELEASE\plugins\org.eclipse.m2e.maven.runtime_3.8.701.20230209-1606\jars\plexus-build-api-0.0.7.jar
2025-03-21 15:04:14,747 [Worker-46: Launching productapp] INFO  o.eclipse.m2e.core.internal.Bundles - 	Entry: D:\Softwares\sts-4.18.0.RELEASE\plugins\org.eclipse.m2e.maven.runtime_3.8.701.20230209-1606\jars\plexus-cipher-2.0.jar
2025-03-21 15:04:14,748 [Worker-46: Launching productapp] INFO  o.eclipse.m2e.core.internal.Bundles - 	Entry: D:\Softwares\sts-4.18.0.RELEASE\plugins\org.eclipse.m2e.maven.runtime_3.8.701.20230209-1606\jars\plexus-classworlds-2.6.0.jar
2025-03-21 15:04:14,748 [Worker-46: Launching productapp] INFO  o.eclipse.m2e.core.internal.Bundles - 	Entry: D:\Softwares\sts-4.18.0.RELEASE\plugins\org.eclipse.m2e.maven.runtime_3.8.701.20230209-1606\jars\plexus-component-annotations-2.1.0.jar
2025-03-21 15:04:14,748 [Worker-46: Launching productapp] INFO  o.eclipse.m2e.core.internal.Bundles - 	Entry: D:\Softwares\sts-4.18.0.RELEASE\plugins\org.eclipse.m2e.maven.runtime_3.8.701.20230209-1606\jars\plexus-interpolation-1.26.jar
2025-03-21 15:04:14,749 [Worker-46: Launching productapp] INFO  o.eclipse.m2e.core.internal.Bundles - 	Entry: D:\Softwares\sts-4.18.0.RELEASE\plugins\org.eclipse.m2e.maven.runtime_3.8.701.20230209-1606\jars\plexus-sec-dispatcher-2.0.jar
2025-03-21 15:04:14,749 [Worker-46: Launching productapp] INFO  o.eclipse.m2e.core.internal.Bundles - 	Entry: D:\Softwares\sts-4.18.0.RELEASE\plugins\org.eclipse.m2e.maven.runtime_3.8.701.20230209-1606\jars\plexus-utils-3.3.1.jar
2025-03-21 15:04:14,749 [Worker-46: Launching productapp] INFO  o.eclipse.m2e.core.internal.Bundles - 	Entry: D:\Softwares\sts-4.18.0.RELEASE\plugins\org.eclipse.m2e.maven.runtime_3.8.701.20230209-1606\jars\wagon-file-3.5.3.jar
2025-03-21 15:04:14,749 [Worker-46: Launching productapp] INFO  o.eclipse.m2e.core.internal.Bundles - 	Entry: D:\Softwares\sts-4.18.0.RELEASE\plugins\org.eclipse.m2e.maven.runtime_3.8.701.20230209-1606\jars\wagon-provider-api-3.5.3.jar
2025-03-21 15:04:14,752 [Worker-46: Launching productapp] INFO  o.eclipse.m2e.core.internal.Bundles - getClasspathEntries(Bundle=com.google.guava_31.1.0.jre [23])
2025-03-21 15:04:14,773 [Worker-46: Launching productapp] INFO  o.eclipse.m2e.core.internal.Bundles - 	Entry: D:\Softwares\sts-4.18.0.RELEASE\plugins\com.google.guava_31.1.0.jre.jar
2025-03-21 15:04:14,773 [Worker-46: Launching productapp] INFO  o.eclipse.m2e.core.internal.Bundles - getClasspathEntries(Bundle=slf4j.api_1.7.36 [580])
2025-03-21 15:04:15,014 [Worker-46: Launching productapp] INFO  o.eclipse.m2e.core.internal.Bundles - 	Entry: D:\Softwares\sts-4.18.0.RELEASE\plugins\slf4j.api_1.7.36.jar
2025-03-21 15:04:15,014 [Worker-46: Launching productapp] INFO  o.eclipse.m2e.core.internal.Bundles - getClasspathEntries(Bundle=javax.inject_1.0.0.v20220405-0441 [50])
2025-03-21 15:04:15,298 [Worker-46: Launching productapp] INFO  o.eclipse.m2e.core.internal.Bundles - 	Entry: D:\Softwares\sts-4.18.0.RELEASE\plugins\javax.inject_1.0.0.v20220405-0441.jar
2025-03-21 15:04:15,298 [Worker-46: Launching productapp] INFO  o.eclipse.m2e.core.internal.Bundles - getClasspathEntries(Bundle=javax.annotation_1.3.5.v20221203-1659 [48])
2025-03-21 15:04:15,573 [Worker-46: Launching productapp] INFO  o.eclipse.m2e.core.internal.Bundles - 	Entry: D:\Softwares\sts-4.18.0.RELEASE\plugins\javax.annotation_1.3.5.v20221203-1659.jar
2025-03-21 15:04:15,573 [Worker-46: Launching productapp] INFO  o.eclipse.m2e.core.internal.Bundles - getClasspathEntries(Bundle=org.apache.commons.cli_1.4.0.v20221112-0806 [73])
2025-03-21 15:04:15,589 [Worker-46: Launching productapp] INFO  o.eclipse.m2e.core.internal.Bundles - 	Entry: D:\Softwares\sts-4.18.0.RELEASE\plugins\org.apache.commons.cli_1.4.0.v20221112-0806.jar
2025-03-21 15:04:15,590 [Worker-46: Launching productapp] INFO  o.eclipse.m2e.core.internal.Bundles - getClasspathEntries(Bundle=com.google.guava.failureaccess_1.0.1 [25])
2025-03-21 15:04:15,664 [Worker-46: Launching productapp] INFO  o.eclipse.m2e.core.internal.Bundles - 	Entry: D:\Softwares\sts-4.18.0.RELEASE\plugins\com.google.guava.failureaccess_1.0.1.jar
2025-03-21 15:04:15,671 [Worker-46: Launching productapp] INFO  o.e.m.i.launch.MavenLaunchDelegate - Run build in "C:\Users\butke\Downloads\productapp\productapp":
2025-03-21 15:04:15,673 [Worker-46: Launching productapp] INFO  o.e.m.i.launch.MavenLaunchDelegate -  mvn  -B -Dstyle.color=always clean install
2025-03-21 15:08:44,494 [Worker-41: Building] INFO  o.a.m.s.f.DefaultMavenResourcesFiltering - Copying 1 resource from src\main\resources to target\classes
2025-03-21 15:08:44,529 [Worker-41: Building] INFO  o.a.m.s.f.DefaultMavenResourcesFiltering - Copying 0 resource from src\main\resources to target\classes
2025-03-21 15:08:44,537 [Worker-41: Building] INFO  o.a.m.s.f.DefaultMavenResourcesFiltering - skip non existing resourceDirectory C:\Users\butke\Downloads\productapp\productapp\src\test\resources
2025-03-21 15:09:58,341 [Worker-41: Building] INFO  o.a.m.s.f.DefaultMavenResourcesFiltering - Copying 1 resource from src\main\resources to target\classes
2025-03-21 15:09:58,345 [Worker-41: Building] INFO  o.a.m.s.f.DefaultMavenResourcesFiltering - Copying 0 resource from src\main\resources to target\classes
2025-03-21 15:09:58,350 [Worker-41: Building] INFO  o.a.m.s.f.DefaultMavenResourcesFiltering - skip non existing resourceDirectory C:\Users\butke\Downloads\productapp\productapp\src\test\resources
2025-03-21 15:10:12,898 [Worker-54: Building] INFO  o.a.m.s.f.DefaultMavenResourcesFiltering - Copying 1 resource from src\main\resources to target\classes
2025-03-21 15:10:13,094 [Worker-54: Building] INFO  o.a.m.s.f.DefaultMavenResourcesFiltering - Copying 0 resource from src\main\resources to target\classes
2025-03-21 15:10:13,099 [Worker-54: Building] INFO  o.a.m.s.f.DefaultMavenResourcesFiltering - skip non existing resourceDirectory C:\Users\butke\Downloads\productapp\productapp\src\test\resources
2025-03-21 15:10:58,099 [Worker-50: Building] INFO  o.a.m.s.f.DefaultMavenResourcesFiltering - Copying 1 resource from src\main\resources to target\classes
2025-03-21 15:10:58,194 [Worker-50: Building] INFO  o.a.m.s.f.DefaultMavenResourcesFiltering - Copying 0 resource from src\main\resources to target\classes
2025-03-21 15:10:58,198 [Worker-50: Building] INFO  o.a.m.s.f.DefaultMavenResourcesFiltering - skip non existing resourceDirectory C:\Users\butke\Downloads\productapp\productapp\src\test\resources
2025-03-21 15:26:04,364 [Worker-54: Updating Maven Dependencies] ERROR o.e.m.j.i.l.MavenLaunchConfigurationListener - Launch configuration App references non-existing project productapp.
org.eclipse.core.runtime.CoreException: Launch configuration App references non-existing project productapp.
	at org.eclipse.jdt.launching.JavaRuntime.abort(JavaRuntime.java:1856)
	at org.eclipse.jdt.launching.JavaRuntime.getJavaProject(JavaRuntime.java:1733)
	at org.eclipse.m2e.jdt.internal.launch.MavenLaunchConfigurationListener.updateLaunchConfiguration(MavenLaunchConfigurationListener.java:64)
	at org.eclipse.m2e.jdt.internal.launch.MavenLaunchConfigurationListener.launchConfigurationChanged(MavenLaunchConfigurationListener.java:50)
	at org.eclipse.debug.internal.core.LaunchManager$ConfigurationNotifier.run(LaunchManager.java:225)
	at org.eclipse.core.runtime.SafeRunner.run(SafeRunner.java:45)
	at org.eclipse.debug.internal.core.LaunchManager$ConfigurationNotifier.notify(LaunchManager.java:209)
	at org.eclipse.debug.internal.core.LaunchConfigurationWorkingCopy.setDirty(LaunchConfigurationWorkingCopy.java:524)
	at org.eclipse.debug.internal.core.LaunchConfigurationWorkingCopy.setAttribute(LaunchConfigurationWorkingCopy.java:412)
	at org.eclipse.m2e.jdt.internal.launch.MavenRuntimeClasspathProvider.disable(MavenRuntimeClasspathProvider.java:410)
	at org.eclipse.m2e.jdt.internal.launch.MavenRuntimeClasspathProvider.disable(MavenRuntimeClasspathProvider.java:436)
	at org.eclipse.m2e.jdt.internal.launch.MavenLaunchConfigurationListener.mavenProjectChanged(MavenLaunchConfigurationListener.java:135)
	at org.eclipse.m2e.core.internal.project.registry.ProjectRegistryManager.notifyProjectChangeListeners(ProjectRegistryManager.java:851)
	at org.eclipse.m2e.core.internal.project.registry.ProjectRegistryManager.applyMutableProjectRegistry(ProjectRegistryManager.java:1004)
	at org.eclipse.m2e.core.internal.project.registry.ProjectRegistryRefreshJob.lambda$0(ProjectRegistryRefreshJob.java:162)
	at org.eclipse.m2e.core.internal.embedder.MavenExecutionContext.executeBare(MavenExecutionContext.java:394)
	at org.eclipse.m2e.core.internal.embedder.MavenExecutionContext.execute(MavenExecutionContext.java:275)
	at org.eclipse.m2e.core.internal.embedder.MavenExecutionContext.execute(MavenExecutionContext.java:214)
	at org.eclipse.m2e.core.internal.project.registry.ProjectRegistryRefreshJob.run(ProjectRegistryRefreshJob.java:106)
	at org.eclipse.core.internal.jobs.Worker.run(Worker.java:63)
2025-03-21 15:26:04,375 [Worker-54: Updating Maven Dependencies] ERROR o.e.m.j.i.l.MavenLaunchConfigurationListener - Launch configuration App references non-existing project productapp.
org.eclipse.core.runtime.CoreException: Launch configuration App references non-existing project productapp.
	at org.eclipse.jdt.launching.JavaRuntime.abort(JavaRuntime.java:1856)
	at org.eclipse.jdt.launching.JavaRuntime.getJavaProject(JavaRuntime.java:1733)
	at org.eclipse.m2e.jdt.internal.launch.MavenLaunchConfigurationListener.updateLaunchConfiguration(MavenLaunchConfigurationListener.java:64)
	at org.eclipse.m2e.jdt.internal.launch.MavenLaunchConfigurationListener.launchConfigurationChanged(MavenLaunchConfigurationListener.java:50)
	at org.eclipse.debug.internal.core.LaunchManager$ConfigurationNotifier.run(LaunchManager.java:225)
	at org.eclipse.core.runtime.SafeRunner.run(SafeRunner.java:45)
	at org.eclipse.debug.internal.core.LaunchManager$ConfigurationNotifier.notify(LaunchManager.java:209)
	at org.eclipse.debug.internal.core.LaunchConfigurationWorkingCopy.setDirty(LaunchConfigurationWorkingCopy.java:524)
	at org.eclipse.debug.internal.core.LaunchConfigurationWorkingCopy.setAttribute(LaunchConfigurationWorkingCopy.java:412)
	at org.eclipse.m2e.jdt.internal.launch.MavenRuntimeClasspathProvider.disable(MavenRuntimeClasspathProvider.java:411)
	at org.eclipse.m2e.jdt.internal.launch.MavenRuntimeClasspathProvider.disable(MavenRuntimeClasspathProvider.java:436)
	at org.eclipse.m2e.jdt.internal.launch.MavenLaunchConfigurationListener.mavenProjectChanged(MavenLaunchConfigurationListener.java:135)
	at org.eclipse.m2e.core.internal.project.registry.ProjectRegistryManager.notifyProjectChangeListeners(ProjectRegistryManager.java:851)
	at org.eclipse.m2e.core.internal.project.registry.ProjectRegistryManager.applyMutableProjectRegistry(ProjectRegistryManager.java:1004)
	at org.eclipse.m2e.core.internal.project.registry.ProjectRegistryRefreshJob.lambda$0(ProjectRegistryRefreshJob.java:162)
	at org.eclipse.m2e.core.internal.embedder.MavenExecutionContext.executeBare(MavenExecutionContext.java:394)
	at org.eclipse.m2e.core.internal.embedder.MavenExecutionContext.execute(MavenExecutionContext.java:275)
	at org.eclipse.m2e.core.internal.embedder.MavenExecutionContext.execute(MavenExecutionContext.java:214)
	at org.eclipse.m2e.core.internal.project.registry.ProjectRegistryRefreshJob.run(ProjectRegistryRefreshJob.java:106)
	at org.eclipse.core.internal.jobs.Worker.run(Worker.java:63)
2025-03-21 15:26:04,412 [Worker-54: Updating Maven Dependencies] ERROR o.e.m.j.i.l.MavenLaunchConfigurationListener - Launch configuration App references non-existing project productapp.
org.eclipse.core.runtime.CoreException: Launch configuration App references non-existing project productapp.
	at org.eclipse.jdt.launching.JavaRuntime.abort(JavaRuntime.java:1856)
	at org.eclipse.jdt.launching.JavaRuntime.getJavaProject(JavaRuntime.java:1733)
	at org.eclipse.m2e.jdt.internal.launch.MavenLaunchConfigurationListener.updateLaunchConfiguration(MavenLaunchConfigurationListener.java:64)
	at org.eclipse.m2e.jdt.internal.launch.MavenLaunchConfigurationListener.launchConfigurationChanged(MavenLaunchConfigurationListener.java:50)
	at org.eclipse.debug.internal.core.LaunchManager$ConfigurationNotifier.run(LaunchManager.java:225)
	at org.eclipse.core.runtime.SafeRunner.run(SafeRunner.java:45)
	at org.eclipse.debug.internal.core.LaunchManager$ConfigurationNotifier.notify(LaunchManager.java:209)
	at org.eclipse.debug.internal.core.LaunchManager.launchConfigurationChanged(LaunchManager.java:2147)
	at org.eclipse.debug.internal.core.LaunchConfigurationWorkingCopy.writeNewFile(LaunchConfigurationWorkingCopy.java:377)
	at org.eclipse.debug.internal.core.LaunchConfigurationWorkingCopy.doSave0(LaunchConfigurationWorkingCopy.java:259)
	at org.eclipse.debug.internal.core.LaunchConfigurationWorkingCopy.doSave(LaunchConfigurationWorkingCopy.java:229)
	at org.eclipse.debug.internal.core.LaunchConfigurationWorkingCopy.doSave(LaunchConfigurationWorkingCopy.java:187)
	at org.eclipse.m2e.jdt.internal.launch.MavenRuntimeClasspathProvider.disable(MavenRuntimeClasspathProvider.java:412)
	at org.eclipse.m2e.jdt.internal.launch.MavenRuntimeClasspathProvider.disable(MavenRuntimeClasspathProvider.java:436)
	at org.eclipse.m2e.jdt.internal.launch.MavenLaunchConfigurationListener.mavenProjectChanged(MavenLaunchConfigurationListener.java:135)
	at org.eclipse.m2e.core.internal.project.registry.ProjectRegistryManager.notifyProjectChangeListeners(ProjectRegistryManager.java:851)
	at org.eclipse.m2e.core.internal.project.registry.ProjectRegistryManager.applyMutableProjectRegistry(ProjectRegistryManager.java:1004)
	at org.eclipse.m2e.core.internal.project.registry.ProjectRegistryRefreshJob.lambda$0(ProjectRegistryRefreshJob.java:162)
	at org.eclipse.m2e.core.internal.embedder.MavenExecutionContext.executeBare(MavenExecutionContext.java:394)
	at org.eclipse.m2e.core.internal.embedder.MavenExecutionContext.execute(MavenExecutionContext.java:275)
	at org.eclipse.m2e.core.internal.embedder.MavenExecutionContext.execute(MavenExecutionContext.java:214)
	at org.eclipse.m2e.core.internal.project.registry.ProjectRegistryRefreshJob.run(ProjectRegistryRefreshJob.java:106)
	at org.eclipse.core.internal.jobs.Worker.run(Worker.java:63)
2025-03-21 15:26:04,416 [Worker-54: Updating Maven Dependencies] ERROR o.e.m.j.i.l.MavenLaunchConfigurationListener - Launch configuration New_configuration references non-existing project productapp.
org.eclipse.core.runtime.CoreException: Launch configuration New_configuration references non-existing project productapp.
	at org.eclipse.jdt.launching.JavaRuntime.abort(JavaRuntime.java:1856)
	at org.eclipse.jdt.launching.JavaRuntime.getJavaProject(JavaRuntime.java:1733)
	at org.eclipse.m2e.jdt.internal.launch.MavenLaunchConfigurationListener.updateLaunchConfiguration(MavenLaunchConfigurationListener.java:64)
	at org.eclipse.m2e.jdt.internal.launch.MavenLaunchConfigurationListener.launchConfigurationChanged(MavenLaunchConfigurationListener.java:50)
	at org.eclipse.debug.internal.core.LaunchManager$ConfigurationNotifier.run(LaunchManager.java:225)
	at org.eclipse.core.runtime.SafeRunner.run(SafeRunner.java:45)
	at org.eclipse.debug.internal.core.LaunchManager$ConfigurationNotifier.notify(LaunchManager.java:209)
	at org.eclipse.debug.internal.core.LaunchConfigurationWorkingCopy.setDirty(LaunchConfigurationWorkingCopy.java:524)
	at org.eclipse.debug.internal.core.LaunchConfigurationWorkingCopy.setAttribute(LaunchConfigurationWorkingCopy.java:412)
	at org.eclipse.m2e.jdt.internal.launch.MavenRuntimeClasspathProvider.disable(MavenRuntimeClasspathProvider.java:410)
	at org.eclipse.m2e.jdt.internal.launch.MavenRuntimeClasspathProvider.disable(MavenRuntimeClasspathProvider.java:436)
	at org.eclipse.m2e.jdt.internal.launch.MavenLaunchConfigurationListener.mavenProjectChanged(MavenLaunchConfigurationListener.java:135)
	at org.eclipse.m2e.core.internal.project.registry.ProjectRegistryManager.notifyProjectChangeListeners(ProjectRegistryManager.java:851)
	at org.eclipse.m2e.core.internal.project.registry.ProjectRegistryManager.applyMutableProjectRegistry(ProjectRegistryManager.java:1004)
	at org.eclipse.m2e.core.internal.project.registry.ProjectRegistryRefreshJob.lambda$0(ProjectRegistryRefreshJob.java:162)
	at org.eclipse.m2e.core.internal.embedder.MavenExecutionContext.executeBare(MavenExecutionContext.java:394)
	at org.eclipse.m2e.core.internal.embedder.MavenExecutionContext.execute(MavenExecutionContext.java:275)
	at org.eclipse.m2e.core.internal.embedder.MavenExecutionContext.execute(MavenExecutionContext.java:214)
	at org.eclipse.m2e.core.internal.project.registry.ProjectRegistryRefreshJob.run(ProjectRegistryRefreshJob.java:106)
	at org.eclipse.core.internal.jobs.Worker.run(Worker.java:63)
2025-03-21 15:26:04,423 [Worker-54: Updating Maven Dependencies] ERROR o.e.m.j.i.l.MavenLaunchConfigurationListener - Launch configuration New_configuration references non-existing project productapp.
org.eclipse.core.runtime.CoreException: Launch configuration New_configuration references non-existing project productapp.
	at org.eclipse.jdt.launching.JavaRuntime.abort(JavaRuntime.java:1856)
	at org.eclipse.jdt.launching.JavaRuntime.getJavaProject(JavaRuntime.java:1733)
	at org.eclipse.m2e.jdt.internal.launch.MavenLaunchConfigurationListener.updateLaunchConfiguration(MavenLaunchConfigurationListener.java:64)
	at org.eclipse.m2e.jdt.internal.launch.MavenLaunchConfigurationListener.launchConfigurationChanged(MavenLaunchConfigurationListener.java:50)
	at org.eclipse.debug.internal.core.LaunchManager$ConfigurationNotifier.run(LaunchManager.java:225)
	at org.eclipse.core.runtime.SafeRunner.run(SafeRunner.java:45)
	at org.eclipse.debug.internal.core.LaunchManager$ConfigurationNotifier.notify(LaunchManager.java:209)
	at org.eclipse.debug.internal.core.LaunchConfigurationWorkingCopy.setDirty(LaunchConfigurationWorkingCopy.java:524)
	at org.eclipse.debug.internal.core.LaunchConfigurationWorkingCopy.setAttribute(LaunchConfigurationWorkingCopy.java:412)
	at org.eclipse.m2e.jdt.internal.launch.MavenRuntimeClasspathProvider.disable(MavenRuntimeClasspathProvider.java:411)
	at org.eclipse.m2e.jdt.internal.launch.MavenRuntimeClasspathProvider.disable(MavenRuntimeClasspathProvider.java:436)
	at org.eclipse.m2e.jdt.internal.launch.MavenLaunchConfigurationListener.mavenProjectChanged(MavenLaunchConfigurationListener.java:135)
	at org.eclipse.m2e.core.internal.project.registry.ProjectRegistryManager.notifyProjectChangeListeners(ProjectRegistryManager.java:851)
	at org.eclipse.m2e.core.internal.project.registry.ProjectRegistryManager.applyMutableProjectRegistry(ProjectRegistryManager.java:1004)
	at org.eclipse.m2e.core.internal.project.registry.ProjectRegistryRefreshJob.lambda$0(ProjectRegistryRefreshJob.java:162)
	at org.eclipse.m2e.core.internal.embedder.MavenExecutionContext.executeBare(MavenExecutionContext.java:394)
	at org.eclipse.m2e.core.internal.embedder.MavenExecutionContext.execute(MavenExecutionContext.java:275)
	at org.eclipse.m2e.core.internal.embedder.MavenExecutionContext.execute(MavenExecutionContext.java:214)
	at org.eclipse.m2e.core.internal.project.registry.ProjectRegistryRefreshJob.run(ProjectRegistryRefreshJob.java:106)
	at org.eclipse.core.internal.jobs.Worker.run(Worker.java:63)
2025-03-21 15:26:04,474 [Worker-54: Updating Maven Dependencies] ERROR o.e.m.j.i.l.MavenLaunchConfigurationListener - Launch configuration New_configuration references non-existing project productapp.
org.eclipse.core.runtime.CoreException: Launch configuration New_configuration references non-existing project productapp.
	at org.eclipse.jdt.launching.JavaRuntime.abort(JavaRuntime.java:1856)
	at org.eclipse.jdt.launching.JavaRuntime.getJavaProject(JavaRuntime.java:1733)
	at org.eclipse.m2e.jdt.internal.launch.MavenLaunchConfigurationListener.updateLaunchConfiguration(MavenLaunchConfigurationListener.java:64)
	at org.eclipse.m2e.jdt.internal.launch.MavenLaunchConfigurationListener.launchConfigurationChanged(MavenLaunchConfigurationListener.java:50)
	at org.eclipse.debug.internal.core.LaunchManager$ConfigurationNotifier.run(LaunchManager.java:225)
	at org.eclipse.core.runtime.SafeRunner.run(SafeRunner.java:45)
	at org.eclipse.debug.internal.core.LaunchManager$ConfigurationNotifier.notify(LaunchManager.java:209)
	at org.eclipse.debug.internal.core.LaunchManager.launchConfigurationChanged(LaunchManager.java:2147)
	at org.eclipse.debug.internal.core.LaunchConfigurationWorkingCopy.writeNewFile(LaunchConfigurationWorkingCopy.java:377)
	at org.eclipse.debug.internal.core.LaunchConfigurationWorkingCopy.doSave0(LaunchConfigurationWorkingCopy.java:259)
	at org.eclipse.debug.internal.core.LaunchConfigurationWorkingCopy.doSave(LaunchConfigurationWorkingCopy.java:229)
	at org.eclipse.debug.internal.core.LaunchConfigurationWorkingCopy.doSave(LaunchConfigurationWorkingCopy.java:187)
	at org.eclipse.m2e.jdt.internal.launch.MavenRuntimeClasspathProvider.disable(MavenRuntimeClasspathProvider.java:412)
	at org.eclipse.m2e.jdt.internal.launch.MavenRuntimeClasspathProvider.disable(MavenRuntimeClasspathProvider.java:436)
	at org.eclipse.m2e.jdt.internal.launch.MavenLaunchConfigurationListener.mavenProjectChanged(MavenLaunchConfigurationListener.java:135)
	at org.eclipse.m2e.core.internal.project.registry.ProjectRegistryManager.notifyProjectChangeListeners(ProjectRegistryManager.java:851)
	at org.eclipse.m2e.core.internal.project.registry.ProjectRegistryManager.applyMutableProjectRegistry(ProjectRegistryManager.java:1004)
	at org.eclipse.m2e.core.internal.project.registry.ProjectRegistryRefreshJob.lambda$0(ProjectRegistryRefreshJob.java:162)
	at org.eclipse.m2e.core.internal.embedder.MavenExecutionContext.executeBare(MavenExecutionContext.java:394)
	at org.eclipse.m2e.core.internal.embedder.MavenExecutionContext.execute(MavenExecutionContext.java:275)
	at org.eclipse.m2e.core.internal.embedder.MavenExecutionContext.execute(MavenExecutionContext.java:214)
	at org.eclipse.m2e.core.internal.project.registry.ProjectRegistryRefreshJob.run(ProjectRegistryRefreshJob.java:106)
	at org.eclipse.core.internal.jobs.Worker.run(Worker.java:63)
2025-03-21 15:27:30,287 [Worker-58: Import Getting Started Content] INFO  o.e.m.c.i.l.LifecycleMappingFactory - Using org.eclipse.m2e.jdt.JarLifecycleMapping lifecycle mapping for MavenProject: com.training.app:product-management:0.0.1-SNAPSHOT @ D:\Codes\Java-Training\demo\pom.xml.
2025-03-21 15:27:30,955 [Worker-58: Import Getting Started Content] INFO  o.e.m.j.i.AbstractJavaProjectConfigurator - Adding source folder /demo/src/main/java
2025-03-21 15:27:30,955 [Worker-58: Import Getting Started Content] INFO  o.e.m.j.i.AbstractJavaProjectConfigurator - Adding resource folder /demo/src/main/resources
2025-03-21 15:27:30,965 [Worker-58: Import Getting Started Content] INFO  o.e.m.j.i.AbstractJavaProjectConfigurator - Adding resource folder /demo/src/main/resources
2025-03-21 15:27:30,979 [Worker-58: Import Getting Started Content] INFO  o.e.m.j.i.AbstractJavaProjectConfigurator - Adding source folder /demo/src/test/java
2025-03-21 15:27:30,980 [Worker-58: Import Getting Started Content] ERROR o.e.m.j.i.AbstractJavaProjectConfigurator - Failed to find a compatible VM for environment id 'JavaSE-17', falling back to workspace default
2025-03-21 15:27:31,516 [Worker-58: Import Getting Started Content] INFO  o.e.m.c.i.p.ProjectConfigurationManager - Imported and configured 1 project(s) in 1 sec
2025-03-21 15:27:31,522 [Worker-58: Import Getting Started Content] INFO  o.e.m.c.i.p.ProjectConfigurationManager - Update started
2025-03-21 15:27:32,138 [Worker-58: Import Getting Started Content] INFO  o.e.m.c.i.l.LifecycleMappingFactory - Using org.eclipse.m2e.jdt.JarLifecycleMapping lifecycle mapping for MavenProject: com.training.app:product-management:0.0.1-SNAPSHOT @ D:\Codes\Java-Training\demo\pom.xml.
2025-03-21 15:27:32,861 [Worker-58: Import Getting Started Content] INFO  o.e.m.j.i.AbstractJavaProjectConfigurator - Adding source folder /demo/src/main/java
2025-03-21 15:27:32,861 [Worker-58: Import Getting Started Content] INFO  o.e.m.j.i.AbstractJavaProjectConfigurator - Adding resource folder /demo/src/main/resources
2025-03-21 15:27:32,861 [Worker-58: Import Getting Started Content] INFO  o.e.m.j.i.AbstractJavaProjectConfigurator - Adding resource folder /demo/src/main/resources
2025-03-21 15:27:32,861 [Worker-58: Import Getting Started Content] INFO  o.e.m.j.i.AbstractJavaProjectConfigurator - Adding source folder /demo/src/test/java
2025-03-21 15:27:32,862 [Worker-58: Import Getting Started Content] ERROR o.e.m.j.i.AbstractJavaProjectConfigurator - Failed to find a compatible VM for environment id 'JavaSE-17', falling back to workspace default
2025-03-21 15:27:33,175 [Worker-58: Import Getting Started Content] INFO  o.e.m.c.i.p.ProjectConfigurationManager - Update completed for 1 poms: local refresh takes 0.00 sec, refresh facades takes 1.00 sec, update config takes 0.00 sec 
2025-03-21 15:27:34,139 [Worker-60: Building] INFO  o.a.m.s.f.DefaultMavenResourcesFiltering - Copying 1 resource from src\main\resources to target\classes
2025-03-21 15:27:34,155 [Worker-60: Building] INFO  o.a.m.s.f.DefaultMavenResourcesFiltering - Copying 0 resource from src\main\resources to target\classes
2025-03-21 15:27:34,160 [Worker-60: Building] INFO  o.a.m.s.f.DefaultMavenResourcesFiltering - skip non existing resourceDirectory D:\Codes\Java-Training\demo\src\test\resources
2025-03-21 15:30:20,963 [Worker-1: Loading available Gradle versions] INFO  o.e.b.c.i.u.g.PublishedGradleVersions - Gradle version information cache is up-to-date. Trying to read.
2025-03-21 15:31:28,517 [Worker-9: Import Getting Started Content] INFO  o.e.m.c.i.l.LifecycleMappingFactory - Using org.eclipse.m2e.jdt.JarLifecycleMapping lifecycle mapping for MavenProject: com.training.app:product-management:0.0.1-SNAPSHOT @ D:\Codes\Java-Training\demo-1\pom.xml.
2025-03-21 15:31:29,809 [Worker-9: Import Getting Started Content] INFO  o.e.m.j.i.AbstractJavaProjectConfigurator - Adding source folder /demo-1/src/main/java
2025-03-21 15:31:29,810 [Worker-9: Import Getting Started Content] INFO  o.e.m.j.i.AbstractJavaProjectConfigurator - Adding resource folder /demo-1/src/main/resources
2025-03-21 15:31:29,817 [Worker-9: Import Getting Started Content] INFO  o.e.m.j.i.AbstractJavaProjectConfigurator - Adding resource folder /demo-1/src/main/resources
2025-03-21 15:31:29,827 [Worker-9: Import Getting Started Content] INFO  o.e.m.j.i.AbstractJavaProjectConfigurator - Adding source folder /demo-1/src/test/java
2025-03-21 15:31:29,850 [Worker-9: Import Getting Started Content] ERROR o.e.m.j.i.AbstractJavaProjectConfigurator - Failed to find a compatible VM for environment id 'JavaSE-17', falling back to workspace default
2025-03-21 15:31:31,562 [Worker-9: Import Getting Started Content] INFO  o.e.m.c.i.p.ProjectConfigurationManager - Imported and configured 1 project(s) in 5 sec
2025-03-21 15:31:31,567 [Worker-9: Import Getting Started Content] INFO  o.e.m.c.i.p.ProjectConfigurationManager - Update started
2025-03-21 15:31:31,756 [Worker-9: Import Getting Started Content] INFO  o.e.m.c.i.l.LifecycleMappingFactory - Using org.eclipse.m2e.jdt.JarLifecycleMapping lifecycle mapping for MavenProject: com.training.app:product-management:0.0.1-SNAPSHOT @ D:\Codes\Java-Training\demo-1\pom.xml.
2025-03-21 15:31:32,084 [Worker-9: Import Getting Started Content] INFO  o.e.m.j.i.AbstractJavaProjectConfigurator - Adding source folder /demo-1/src/main/java
2025-03-21 15:31:32,084 [Worker-9: Import Getting Started Content] INFO  o.e.m.j.i.AbstractJavaProjectConfigurator - Adding resource folder /demo-1/src/main/resources
2025-03-21 15:31:32,084 [Worker-9: Import Getting Started Content] INFO  o.e.m.j.i.AbstractJavaProjectConfigurator - Adding resource folder /demo-1/src/main/resources
2025-03-21 15:31:32,085 [Worker-9: Import Getting Started Content] INFO  o.e.m.j.i.AbstractJavaProjectConfigurator - Adding source folder /demo-1/src/test/java
2025-03-21 15:31:32,085 [Worker-9: Import Getting Started Content] ERROR o.e.m.j.i.AbstractJavaProjectConfigurator - Failed to find a compatible VM for environment id 'JavaSE-17', falling back to workspace default
2025-03-21 15:31:32,726 [Worker-9: Import Getting Started Content] INFO  o.e.m.c.i.p.ProjectConfigurationManager - Update completed for 1 poms: local refresh takes 0.00 sec, refresh facades takes 0.00 sec, update config takes 0.00 sec 
2025-03-21 15:31:33,802 [Worker-5: Building] INFO  o.a.m.s.f.DefaultMavenResourcesFiltering - Copying 1 resource from src\main\resources to target\classes
2025-03-21 15:31:33,820 [Worker-5: Building] INFO  o.a.m.s.f.DefaultMavenResourcesFiltering - Copying 0 resource from src\main\resources to target\classes
2025-03-21 15:31:33,827 [Worker-5: Building] INFO  o.a.m.s.f.DefaultMavenResourcesFiltering - skip non existing resourceDirectory D:\Codes\Java-Training\demo-1\src\test\resources
2025-03-21 15:32:11,649 [Worker-7: Building] INFO  o.a.m.s.f.DefaultMavenResourcesFiltering - Copying 1 resource from src\main\resources to target\classes
2025-03-21 15:32:11,664 [Worker-7: Building] INFO  o.a.m.s.f.DefaultMavenResourcesFiltering - Copying 0 resource from src\main\resources to target\classes
2025-03-21 15:32:11,671 [Worker-7: Building] INFO  o.a.m.s.f.DefaultMavenResourcesFiltering - skip non existing resourceDirectory D:\Codes\Java-Training\demo-1\src\test\resources
2025-03-21 15:32:38,638 [Worker-9: Building] INFO  o.a.m.s.f.DefaultMavenResourcesFiltering - Copying 1 resource from src\main\resources to target\classes
2025-03-21 15:32:38,667 [Worker-9: Building] INFO  o.a.m.s.f.DefaultMavenResourcesFiltering - Copying 0 resource from src\main\resources to target\classes
2025-03-21 15:32:38,672 [Worker-9: Building] INFO  o.a.m.s.f.DefaultMavenResourcesFiltering - skip non existing resourceDirectory D:\Codes\Java-Training\demo-1\src\test\resources
2025-03-21 15:33:06,156 [Worker-5: Building] INFO  o.a.m.s.f.DefaultMavenResourcesFiltering - Copying 1 resource from src\main\resources to target\classes
2025-03-21 15:33:06,181 [Worker-5: Building] INFO  o.a.m.s.f.DefaultMavenResourcesFiltering - Copying 0 resource from src\main\resources to target\classes
2025-03-21 15:33:06,189 [Worker-5: Building] INFO  o.a.m.s.f.DefaultMavenResourcesFiltering - skip non existing resourceDirectory D:\Codes\Java-Training\demo-1\src\test\resources
2025-03-21 15:33:11,233 [Worker-0: Building] INFO  o.a.m.s.f.DefaultMavenResourcesFiltering - Copying 1 resource from src\main\resources to target\classes
2025-03-21 15:33:11,239 [Worker-0: Building] INFO  o.a.m.s.f.DefaultMavenResourcesFiltering - Copying 0 resource from src\main\resources to target\classes
2025-03-21 15:33:11,242 [Worker-0: Building] INFO  o.a.m.s.f.DefaultMavenResourcesFiltering - skip non existing resourceDirectory D:\Codes\Java-Training\demo-1\src\test\resources
2025-03-21 15:33:22,099 [Worker-12: Building] INFO  o.a.m.s.f.DefaultMavenResourcesFiltering - Copying 1 resource from src\main\resources to target\classes
2025-03-21 15:33:22,104 [Worker-12: Building] INFO  o.a.m.s.f.DefaultMavenResourcesFiltering - Copying 0 resource from src\main\resources to target\classes
2025-03-21 15:33:22,109 [Worker-12: Building] INFO  o.a.m.s.f.DefaultMavenResourcesFiltering - skip non existing resourceDirectory D:\Codes\Java-Training\demo-1\src\test\resources
2025-03-21 15:33:46,873 [Worker-11: Building] INFO  o.a.m.s.f.DefaultMavenResourcesFiltering - Copying 1 resource from src\main\resources to target\classes
2025-03-21 15:33:46,892 [Worker-11: Building] INFO  o.a.m.s.f.DefaultMavenResourcesFiltering - Copying 0 resource from src\main\resources to target\classes
2025-03-21 15:33:46,897 [Worker-11: Building] INFO  o.a.m.s.f.DefaultMavenResourcesFiltering - skip non existing resourceDirectory D:\Codes\Java-Training\demo-1\src\test\resources
2025-03-21 15:33:53,997 [Worker-11: Building] INFO  o.a.m.s.f.DefaultMavenResourcesFiltering - Copying 1 resource from src\main\resources to target\classes
2025-03-21 15:33:54,001 [Worker-11: Building] INFO  o.a.m.s.f.DefaultMavenResourcesFiltering - Copying 0 resource from src\main\resources to target\classes
2025-03-21 15:33:54,003 [Worker-11: Building] INFO  o.a.m.s.f.DefaultMavenResourcesFiltering - skip non existing resourceDirectory D:\Codes\Java-Training\demo-1\src\test\resources
2025-03-21 15:34:15,078 [Worker-1: Building] INFO  o.a.m.s.f.DefaultMavenResourcesFiltering - Copying 1 resource from src\main\resources to target\classes
2025-03-21 15:34:15,108 [Worker-1: Building] INFO  o.a.m.s.f.DefaultMavenResourcesFiltering - Copying 0 resource from src\main\resources to target\classes
2025-03-21 15:34:15,115 [Worker-1: Building] INFO  o.a.m.s.f.DefaultMavenResourcesFiltering - skip non existing resourceDirectory D:\Codes\Java-Training\demo-1\src\test\resources
2025-03-21 15:34:45,823 [Worker-4: Building] INFO  o.a.m.s.f.DefaultMavenResourcesFiltering - Copying 1 resource from src\main\resources to target\classes
2025-03-21 15:34:45,836 [Worker-4: Building] INFO  o.a.m.s.f.DefaultMavenResourcesFiltering - Copying 0 resource from src\main\resources to target\classes
2025-03-21 15:34:45,838 [Worker-4: Building] INFO  o.a.m.s.f.DefaultMavenResourcesFiltering - skip non existing resourceDirectory D:\Codes\Java-Training\demo-1\src\test\resources
2025-03-21 15:35:14,307 [Worker-3: Building] INFO  o.a.m.s.f.DefaultMavenResourcesFiltering - Copying 1 resource from src\main\resources to target\classes
2025-03-21 15:35:14,331 [Worker-3: Building] INFO  o.a.m.s.f.DefaultMavenResourcesFiltering - Copying 0 resource from src\main\resources to target\classes
2025-03-21 15:35:14,333 [Worker-3: Building] INFO  o.a.m.s.f.DefaultMavenResourcesFiltering - skip non existing resourceDirectory D:\Codes\Java-Training\demo-1\src\test\resources
2025-03-21 15:35:33,421 [Worker-10: Building] INFO  o.a.m.s.f.DefaultMavenResourcesFiltering - Copying 1 resource from src\main\resources to target\classes
2025-03-21 15:35:33,436 [Worker-10: Building] INFO  o.a.m.s.f.DefaultMavenResourcesFiltering - Copying 0 resource from src\main\resources to target\classes
2025-03-21 15:35:33,438 [Worker-10: Building] INFO  o.a.m.s.f.DefaultMavenResourcesFiltering - skip non existing resourceDirectory D:\Codes\Java-Training\demo-1\src\test\resources
2025-03-21 15:35:37,102 [Worker-2: Building] INFO  o.a.m.s.f.DefaultMavenResourcesFiltering - Copying 1 resource from src\main\resources to target\classes
2025-03-21 15:35:37,135 [Worker-2: Building] INFO  o.a.m.s.f.DefaultMavenResourcesFiltering - Copying 0 resource from src\main\resources to target\classes
2025-03-21 15:35:37,138 [Worker-2: Building] INFO  o.a.m.s.f.DefaultMavenResourcesFiltering - skip non existing resourceDirectory D:\Codes\Java-Training\demo-1\src\test\resources
2025-03-21 15:35:47,491 [Worker-1: Building] INFO  o.a.m.s.f.DefaultMavenResourcesFiltering - Copying 1 resource from src\main\resources to target\classes
2025-03-21 15:35:47,516 [Worker-1: Building] INFO  o.a.m.s.f.DefaultMavenResourcesFiltering - Copying 0 resource from src\main\resources to target\classes
2025-03-21 15:35:47,519 [Worker-1: Building] INFO  o.a.m.s.f.DefaultMavenResourcesFiltering - skip non existing resourceDirectory D:\Codes\Java-Training\demo-1\src\test\resources
2025-03-21 15:46:35,254 [Worker-0: Building] INFO  o.a.m.s.f.DefaultMavenResourcesFiltering - Copying 1 resource from src\main\resources to target\classes
2025-03-21 15:46:35,269 [Worker-0: Building] INFO  o.a.m.s.f.DefaultMavenResourcesFiltering - Copying 0 resource from src\main\resources to target\classes
2025-03-21 15:46:35,273 [Worker-0: Building] INFO  o.a.m.s.f.DefaultMavenResourcesFiltering - skip non existing resourceDirectory D:\Codes\Java-Training\demo-1\src\test\resources
2025-03-21 15:47:54,059 [Worker-13: Building] INFO  o.a.m.s.f.DefaultMavenResourcesFiltering - Copying 1 resource from src\main\resources to target\classes
2025-03-21 15:47:54,066 [Worker-13: Building] INFO  o.a.m.s.f.DefaultMavenResourcesFiltering - Copying 0 resource from src\main\resources to target\classes
2025-03-21 15:47:54,069 [Worker-13: Building] INFO  o.a.m.s.f.DefaultMavenResourcesFiltering - skip non existing resourceDirectory D:\Codes\Java-Training\demo-1\src\test\resources
2025-03-21 15:48:34,067 [Worker-0: Building] INFO  o.a.m.s.f.DefaultMavenResourcesFiltering - Copying 1 resource from src\main\resources to target\classes
2025-03-21 15:48:34,075 [Worker-0: Building] INFO  o.a.m.s.f.DefaultMavenResourcesFiltering - Copying 0 resource from src\main\resources to target\classes
2025-03-21 15:48:34,077 [Worker-0: Building] INFO  o.a.m.s.f.DefaultMavenResourcesFiltering - skip non existing resourceDirectory D:\Codes\Java-Training\demo-1\src\test\resources
2025-03-21 15:48:50,504 [Worker-15: Building] INFO  o.a.m.s.f.DefaultMavenResourcesFiltering - Copying 1 resource from src\main\resources to target\classes
2025-03-21 15:48:50,511 [Worker-15: Building] INFO  o.a.m.s.f.DefaultMavenResourcesFiltering - Copying 0 resource from src\main\resources to target\classes
2025-03-21 15:48:50,513 [Worker-15: Building] INFO  o.a.m.s.f.DefaultMavenResourcesFiltering - skip non existing resourceDirectory D:\Codes\Java-Training\demo-1\src\test\resources
2025-03-21 15:49:20,591 [Worker-0: Building] INFO  o.a.m.s.f.DefaultMavenResourcesFiltering - Copying 1 resource from src\main\resources to target\classes
2025-03-21 15:49:20,596 [Worker-0: Building] INFO  o.a.m.s.f.DefaultMavenResourcesFiltering - Copying 0 resource from src\main\resources to target\classes
2025-03-21 15:49:20,599 [Worker-0: Building] INFO  o.a.m.s.f.DefaultMavenResourcesFiltering - skip non existing resourceDirectory D:\Codes\Java-Training\demo-1\src\test\resources
2025-03-21 15:49:35,809 [Worker-15: Building] INFO  o.a.m.s.f.DefaultMavenResourcesFiltering - Copying 1 resource from src\main\resources to target\classes
2025-03-21 15:49:35,815 [Worker-15: Building] INFO  o.a.m.s.f.DefaultMavenResourcesFiltering - Copying 0 resource from src\main\resources to target\classes
2025-03-21 15:49:35,817 [Worker-15: Building] INFO  o.a.m.s.f.DefaultMavenResourcesFiltering - skip non existing resourceDirectory D:\Codes\Java-Training\demo-1\src\test\resources
2025-03-21 15:49:40,616 [Worker-13: Building] INFO  o.a.m.s.f.DefaultMavenResourcesFiltering - Copying 1 resource from src\main\resources to target\classes
2025-03-21 15:49:40,622 [Worker-13: Building] INFO  o.a.m.s.f.DefaultMavenResourcesFiltering - Copying 0 resource from src\main\resources to target\classes
2025-03-21 15:49:40,624 [Worker-13: Building] INFO  o.a.m.s.f.DefaultMavenResourcesFiltering - skip non existing resourceDirectory D:\Codes\Java-Training\demo-1\src\test\resources
2025-03-21 15:50:11,316 [Worker-17: Building] INFO  o.a.m.s.f.DefaultMavenResourcesFiltering - Copying 1 resource from src\main\resources to target\classes
2025-03-21 15:50:11,434 [Worker-17: Building] INFO  o.a.m.s.f.DefaultMavenResourcesFiltering - Copying 0 resource from src\main\resources to target\classes
2025-03-21 15:50:11,444 [Worker-17: Building] INFO  o.a.m.s.f.DefaultMavenResourcesFiltering - skip non existing resourceDirectory D:\Codes\Java-Training\demo-1\src\test\resources
2025-03-21 15:50:37,509 [Worker-18: Building] INFO  o.a.m.s.f.DefaultMavenResourcesFiltering - Copying 1 resource from src\main\resources to target\classes
2025-03-21 15:50:37,591 [Worker-18: Building] INFO  o.a.m.s.f.DefaultMavenResourcesFiltering - Copying 0 resource from src\main\resources to target\classes
2025-03-21 15:50:37,595 [Worker-18: Building] INFO  o.a.m.s.f.DefaultMavenResourcesFiltering - skip non existing resourceDirectory D:\Codes\Java-Training\demo-1\src\test\resources
2025-03-21 15:53:18,555 [Worker-15: Building] INFO  o.a.m.s.f.DefaultMavenResourcesFiltering - Copying 1 resource from src\main\resources to target\classes
2025-03-21 15:53:18,583 [Worker-15: Building] INFO  o.a.m.s.f.DefaultMavenResourcesFiltering - Copying 0 resource from src\main\resources to target\classes
2025-03-21 15:53:18,587 [Worker-15: Building] INFO  o.a.m.s.f.DefaultMavenResourcesFiltering - skip non existing resourceDirectory D:\Codes\Java-Training\demo-1\src\test\resources
2025-03-22 09:20:23,591 [Worker-6: Loading available Gradle versions] INFO  o.e.b.c.i.u.g.PublishedGradleVersions - Gradle version information cache is out-of-date. Trying to update.
2025-03-22 09:22:41,402 [Worker-2: Launching demo-1 - Demo1Application] INFO  o.a.m.s.f.DefaultMavenResourcesFiltering - Copying 1 resource from src\main\resources to target\classes
2025-03-22 09:22:41,426 [Worker-2: Launching demo-1 - Demo1Application] INFO  o.a.m.s.f.DefaultMavenResourcesFiltering - Copying 0 resource from src\main\resources to target\classes
2025-03-22 09:22:41,430 [Worker-2: Launching demo-1 - Demo1Application] INFO  o.a.m.s.f.DefaultMavenResourcesFiltering - skip non existing resourceDirectory D:\Codes\Java-Training\demo-1\src\test\resources
2025-03-22 09:36:31,354 [Worker-16: Building] INFO  o.a.m.s.f.DefaultMavenResourcesFiltering - Copying 1 resource from src\main\resources to target\classes
2025-03-22 09:36:31,391 [Worker-16: Building] INFO  o.a.m.s.f.DefaultMavenResourcesFiltering - Copying 0 resource from src\main\resources to target\classes
2025-03-22 09:36:31,395 [Worker-16: Building] INFO  o.a.m.s.f.DefaultMavenResourcesFiltering - skip non existing resourceDirectory D:\Codes\Java-Training\demo-1\src\test\resources
2025-03-22 09:37:17,010 [Worker-18: Building] INFO  o.a.m.s.f.DefaultMavenResourcesFiltering - Copying 1 resource from src\main\resources to target\classes
2025-03-22 09:37:17,016 [Worker-18: Building] INFO  o.a.m.s.f.DefaultMavenResourcesFiltering - Copying 0 resource from src\main\resources to target\classes
2025-03-22 09:37:17,018 [Worker-18: Building] INFO  o.a.m.s.f.DefaultMavenResourcesFiltering - skip non existing resourceDirectory D:\Codes\Java-Training\demo-1\src\test\resources
2025-03-22 09:37:54,854 [Worker-15: Building] INFO  o.a.m.s.f.DefaultMavenResourcesFiltering - Copying 1 resource from src\main\resources to target\classes
2025-03-22 09:37:54,869 [Worker-15: Building] INFO  o.a.m.s.f.DefaultMavenResourcesFiltering - Copying 0 resource from src\main\resources to target\classes
2025-03-22 09:37:54,872 [Worker-15: Building] INFO  o.a.m.s.f.DefaultMavenResourcesFiltering - skip non existing resourceDirectory D:\Codes\Java-Training\demo-1\src\test\resources
2025-03-22 09:38:49,118 [Worker-15: Building] INFO  o.a.m.s.f.DefaultMavenResourcesFiltering - Copying 1 resource from src\main\resources to target\classes
2025-03-22 09:38:49,123 [Worker-15: Building] INFO  o.a.m.s.f.DefaultMavenResourcesFiltering - Copying 0 resource from src\main\resources to target\classes
2025-03-22 09:38:49,125 [Worker-15: Building] INFO  o.a.m.s.f.DefaultMavenResourcesFiltering - skip non existing resourceDirectory D:\Codes\Java-Training\demo-1\src\test\resources
2025-03-22 09:39:54,153 [Worker-17: Building] INFO  o.a.m.s.f.DefaultMavenResourcesFiltering - Copying 1 resource from src\main\resources to target\classes
2025-03-22 09:39:54,159 [Worker-17: Building] INFO  o.a.m.s.f.DefaultMavenResourcesFiltering - Copying 0 resource from src\main\resources to target\classes
2025-03-22 09:39:54,161 [Worker-17: Building] INFO  o.a.m.s.f.DefaultMavenResourcesFiltering - skip non existing resourceDirectory D:\Codes\Java-Training\demo-1\src\test\resources
2025-03-22 09:40:36,771 [Worker-19: Building] INFO  o.a.m.s.f.DefaultMavenResourcesFiltering - Copying 1 resource from src\main\resources to target\classes
2025-03-22 09:40:36,777 [Worker-19: Building] INFO  o.a.m.s.f.DefaultMavenResourcesFiltering - Copying 0 resource from src\main\resources to target\classes
2025-03-22 09:40:36,781 [Worker-19: Building] INFO  o.a.m.s.f.DefaultMavenResourcesFiltering - skip non existing resourceDirectory D:\Codes\Java-Training\demo-1\src\test\resources
2025-03-22 09:40:49,739 [Worker-17: Building] INFO  o.a.m.s.f.DefaultMavenResourcesFiltering - Copying 1 resource from src\main\resources to target\classes
2025-03-22 09:40:49,745 [Worker-17: Building] INFO  o.a.m.s.f.DefaultMavenResourcesFiltering - Copying 0 resource from src\main\resources to target\classes
2025-03-22 09:40:49,747 [Worker-17: Building] INFO  o.a.m.s.f.DefaultMavenResourcesFiltering - skip non existing resourceDirectory D:\Codes\Java-Training\demo-1\src\test\resources
2025-03-22 09:42:39,121 [Worker-22: Building] INFO  o.a.m.s.f.DefaultMavenResourcesFiltering - Copying 1 resource from src\main\resources to target\classes
2025-03-22 09:42:39,126 [Worker-22: Building] INFO  o.a.m.s.f.DefaultMavenResourcesFiltering - Copying 0 resource from src\main\resources to target\classes
2025-03-22 09:42:39,129 [Worker-22: Building] INFO  o.a.m.s.f.DefaultMavenResourcesFiltering - skip non existing resourceDirectory D:\Codes\Java-Training\demo-1\src\test\resources
2025-03-22 09:42:59,587 [Worker-22: Building] INFO  o.a.m.s.f.DefaultMavenResourcesFiltering - Copying 1 resource from src\main\resources to target\classes
2025-03-22 09:42:59,593 [Worker-22: Building] INFO  o.a.m.s.f.DefaultMavenResourcesFiltering - Copying 0 resource from src\main\resources to target\classes
2025-03-22 09:42:59,595 [Worker-22: Building] INFO  o.a.m.s.f.DefaultMavenResourcesFiltering - skip non existing resourceDirectory D:\Codes\Java-Training\demo-1\src\test\resources
2025-03-22 09:45:34,427 [Worker-24: Building] INFO  o.a.m.s.f.DefaultMavenResourcesFiltering - Copying 1 resource from src\main\resources to target\classes
2025-03-22 09:45:34,441 [Worker-24: Building] INFO  o.a.m.s.f.DefaultMavenResourcesFiltering - Copying 0 resource from src\main\resources to target\classes
2025-03-22 09:45:34,443 [Worker-24: Building] INFO  o.a.m.s.f.DefaultMavenResourcesFiltering - skip non existing resourceDirectory D:\Codes\Java-Training\demo-1\src\test\resources
2025-03-22 09:45:55,611 [Worker-17: Building] INFO  o.a.m.s.f.DefaultMavenResourcesFiltering - Copying 1 resource from src\main\resources to target\classes
2025-03-22 09:45:55,623 [Worker-17: Building] INFO  o.a.m.s.f.DefaultMavenResourcesFiltering - Copying 0 resource from src\main\resources to target\classes
2025-03-22 09:45:55,627 [Worker-17: Building] INFO  o.a.m.s.f.DefaultMavenResourcesFiltering - skip non existing resourceDirectory D:\Codes\Java-Training\demo-1\src\test\resources
2025-03-22 10:43:59,291 [Worker-29: Building] INFO  o.a.m.s.f.DefaultMavenResourcesFiltering - Copying 1 resource from src\main\resources to target\classes
2025-03-22 10:43:59,329 [Worker-29: Building] INFO  o.a.m.s.f.DefaultMavenResourcesFiltering - Copying 0 resource from src\main\resources to target\classes
2025-03-22 10:43:59,338 [Worker-29: Building] INFO  o.a.m.s.f.DefaultMavenResourcesFiltering - skip non existing resourceDirectory D:\Codes\Java-Training\demo-1\src\test\resources
2025-03-22 10:44:28,275 [Worker-30: Building] INFO  o.a.m.s.f.DefaultMavenResourcesFiltering - Copying 1 resource from src\main\resources to target\classes
2025-03-22 10:44:28,303 [Worker-30: Building] INFO  o.a.m.s.f.DefaultMavenResourcesFiltering - Copying 0 resource from src\main\resources to target\classes
2025-03-22 10:44:28,306 [Worker-30: Building] INFO  o.a.m.s.f.DefaultMavenResourcesFiltering - skip non existing resourceDirectory D:\Codes\Java-Training\demo-1\src\test\resources
2025-03-22 10:44:52,859 [Worker-25: Building] INFO  o.a.m.s.f.DefaultMavenResourcesFiltering - Copying 1 resource from src\main\resources to target\classes
2025-03-22 10:44:52,871 [Worker-25: Building] INFO  o.a.m.s.f.DefaultMavenResourcesFiltering - Copying 0 resource from src\main\resources to target\classes
2025-03-22 10:44:52,874 [Worker-25: Building] INFO  o.a.m.s.f.DefaultMavenResourcesFiltering - skip non existing resourceDirectory D:\Codes\Java-Training\demo-1\src\test\resources
2025-03-22 10:45:05,330 [Worker-4: Building] INFO  o.a.m.s.f.DefaultMavenResourcesFiltering - Copying 1 resource from src\main\resources to target\classes
2025-03-22 10:45:05,344 [Worker-4: Building] INFO  o.a.m.s.f.DefaultMavenResourcesFiltering - Copying 0 resource from src\main\resources to target\classes
2025-03-22 10:45:05,348 [Worker-4: Building] INFO  o.a.m.s.f.DefaultMavenResourcesFiltering - skip non existing resourceDirectory D:\Codes\Java-Training\demo-1\src\test\resources
2025-03-22 10:45:17,778 [Worker-4: Building] INFO  o.a.m.s.f.DefaultMavenResourcesFiltering - Copying 1 resource from src\main\resources to target\classes
2025-03-22 10:45:17,789 [Worker-4: Building] INFO  o.a.m.s.f.DefaultMavenResourcesFiltering - Copying 0 resource from src\main\resources to target\classes
2025-03-22 10:45:17,792 [Worker-4: Building] INFO  o.a.m.s.f.DefaultMavenResourcesFiltering - skip non existing resourceDirectory D:\Codes\Java-Training\demo-1\src\test\resources
2025-03-22 10:45:21,358 [Worker-29: Building] INFO  o.a.m.s.f.DefaultMavenResourcesFiltering - Copying 1 resource from src\main\resources to target\classes
2025-03-22 10:45:21,377 [Worker-29: Building] INFO  o.a.m.s.f.DefaultMavenResourcesFiltering - Copying 0 resource from src\main\resources to target\classes
2025-03-22 10:45:21,382 [Worker-29: Building] INFO  o.a.m.s.f.DefaultMavenResourcesFiltering - skip non existing resourceDirectory D:\Codes\Java-Training\demo-1\src\test\resources
2025-03-22 10:56:53,153 [Worker-38: Building] INFO  o.a.m.s.f.DefaultMavenResourcesFiltering - Copying 1 resource from src\main\resources to target\classes
2025-03-22 10:56:53,174 [Worker-38: Building] INFO  o.a.m.s.f.DefaultMavenResourcesFiltering - Copying 0 resource from src\main\resources to target\classes
2025-03-22 10:56:53,178 [Worker-38: Building] INFO  o.a.m.s.f.DefaultMavenResourcesFiltering - skip non existing resourceDirectory D:\Codes\Java-Training\demo-1\src\test\resources
2025-03-22 11:06:13,239 [Worker-37: Building] INFO  o.a.m.s.f.DefaultMavenResourcesFiltering - Copying 0 resource from src\main\resources to target\classes
2025-03-22 11:06:13,241 [Worker-37: Building] INFO  o.a.m.s.f.DefaultMavenResourcesFiltering - Copying 0 resource from src\main\resources to target\classes
2025-03-22 11:06:13,244 [Worker-37: Building] INFO  o.a.m.s.f.DefaultMavenResourcesFiltering - skip non existing resourceDirectory D:\Codes\Java-Training\demo-1\src\test\resources
2025-03-22 11:06:19,202 [Worker-39: Building] INFO  o.a.m.s.f.DefaultMavenResourcesFiltering - Copying 1 resource from src\main\resources to target\classes
2025-03-22 11:06:19,205 [Worker-39: Building] INFO  o.a.m.s.f.DefaultMavenResourcesFiltering - Copying 0 resource from src\main\resources to target\classes
2025-03-22 11:06:19,210 [Worker-39: Building] INFO  o.a.m.s.f.DefaultMavenResourcesFiltering - skip non existing resourceDirectory D:\Codes\Java-Training\demo-1\src\test\resources
2025-03-22 11:07:24,342 [Worker-43: Building] INFO  o.e.m.c.i.l.LifecycleMappingFactory - Using org.eclipse.m2e.jdt.JarLifecycleMapping lifecycle mapping for MavenProject: com.training.app:product-management:0.0.1-SNAPSHOT @ D:\Codes\Java-Training\demo-1\pom.xml.
2025-03-22 11:07:25,311 [Worker-43: Building] INFO  o.a.m.s.f.DefaultMavenResourcesFiltering - Copying 0 resource from src\main\resources to target\classes
2025-03-22 11:07:25,311 [Worker-43: Building] INFO  o.a.m.s.f.DefaultMavenResourcesFiltering - Copying 0 resource from src\main\resources to target\classes
2025-03-22 11:07:25,314 [Worker-43: Building] INFO  o.a.m.s.f.DefaultMavenResourcesFiltering - skip non existing resourceDirectory D:\Codes\Java-Training\demo-1\src\test\resources
2025-03-22 11:08:03,075 [Worker-39: Building] INFO  o.a.m.s.f.DefaultMavenResourcesFiltering - Copying 1 resource from src\main\resources to target\classes
2025-03-22 11:08:03,089 [Worker-39: Building] INFO  o.a.m.s.f.DefaultMavenResourcesFiltering - Copying 0 resource from src\main\resources to target\classes
2025-03-22 11:08:03,091 [Worker-39: Building] INFO  o.a.m.s.f.DefaultMavenResourcesFiltering - skip non existing resourceDirectory D:\Codes\Java-Training\demo-1\src\test\resources
2025-03-22 11:08:54,169 [Worker-37: Building] INFO  o.a.m.s.f.DefaultMavenResourcesFiltering - Copying 1 resource from src\main\resources to target\classes
2025-03-22 11:08:54,175 [Worker-37: Building] INFO  o.a.m.s.f.DefaultMavenResourcesFiltering - Copying 0 resource from src\main\resources to target\classes
2025-03-22 11:08:54,179 [Worker-37: Building] INFO  o.a.m.s.f.DefaultMavenResourcesFiltering - skip non existing resourceDirectory D:\Codes\Java-Training\demo-1\src\test\resources
2025-03-22 11:09:25,540 [Worker-44: Building] INFO  o.a.m.s.f.DefaultMavenResourcesFiltering - Copying 1 resource from src\main\resources to target\classes
2025-03-22 11:09:25,545 [Worker-44: Building] INFO  o.a.m.s.f.DefaultMavenResourcesFiltering - Copying 0 resource from src\main\resources to target\classes
2025-03-22 11:09:25,549 [Worker-44: Building] INFO  o.a.m.s.f.DefaultMavenResourcesFiltering - skip non existing resourceDirectory D:\Codes\Java-Training\demo-1\src\test\resources
2025-03-22 11:10:19,443 [Worker-44: Building] INFO  o.a.m.s.f.DefaultMavenResourcesFiltering - Copying 1 resource from src\main\resources to target\classes
2025-03-22 11:10:19,468 [Worker-44: Building] INFO  o.a.m.s.f.DefaultMavenResourcesFiltering - Copying 0 resource from src\main\resources to target\classes
2025-03-22 11:10:19,475 [Worker-44: Building] INFO  o.a.m.s.f.DefaultMavenResourcesFiltering - skip non existing resourceDirectory D:\Codes\Java-Training\demo-1\src\test\resources
2025-03-22 11:10:37,886 [Worker-40: Building] INFO  o.a.m.s.f.DefaultMavenResourcesFiltering - Copying 1 resource from src\main\resources to target\classes
2025-03-22 11:10:37,888 [Worker-40: Building] INFO  o.a.m.s.f.DefaultMavenResourcesFiltering - Copying 0 resource from src\main\resources to target\classes
2025-03-22 11:10:37,891 [Worker-40: Building] INFO  o.a.m.s.f.DefaultMavenResourcesFiltering - skip non existing resourceDirectory D:\Codes\Java-Training\demo-1\src\test\resources
2025-03-22 11:10:55,910 [Worker-40: Building] INFO  o.a.m.s.f.DefaultMavenResourcesFiltering - Copying 0 resource from src\main\resources to target\classes
2025-03-22 11:10:55,910 [Worker-40: Building] INFO  o.a.m.s.f.DefaultMavenResourcesFiltering - Copying 0 resource from src\main\resources to target\classes
2025-03-22 11:10:55,912 [Worker-40: Building] INFO  o.a.m.s.f.DefaultMavenResourcesFiltering - skip non existing resourceDirectory D:\Codes\Java-Training\demo-1\src\test\resources
2025-03-22 11:50:13,207 [Worker-49: Building] INFO  o.a.m.s.f.DefaultMavenResourcesFiltering - Copying 1 resource from src\main\resources to target\classes
2025-03-22 11:50:13,241 [Worker-49: Building] INFO  o.a.m.s.f.DefaultMavenResourcesFiltering - Copying 0 resource from src\main\resources to target\classes
2025-03-22 11:50:13,249 [Worker-49: Building] INFO  o.a.m.s.f.DefaultMavenResourcesFiltering - skip non existing resourceDirectory D:\Codes\Java-Training\demo-1\src\test\resources
2025-03-22 11:50:23,944 [Worker-53: Building] INFO  o.a.m.s.f.DefaultMavenResourcesFiltering - Copying 1 resource from src\main\resources to target\classes
2025-03-22 11:50:23,988 [Worker-53: Building] INFO  o.a.m.s.f.DefaultMavenResourcesFiltering - Copying 0 resource from src\main\resources to target\classes
2025-03-22 11:50:23,990 [Worker-53: Building] INFO  o.a.m.s.f.DefaultMavenResourcesFiltering - skip non existing resourceDirectory D:\Codes\Java-Training\demo-1\src\test\resources
2025-03-22 11:50:57,375 [Worker-52: Building] INFO  o.a.m.s.f.DefaultMavenResourcesFiltering - Copying 1 resource from src\main\resources to target\classes
2025-03-22 11:50:57,421 [Worker-52: Building] INFO  o.a.m.s.f.DefaultMavenResourcesFiltering - Copying 0 resource from src\main\resources to target\classes
2025-03-22 11:50:57,425 [Worker-52: Building] INFO  o.a.m.s.f.DefaultMavenResourcesFiltering - skip non existing resourceDirectory D:\Codes\Java-Training\demo-1\src\test\resources
2025-03-22 11:51:04,040 [Worker-51: Building] INFO  o.a.m.s.f.DefaultMavenResourcesFiltering - Copying 1 resource from src\main\resources to target\classes
2025-03-22 11:51:04,052 [Worker-51: Building] INFO  o.a.m.s.f.DefaultMavenResourcesFiltering - Copying 0 resource from src\main\resources to target\classes
2025-03-22 11:51:04,055 [Worker-51: Building] INFO  o.a.m.s.f.DefaultMavenResourcesFiltering - skip non existing resourceDirectory D:\Codes\Java-Training\demo-1\src\test\resources
2025-03-22 11:51:53,930 [Worker-53: Building] INFO  o.a.m.s.f.DefaultMavenResourcesFiltering - Copying 1 resource from src\main\resources to target\classes
2025-03-22 11:51:54,024 [Worker-53: Building] INFO  o.a.m.s.f.DefaultMavenResourcesFiltering - Copying 0 resource from src\main\resources to target\classes
2025-03-22 11:51:54,034 [Worker-53: Building] INFO  o.a.m.s.f.DefaultMavenResourcesFiltering - skip non existing resourceDirectory D:\Codes\Java-Training\demo-1\src\test\resources
2025-03-22 11:54:00,192 [Worker-47: Building] INFO  o.a.m.s.f.DefaultMavenResourcesFiltering - Copying 1 resource from src\main\resources to target\classes
2025-03-22 11:54:00,241 [Worker-47: Building] INFO  o.a.m.s.f.DefaultMavenResourcesFiltering - Copying 0 resource from src\main\resources to target\classes
2025-03-22 11:54:00,244 [Worker-47: Building] INFO  o.a.m.s.f.DefaultMavenResourcesFiltering - skip non existing resourceDirectory D:\Codes\Java-Training\demo-1\src\test\resources
2025-03-22 11:54:13,181 [Worker-51: Building] INFO  o.a.m.s.f.DefaultMavenResourcesFiltering - Copying 1 resource from src\main\resources to target\classes
2025-03-22 11:54:13,190 [Worker-51: Building] INFO  o.a.m.s.f.DefaultMavenResourcesFiltering - Copying 0 resource from src\main\resources to target\classes
2025-03-22 11:54:13,192 [Worker-51: Building] INFO  o.a.m.s.f.DefaultMavenResourcesFiltering - skip non existing resourceDirectory D:\Codes\Java-Training\demo-1\src\test\resources
2025-03-22 12:23:19,728 [Worker-58: Building] INFO  o.a.m.s.f.DefaultMavenResourcesFiltering - Copying 1 resource from src\main\resources to target\classes
2025-03-22 12:23:19,761 [Worker-58: Building] INFO  o.a.m.s.f.DefaultMavenResourcesFiltering - Copying 0 resource from src\main\resources to target\classes
2025-03-22 12:23:19,770 [Worker-58: Building] INFO  o.a.m.s.f.DefaultMavenResourcesFiltering - skip non existing resourceDirectory D:\Codes\Java-Training\demo-1\src\test\resources
2025-03-22 12:25:14,224 [Worker-63: Building] INFO  o.a.m.s.f.DefaultMavenResourcesFiltering - Copying 1 resource from src\main\resources to target\classes
2025-03-22 12:25:14,275 [Worker-63: Building] INFO  o.a.m.s.f.DefaultMavenResourcesFiltering - Copying 0 resource from src\main\resources to target\classes
2025-03-22 12:25:14,280 [Worker-63: Building] INFO  o.a.m.s.f.DefaultMavenResourcesFiltering - skip non existing resourceDirectory D:\Codes\Java-Training\demo-1\src\test\resources
2025-03-22 12:25:50,526 [Worker-62: Building] INFO  o.a.m.s.f.DefaultMavenResourcesFiltering - Copying 1 resource from src\main\resources to target\classes
2025-03-22 12:25:50,571 [Worker-62: Building] INFO  o.a.m.s.f.DefaultMavenResourcesFiltering - Copying 0 resource from src\main\resources to target\classes
2025-03-22 12:25:50,590 [Worker-62: Building] INFO  o.a.m.s.f.DefaultMavenResourcesFiltering - skip non existing resourceDirectory D:\Codes\Java-Training\demo-1\src\test\resources
2025-03-22 12:26:40,220 [Worker-62: Building] INFO  o.a.m.s.f.DefaultMavenResourcesFiltering - Copying 1 resource from src\main\resources to target\classes
2025-03-22 12:26:40,242 [Worker-62: Building] INFO  o.a.m.s.f.DefaultMavenResourcesFiltering - Copying 0 resource from src\main\resources to target\classes
2025-03-22 12:26:40,246 [Worker-62: Building] INFO  o.a.m.s.f.DefaultMavenResourcesFiltering - skip non existing resourceDirectory D:\Codes\Java-Training\demo-1\src\test\resources
2025-03-22 12:27:19,999 [Worker-64: Building] INFO  o.a.m.s.f.DefaultMavenResourcesFiltering - Copying 1 resource from src\main\resources to target\classes
2025-03-22 12:27:20,015 [Worker-64: Building] INFO  o.a.m.s.f.DefaultMavenResourcesFiltering - Copying 0 resource from src\main\resources to target\classes
2025-03-22 12:27:20,017 [Worker-64: Building] INFO  o.a.m.s.f.DefaultMavenResourcesFiltering - skip non existing resourceDirectory D:\Codes\Java-Training\demo-1\src\test\resources
2025-03-22 12:27:35,452 [Worker-60: Building] INFO  o.a.m.s.f.DefaultMavenResourcesFiltering - Copying 1 resource from src\main\resources to target\classes
2025-03-22 12:27:35,466 [Worker-60: Building] INFO  o.a.m.s.f.DefaultMavenResourcesFiltering - Copying 0 resource from src\main\resources to target\classes
2025-03-22 12:27:35,469 [Worker-60: Building] INFO  o.a.m.s.f.DefaultMavenResourcesFiltering - skip non existing resourceDirectory D:\Codes\Java-Training\demo-1\src\test\resources
2025-03-22 12:27:52,703 [Worker-63: Building] INFO  o.a.m.s.f.DefaultMavenResourcesFiltering - Copying 1 resource from src\main\resources to target\classes
2025-03-22 12:27:52,724 [Worker-63: Building] INFO  o.a.m.s.f.DefaultMavenResourcesFiltering - Copying 0 resource from src\main\resources to target\classes
2025-03-22 12:27:52,726 [Worker-63: Building] INFO  o.a.m.s.f.DefaultMavenResourcesFiltering - skip non existing resourceDirectory D:\Codes\Java-Training\demo-1\src\test\resources
2025-03-22 12:29:46,019 [Worker-67: Building] INFO  o.a.m.s.f.DefaultMavenResourcesFiltering - Copying 1 resource from src\main\resources to target\classes
2025-03-22 12:29:46,029 [Worker-67: Building] INFO  o.a.m.s.f.DefaultMavenResourcesFiltering - Copying 0 resource from src\main\resources to target\classes
2025-03-22 12:29:46,034 [Worker-67: Building] INFO  o.a.m.s.f.DefaultMavenResourcesFiltering - skip non existing resourceDirectory D:\Codes\Java-Training\demo-1\src\test\resources
2025-03-22 12:30:01,657 [Worker-65: Building] INFO  o.a.m.s.f.DefaultMavenResourcesFiltering - Copying 1 resource from src\main\resources to target\classes
2025-03-22 12:30:01,668 [Worker-65: Building] INFO  o.a.m.s.f.DefaultMavenResourcesFiltering - Copying 0 resource from src\main\resources to target\classes
2025-03-22 12:30:01,670 [Worker-65: Building] INFO  o.a.m.s.f.DefaultMavenResourcesFiltering - skip non existing resourceDirectory D:\Codes\Java-Training\demo-1\src\test\resources
2025-03-22 12:30:33,460 [Worker-36: Building] INFO  o.a.m.s.f.DefaultMavenResourcesFiltering - Copying 1 resource from src\main\resources to target\classes
2025-03-22 12:30:33,471 [Worker-36: Building] INFO  o.a.m.s.f.DefaultMavenResourcesFiltering - Copying 0 resource from src\main\resources to target\classes
2025-03-22 12:30:33,474 [Worker-36: Building] INFO  o.a.m.s.f.DefaultMavenResourcesFiltering - skip non existing resourceDirectory D:\Codes\Java-Training\demo-1\src\test\resources
2025-03-22 12:32:22,861 [Worker-61: Building] INFO  o.a.m.s.f.DefaultMavenResourcesFiltering - Copying 1 resource from src\main\resources to target\classes
2025-03-22 12:32:22,870 [Worker-61: Building] INFO  o.a.m.s.f.DefaultMavenResourcesFiltering - Copying 0 resource from src\main\resources to target\classes
2025-03-22 12:32:22,872 [Worker-61: Building] INFO  o.a.m.s.f.DefaultMavenResourcesFiltering - skip non existing resourceDirectory D:\Codes\Java-Training\demo-1\src\test\resources
2025-03-22 12:32:50,805 [Worker-65: Building] INFO  o.a.m.s.f.DefaultMavenResourcesFiltering - Copying 1 resource from src\main\resources to target\classes
2025-03-22 12:32:50,826 [Worker-65: Building] INFO  o.a.m.s.f.DefaultMavenResourcesFiltering - Copying 0 resource from src\main\resources to target\classes
2025-03-22 12:32:50,831 [Worker-65: Building] INFO  o.a.m.s.f.DefaultMavenResourcesFiltering - skip non existing resourceDirectory D:\Codes\Java-Training\demo-1\src\test\resources
2025-03-22 12:32:56,581 [Worker-63: Building] INFO  o.a.m.s.f.DefaultMavenResourcesFiltering - Copying 1 resource from src\main\resources to target\classes
2025-03-22 12:32:56,589 [Worker-63: Building] INFO  o.a.m.s.f.DefaultMavenResourcesFiltering - Copying 0 resource from src\main\resources to target\classes
2025-03-22 12:32:56,591 [Worker-63: Building] INFO  o.a.m.s.f.DefaultMavenResourcesFiltering - skip non existing resourceDirectory D:\Codes\Java-Training\demo-1\src\test\resources
2025-03-22 12:33:03,501 [Worker-61: Building] INFO  o.a.m.s.f.DefaultMavenResourcesFiltering - Copying 1 resource from src\main\resources to target\classes
2025-03-22 12:33:03,512 [Worker-61: Building] INFO  o.a.m.s.f.DefaultMavenResourcesFiltering - Copying 0 resource from src\main\resources to target\classes
2025-03-22 12:33:03,514 [Worker-61: Building] INFO  o.a.m.s.f.DefaultMavenResourcesFiltering - skip non existing resourceDirectory D:\Codes\Java-Training\demo-1\src\test\resources
2025-03-22 12:33:16,965 [Worker-69: Building] INFO  o.a.m.s.f.DefaultMavenResourcesFiltering - Copying 1 resource from src\main\resources to target\classes
2025-03-22 12:33:16,969 [Worker-69: Building] INFO  o.a.m.s.f.DefaultMavenResourcesFiltering - Copying 0 resource from src\main\resources to target\classes
2025-03-22 12:33:16,971 [Worker-69: Building] INFO  o.a.m.s.f.DefaultMavenResourcesFiltering - skip non existing resourceDirectory D:\Codes\Java-Training\demo-1\src\test\resources
2025-03-22 12:33:36,505 [Worker-63: Building] INFO  o.a.m.s.f.DefaultMavenResourcesFiltering - Copying 1 resource from src\main\resources to target\classes
2025-03-22 12:33:36,509 [Worker-63: Building] INFO  o.a.m.s.f.DefaultMavenResourcesFiltering - Copying 0 resource from src\main\resources to target\classes
2025-03-22 12:33:36,512 [Worker-63: Building] INFO  o.a.m.s.f.DefaultMavenResourcesFiltering - skip non existing resourceDirectory D:\Codes\Java-Training\demo-1\src\test\resources
2025-03-22 12:33:52,920 [Worker-36: Building] INFO  o.a.m.s.f.DefaultMavenResourcesFiltering - Copying 1 resource from src\main\resources to target\classes
2025-03-22 12:33:52,934 [Worker-36: Building] INFO  o.a.m.s.f.DefaultMavenResourcesFiltering - Copying 0 resource from src\main\resources to target\classes
2025-03-22 12:33:52,937 [Worker-36: Building] INFO  o.a.m.s.f.DefaultMavenResourcesFiltering - skip non existing resourceDirectory D:\Codes\Java-Training\demo-1\src\test\resources
2025-03-22 12:33:59,189 [Worker-65: Building] INFO  o.a.m.s.f.DefaultMavenResourcesFiltering - Copying 1 resource from src\main\resources to target\classes
2025-03-22 12:33:59,195 [Worker-65: Building] INFO  o.a.m.s.f.DefaultMavenResourcesFiltering - Copying 0 resource from src\main\resources to target\classes
2025-03-22 12:33:59,198 [Worker-65: Building] INFO  o.a.m.s.f.DefaultMavenResourcesFiltering - skip non existing resourceDirectory D:\Codes\Java-Training\demo-1\src\test\resources
2025-03-22 12:34:05,734 [Worker-66: Building] INFO  o.a.m.s.f.DefaultMavenResourcesFiltering - Copying 1 resource from src\main\resources to target\classes
2025-03-22 12:34:05,749 [Worker-66: Building] INFO  o.a.m.s.f.DefaultMavenResourcesFiltering - Copying 0 resource from src\main\resources to target\classes
2025-03-22 12:34:05,751 [Worker-66: Building] INFO  o.a.m.s.f.DefaultMavenResourcesFiltering - skip non existing resourceDirectory D:\Codes\Java-Training\demo-1\src\test\resources
2025-03-22 12:34:07,848 [Worker-68: Building] INFO  o.a.m.s.f.DefaultMavenResourcesFiltering - Copying 1 resource from src\main\resources to target\classes
2025-03-22 12:34:07,860 [Worker-68: Building] INFO  o.a.m.s.f.DefaultMavenResourcesFiltering - Copying 0 resource from src\main\resources to target\classes
2025-03-22 12:34:07,864 [Worker-68: Building] INFO  o.a.m.s.f.DefaultMavenResourcesFiltering - skip non existing resourceDirectory D:\Codes\Java-Training\demo-1\src\test\resources
2025-03-22 12:34:38,705 [Worker-65: Building] INFO  o.a.m.s.f.DefaultMavenResourcesFiltering - Copying 1 resource from src\main\resources to target\classes
2025-03-22 12:34:38,710 [Worker-65: Building] INFO  o.a.m.s.f.DefaultMavenResourcesFiltering - Copying 0 resource from src\main\resources to target\classes
2025-03-22 12:34:38,713 [Worker-65: Building] INFO  o.a.m.s.f.DefaultMavenResourcesFiltering - skip non existing resourceDirectory D:\Codes\Java-Training\demo-1\src\test\resources
2025-03-22 12:34:48,601 [Worker-65: Building] INFO  o.a.m.s.f.DefaultMavenResourcesFiltering - Copying 1 resource from src\main\resources to target\classes
2025-03-22 12:34:48,606 [Worker-65: Building] INFO  o.a.m.s.f.DefaultMavenResourcesFiltering - Copying 0 resource from src\main\resources to target\classes
2025-03-22 12:34:48,608 [Worker-65: Building] INFO  o.a.m.s.f.DefaultMavenResourcesFiltering - skip non existing resourceDirectory D:\Codes\Java-Training\demo-1\src\test\resources
2025-03-22 12:35:19,687 [Worker-63: Building] INFO  o.a.m.s.f.DefaultMavenResourcesFiltering - Copying 1 resource from src\main\resources to target\classes
2025-03-22 12:35:19,701 [Worker-63: Building] INFO  o.a.m.s.f.DefaultMavenResourcesFiltering - Copying 0 resource from src\main\resources to target\classes
2025-03-22 12:35:19,703 [Worker-63: Building] INFO  o.a.m.s.f.DefaultMavenResourcesFiltering - skip non existing resourceDirectory D:\Codes\Java-Training\demo-1\src\test\resources
2025-03-22 12:35:37,814 [Worker-66: Building] INFO  o.a.m.s.f.DefaultMavenResourcesFiltering - Copying 1 resource from src\main\resources to target\classes
2025-03-22 12:35:37,832 [Worker-66: Building] INFO  o.a.m.s.f.DefaultMavenResourcesFiltering - Copying 0 resource from src\main\resources to target\classes
2025-03-22 12:35:37,835 [Worker-66: Building] INFO  o.a.m.s.f.DefaultMavenResourcesFiltering - skip non existing resourceDirectory D:\Codes\Java-Training\demo-1\src\test\resources
2025-03-22 12:35:48,133 [Worker-68: Building] INFO  o.a.m.s.f.DefaultMavenResourcesFiltering - Copying 1 resource from src\main\resources to target\classes
2025-03-22 12:35:48,143 [Worker-68: Building] INFO  o.a.m.s.f.DefaultMavenResourcesFiltering - Copying 0 resource from src\main\resources to target\classes
2025-03-22 12:35:48,148 [Worker-68: Building] INFO  o.a.m.s.f.DefaultMavenResourcesFiltering - skip non existing resourceDirectory D:\Codes\Java-Training\demo-1\src\test\resources
2025-03-22 12:35:59,478 [Worker-61: Building] INFO  o.a.m.s.f.DefaultMavenResourcesFiltering - Copying 1 resource from src\main\resources to target\classes
2025-03-22 12:35:59,495 [Worker-61: Building] INFO  o.a.m.s.f.DefaultMavenResourcesFiltering - Copying 0 resource from src\main\resources to target\classes
2025-03-22 12:35:59,500 [Worker-61: Building] INFO  o.a.m.s.f.DefaultMavenResourcesFiltering - skip non existing resourceDirectory D:\Codes\Java-Training\demo-1\src\test\resources
2025-03-22 12:36:05,567 [Worker-69: Building] INFO  o.a.m.s.f.DefaultMavenResourcesFiltering - Copying 1 resource from src\main\resources to target\classes
2025-03-22 12:36:05,575 [Worker-69: Building] INFO  o.a.m.s.f.DefaultMavenResourcesFiltering - Copying 0 resource from src\main\resources to target\classes
2025-03-22 12:36:05,578 [Worker-69: Building] INFO  o.a.m.s.f.DefaultMavenResourcesFiltering - skip non existing resourceDirectory D:\Codes\Java-Training\demo-1\src\test\resources
2025-03-22 12:36:22,517 [Worker-36: Building] INFO  o.a.m.s.f.DefaultMavenResourcesFiltering - Copying 1 resource from src\main\resources to target\classes
2025-03-22 12:36:22,526 [Worker-36: Building] INFO  o.a.m.s.f.DefaultMavenResourcesFiltering - Copying 0 resource from src\main\resources to target\classes
2025-03-22 12:36:22,528 [Worker-36: Building] INFO  o.a.m.s.f.DefaultMavenResourcesFiltering - skip non existing resourceDirectory D:\Codes\Java-Training\demo-1\src\test\resources
2025-03-22 12:36:34,939 [Worker-65: Building] INFO  o.a.m.s.f.DefaultMavenResourcesFiltering - Copying 1 resource from src\main\resources to target\classes
2025-03-22 12:36:34,949 [Worker-65: Building] INFO  o.a.m.s.f.DefaultMavenResourcesFiltering - Copying 0 resource from src\main\resources to target\classes
2025-03-22 12:36:34,951 [Worker-65: Building] INFO  o.a.m.s.f.DefaultMavenResourcesFiltering - skip non existing resourceDirectory D:\Codes\Java-Training\demo-1\src\test\resources
2025-03-22 12:36:40,777 [Worker-69: Building] INFO  o.a.m.s.f.DefaultMavenResourcesFiltering - Copying 1 resource from src\main\resources to target\classes
2025-03-22 12:36:40,786 [Worker-69: Building] INFO  o.a.m.s.f.DefaultMavenResourcesFiltering - Copying 0 resource from src\main\resources to target\classes
2025-03-22 12:36:40,788 [Worker-69: Building] INFO  o.a.m.s.f.DefaultMavenResourcesFiltering - skip non existing resourceDirectory D:\Codes\Java-Training\demo-1\src\test\resources
2025-03-22 12:36:42,875 [Worker-61: Building] INFO  o.a.m.s.f.DefaultMavenResourcesFiltering - Copying 1 resource from src\main\resources to target\classes
2025-03-22 12:36:42,882 [Worker-61: Building] INFO  o.a.m.s.f.DefaultMavenResourcesFiltering - Copying 0 resource from src\main\resources to target\classes
2025-03-22 12:36:42,885 [Worker-61: Building] INFO  o.a.m.s.f.DefaultMavenResourcesFiltering - skip non existing resourceDirectory D:\Codes\Java-Training\demo-1\src\test\resources
2025-03-22 12:36:58,597 [Worker-61: Building] INFO  o.a.m.s.f.DefaultMavenResourcesFiltering - Copying 1 resource from src\main\resources to target\classes
2025-03-22 12:36:58,605 [Worker-61: Building] INFO  o.a.m.s.f.DefaultMavenResourcesFiltering - Copying 0 resource from src\main\resources to target\classes
2025-03-22 12:36:58,607 [Worker-61: Building] INFO  o.a.m.s.f.DefaultMavenResourcesFiltering - skip non existing resourceDirectory D:\Codes\Java-Training\demo-1\src\test\resources
2025-03-22 12:37:02,452 [Worker-61: Building] INFO  o.a.m.s.f.DefaultMavenResourcesFiltering - Copying 1 resource from src\main\resources to target\classes
2025-03-22 12:37:02,465 [Worker-61: Building] INFO  o.a.m.s.f.DefaultMavenResourcesFiltering - Copying 0 resource from src\main\resources to target\classes
2025-03-22 12:37:02,467 [Worker-61: Building] INFO  o.a.m.s.f.DefaultMavenResourcesFiltering - skip non existing resourceDirectory D:\Codes\Java-Training\demo-1\src\test\resources
2025-03-22 12:39:22,837 [Worker-71: Building] INFO  o.a.m.s.f.DefaultMavenResourcesFiltering - Copying 1 resource from src\main\resources to target\classes
2025-03-22 12:39:22,861 [Worker-71: Building] INFO  o.a.m.s.f.DefaultMavenResourcesFiltering - Copying 0 resource from src\main\resources to target\classes
2025-03-22 12:39:22,864 [Worker-71: Building] INFO  o.a.m.s.f.DefaultMavenResourcesFiltering - skip non existing resourceDirectory D:\Codes\Java-Training\demo-1\src\test\resources
2025-03-22 12:39:25,124 [Worker-69: Building] INFO  o.a.m.s.f.DefaultMavenResourcesFiltering - Copying 1 resource from src\main\resources to target\classes
2025-03-22 12:39:25,139 [Worker-69: Building] INFO  o.a.m.s.f.DefaultMavenResourcesFiltering - Copying 0 resource from src\main\resources to target\classes
2025-03-22 12:39:25,143 [Worker-69: Building] INFO  o.a.m.s.f.DefaultMavenResourcesFiltering - skip non existing resourceDirectory D:\Codes\Java-Training\demo-1\src\test\resources
2025-03-22 12:47:51,353 [Worker-74: Building] INFO  o.a.m.s.f.DefaultMavenResourcesFiltering - Copying 1 resource from src\main\resources to target\classes
2025-03-22 12:47:51,368 [Worker-74: Building] INFO  o.a.m.s.f.DefaultMavenResourcesFiltering - Copying 0 resource from src\main\resources to target\classes
2025-03-22 12:47:51,370 [Worker-74: Building] INFO  o.a.m.s.f.DefaultMavenResourcesFiltering - skip non existing resourceDirectory D:\Codes\Java-Training\demo-1\src\test\resources
2025-03-22 14:58:33,957 [Worker-78: Building] INFO  o.a.m.s.f.DefaultMavenResourcesFiltering - Copying 1 resource from src\main\resources to target\classes
2025-03-22 14:58:34,000 [Worker-78: Building] INFO  o.a.m.s.f.DefaultMavenResourcesFiltering - Copying 0 resource from src\main\resources to target\classes
2025-03-22 14:58:34,013 [Worker-78: Building] INFO  o.a.m.s.f.DefaultMavenResourcesFiltering - skip non existing resourceDirectory D:\Codes\Java-Training\demo-1\src\test\resources
2025-03-22 15:02:05,968 [Worker-73: Building] INFO  o.a.m.s.f.DefaultMavenResourcesFiltering - Copying 1 resource from src\main\resources to target\classes
2025-03-22 15:02:06,000 [Worker-73: Building] INFO  o.a.m.s.f.DefaultMavenResourcesFiltering - Copying 0 resource from src\main\resources to target\classes
2025-03-22 15:02:06,006 [Worker-73: Building] INFO  o.a.m.s.f.DefaultMavenResourcesFiltering - skip non existing resourceDirectory D:\Codes\Java-Training\demo-1\src\test\resources
2025-03-22 15:02:56,054 [Worker-73: Building] INFO  o.a.m.s.f.DefaultMavenResourcesFiltering - Copying 1 resource from src\main\resources to target\classes
2025-03-22 15:02:56,073 [Worker-73: Building] INFO  o.a.m.s.f.DefaultMavenResourcesFiltering - Copying 0 resource from src\main\resources to target\classes
2025-03-22 15:02:56,082 [Worker-73: Building] INFO  o.a.m.s.f.DefaultMavenResourcesFiltering - skip non existing resourceDirectory D:\Codes\Java-Training\demo-1\src\test\resources
2025-03-22 15:03:06,856 [Worker-82: Building] INFO  o.a.m.s.f.DefaultMavenResourcesFiltering - Copying 1 resource from src\main\resources to target\classes
2025-03-22 15:03:06,873 [Worker-82: Building] INFO  o.a.m.s.f.DefaultMavenResourcesFiltering - Copying 0 resource from src\main\resources to target\classes
2025-03-22 15:03:06,878 [Worker-82: Building] INFO  o.a.m.s.f.DefaultMavenResourcesFiltering - skip non existing resourceDirectory D:\Codes\Java-Training\demo-1\src\test\resources
2025-03-22 15:03:32,658 [Worker-73: Building] INFO  o.a.m.s.f.DefaultMavenResourcesFiltering - Copying 1 resource from src\main\resources to target\classes
2025-03-22 15:03:32,680 [Worker-73: Building] INFO  o.a.m.s.f.DefaultMavenResourcesFiltering - Copying 0 resource from src\main\resources to target\classes
2025-03-22 15:03:32,691 [Worker-73: Building] INFO  o.a.m.s.f.DefaultMavenResourcesFiltering - skip non existing resourceDirectory D:\Codes\Java-Training\demo-1\src\test\resources
2025-03-22 15:03:51,027 [Worker-80: Building] INFO  o.a.m.s.f.DefaultMavenResourcesFiltering - Copying 1 resource from src\main\resources to target\classes
2025-03-22 15:03:51,042 [Worker-80: Building] INFO  o.a.m.s.f.DefaultMavenResourcesFiltering - Copying 0 resource from src\main\resources to target\classes
2025-03-22 15:03:51,046 [Worker-80: Building] INFO  o.a.m.s.f.DefaultMavenResourcesFiltering - skip non existing resourceDirectory D:\Codes\Java-Training\demo-1\src\test\resources
2025-03-22 15:03:57,947 [Worker-77: Building] INFO  o.a.m.s.f.DefaultMavenResourcesFiltering - Copying 1 resource from src\main\resources to target\classes
2025-03-22 15:03:57,983 [Worker-77: Building] INFO  o.a.m.s.f.DefaultMavenResourcesFiltering - Copying 0 resource from src\main\resources to target\classes
2025-03-22 15:03:57,999 [Worker-77: Building] INFO  o.a.m.s.f.DefaultMavenResourcesFiltering - skip non existing resourceDirectory D:\Codes\Java-Training\demo-1\src\test\resources
2025-03-22 15:04:09,752 [Worker-82: Building] INFO  o.a.m.s.f.DefaultMavenResourcesFiltering - Copying 1 resource from src\main\resources to target\classes
2025-03-22 15:04:09,773 [Worker-82: Building] INFO  o.a.m.s.f.DefaultMavenResourcesFiltering - Copying 0 resource from src\main\resources to target\classes
2025-03-22 15:04:09,776 [Worker-82: Building] INFO  o.a.m.s.f.DefaultMavenResourcesFiltering - skip non existing resourceDirectory D:\Codes\Java-Training\demo-1\src\test\resources
2025-03-22 15:05:08,868 [Worker-73: Building] INFO  o.a.m.s.f.DefaultMavenResourcesFiltering - Copying 1 resource from src\main\resources to target\classes
2025-03-22 15:05:08,876 [Worker-73: Building] INFO  o.a.m.s.f.DefaultMavenResourcesFiltering - Copying 0 resource from src\main\resources to target\classes
2025-03-22 15:05:08,879 [Worker-73: Building] INFO  o.a.m.s.f.DefaultMavenResourcesFiltering - skip non existing resourceDirectory D:\Codes\Java-Training\demo-1\src\test\resources
2025-03-22 15:26:25,709 [Worker-73: Building] INFO  o.a.m.s.f.DefaultMavenResourcesFiltering - Copying 1 resource from src\main\resources to target\classes
2025-03-22 15:26:25,744 [Worker-73: Building] INFO  o.a.m.s.f.DefaultMavenResourcesFiltering - Copying 0 resource from src\main\resources to target\classes
2025-03-22 15:26:25,753 [Worker-73: Building] INFO  o.a.m.s.f.DefaultMavenResourcesFiltering - skip non existing resourceDirectory D:\Codes\Java-Training\demo-1\src\test\resources
2025-03-22 15:27:23,661 [Worker-85: Building] INFO  o.a.m.s.f.DefaultMavenResourcesFiltering - Copying 1 resource from src\main\resources to target\classes
2025-03-22 15:27:23,741 [Worker-85: Building] INFO  o.a.m.s.f.DefaultMavenResourcesFiltering - Copying 0 resource from src\main\resources to target\classes
2025-03-22 15:27:23,748 [Worker-85: Building] INFO  o.a.m.s.f.DefaultMavenResourcesFiltering - skip non existing resourceDirectory D:\Codes\Java-Training\demo-1\src\test\resources
2025-03-22 15:27:57,014 [Worker-85: Building] INFO  o.a.m.s.f.DefaultMavenResourcesFiltering - Copying 1 resource from src\main\resources to target\classes
2025-03-22 15:27:57,037 [Worker-85: Building] INFO  o.a.m.s.f.DefaultMavenResourcesFiltering - Copying 0 resource from src\main\resources to target\classes
2025-03-22 15:27:57,042 [Worker-85: Building] INFO  o.a.m.s.f.DefaultMavenResourcesFiltering - skip non existing resourceDirectory D:\Codes\Java-Training\demo-1\src\test\resources
2025-03-22 15:30:05,723 [Worker-89: Building] INFO  o.e.m.c.i.l.LifecycleMappingFactory - Using org.eclipse.m2e.jdt.JarLifecycleMapping lifecycle mapping for MavenProject: com.training.app:product-management:0.0.1-SNAPSHOT @ D:\Codes\Java-Training\demo-1\pom.xml.
2025-03-22 15:30:07,068 [Worker-89: Building] INFO  o.a.m.s.f.DefaultMavenResourcesFiltering - Copying 0 resource from src\main\resources to target\classes
2025-03-22 15:30:07,071 [Worker-89: Building] INFO  o.a.m.s.f.DefaultMavenResourcesFiltering - Copying 0 resource from src\main\resources to target\classes
2025-03-22 15:30:07,083 [Worker-89: Building] INFO  o.a.m.s.f.DefaultMavenResourcesFiltering - skip non existing resourceDirectory D:\Codes\Java-Training\demo-1\src\test\resources
2025-03-22 15:30:12,317 [Worker-91: Building] INFO  o.e.m.c.i.l.LifecycleMappingFactory - Using org.eclipse.m2e.jdt.JarLifecycleMapping lifecycle mapping for MavenProject: com.training.app:product-management:0.0.1-SNAPSHOT @ D:\Codes\Java-Training\demo-1\pom.xml.
2025-03-22 15:30:16,342 [AetherRepositoryConnector-repo.maven.apache.org-0-1] INFO  o.e.m.c.i.e.AbstractTransferListenerAdapter - Downloading https://repo.maven.apache.org/maven2/org/aspectj/aspectjweaver/1.9.23/aspectjweaver-1.9.23.jar
2025-03-22 15:30:16,343 [AetherRepositoryConnector-repo.maven.apache.org-0-0] INFO  o.e.m.c.i.e.AbstractTransferListenerAdapter - Downloading https://repo.maven.apache.org/maven2/org/hibernate/orm/hibernate-core/6.6.11.Final/hibernate-core-6.6.11.Final.jar
2025-03-22 15:30:26,410 [AetherRepositoryConnector-repo.maven.apache.org-0-1] INFO  o.e.m.c.i.e.AbstractTransferListenerAdapter - Downloaded https://repo.maven.apache.org/maven2/org/aspectj/aspectjweaver/1.9.23/aspectjweaver-1.9.23.jar
2025-03-22 15:30:34,427 [AetherRepositoryConnector-repo.maven.apache.org-0-0] INFO  o.e.m.c.i.e.AbstractTransferListenerAdapter - Downloaded https://repo.maven.apache.org/maven2/org/hibernate/orm/hibernate-core/6.6.11.Final/hibernate-core-6.6.11.Final.jar
2025-03-22 15:30:35,639 [Worker-91: Building] INFO  o.a.m.s.f.DefaultMavenResourcesFiltering - Copying 0 resource from src\main\resources to target\classes
2025-03-22 15:30:35,639 [Worker-91: Building] INFO  o.a.m.s.f.DefaultMavenResourcesFiltering - Copying 0 resource from src\main\resources to target\classes
2025-03-22 15:30:35,645 [Worker-91: Building] INFO  o.a.m.s.f.DefaultMavenResourcesFiltering - skip non existing resourceDirectory D:\Codes\Java-Training\demo-1\src\test\resources
2025-03-22 15:30:36,997 [Worker-84: Building] INFO  o.e.m.c.i.l.LifecycleMappingFactory - Using org.eclipse.m2e.jdt.JarLifecycleMapping lifecycle mapping for MavenProject: com.training.app:product-management:0.0.1-SNAPSHOT @ D:\Codes\Java-Training\demo-1\pom.xml.
2025-03-22 15:30:37,111 [Worker-91: Download sources and javadoc] INFO  o.e.m.c.i.e.AbstractTransferListenerAdapter - Downloading https://repo.maven.apache.org/maven2/org/springframework/boot/spring-boot-starter-data-jpa/3.4.4/spring-boot-starter-data-jpa-3.4.4-sources.jar
2025-03-22 15:30:37,260 [Worker-91: Download sources and javadoc] INFO  o.e.m.c.i.e.AbstractTransferListenerAdapter - Downloaded https://repo.maven.apache.org/maven2/org/springframework/boot/spring-boot-starter-data-jpa/3.4.4/spring-boot-starter-data-jpa-3.4.4-sources.jar
2025-03-22 15:30:37,281 [Worker-91: Download sources and javadoc] INFO  o.e.m.j.internal.DownloadSourcesJob - Downloaded sources for org.springframework.boot:spring-boot-starter-data-jpa:3.4.4
2025-03-22 15:30:37,750 [Worker-91: Download sources and javadoc] INFO  o.e.m.c.i.e.AbstractTransferListenerAdapter - Downloading https://repo.maven.apache.org/maven2/org/springframework/boot/spring-boot-starter-jdbc/3.4.4/spring-boot-starter-jdbc-3.4.4-sources.jar
2025-03-22 15:30:37,995 [Worker-91: Download sources and javadoc] INFO  o.e.m.c.i.e.AbstractTransferListenerAdapter - Downloaded https://repo.maven.apache.org/maven2/org/springframework/boot/spring-boot-starter-jdbc/3.4.4/spring-boot-starter-jdbc-3.4.4-sources.jar
2025-03-22 15:30:38,001 [Worker-91: Download sources and javadoc] INFO  o.e.m.j.internal.DownloadSourcesJob - Downloaded sources for org.springframework.boot:spring-boot-starter-jdbc:3.4.4
2025-03-22 15:30:38,433 [Worker-91: Download sources and javadoc] INFO  o.e.m.c.i.e.AbstractTransferListenerAdapter - Downloading https://repo.maven.apache.org/maven2/org/springframework/spring-jdbc/6.2.5/spring-jdbc-6.2.5-sources.jar
2025-03-22 15:30:39,011 [Worker-91: Download sources and javadoc] INFO  o.e.m.c.i.e.AbstractTransferListenerAdapter - Downloaded https://repo.maven.apache.org/maven2/org/springframework/spring-jdbc/6.2.5/spring-jdbc-6.2.5-sources.jar
2025-03-22 15:30:39,017 [Worker-91: Download sources and javadoc] INFO  o.e.m.j.internal.DownloadSourcesJob - Downloaded sources for org.springframework:spring-jdbc:6.2.5
2025-03-22 15:30:39,185 [Worker-84: Building] INFO  o.a.m.s.f.DefaultMavenResourcesFiltering - Copying 1 resource from src\main\resources to target\classes
2025-03-22 15:30:39,447 [Worker-84: Building] INFO  o.a.m.s.f.DefaultMavenResourcesFiltering - Copying 0 resource from src\main\resources to target\classes
2025-03-22 15:30:39,458 [Worker-84: Building] INFO  o.a.m.s.f.DefaultMavenResourcesFiltering - skip non existing resourceDirectory D:\Codes\Java-Training\demo-1\src\test\resources
2025-03-22 15:30:39,523 [Worker-91: Download sources and javadoc] INFO  o.e.m.c.i.e.AbstractTransferListenerAdapter - Downloading https://repo.maven.apache.org/maven2/org/hibernate/orm/hibernate-core/6.6.11.Final/hibernate-core-6.6.11.Final-sources.jar
2025-03-22 15:30:42,488 [Worker-91: Download sources and javadoc] INFO  o.e.m.c.i.e.AbstractTransferListenerAdapter - Downloaded https://repo.maven.apache.org/maven2/org/hibernate/orm/hibernate-core/6.6.11.Final/hibernate-core-6.6.11.Final-sources.jar
2025-03-22 15:30:42,493 [Worker-91: Download sources and javadoc] INFO  o.e.m.j.internal.DownloadSourcesJob - Downloaded sources for org.hibernate.orm:hibernate-core:6.6.11.Final
2025-03-22 15:30:43,044 [Worker-91: Download sources and javadoc] INFO  o.e.m.c.i.e.AbstractTransferListenerAdapter - Downloading https://repo.maven.apache.org/maven2/org/springframework/data/spring-data-commons/3.4.4/spring-data-commons-3.4.4-sources.jar
2025-03-22 15:30:44,972 [Worker-91: Download sources and javadoc] INFO  o.e.m.c.i.e.AbstractTransferListenerAdapter - Downloaded https://repo.maven.apache.org/maven2/org/springframework/data/spring-data-commons/3.4.4/spring-data-commons-3.4.4-sources.jar
2025-03-22 15:30:44,985 [Worker-91: Download sources and javadoc] INFO  o.e.m.j.internal.DownloadSourcesJob - Downloaded sources for org.springframework.data:spring-data-commons:3.4.4
2025-03-22 15:30:45,666 [Worker-91: Download sources and javadoc] INFO  o.e.m.c.i.e.AbstractTransferListenerAdapter - Downloading https://repo.maven.apache.org/maven2/org/springframework/spring-orm/6.2.5/spring-orm-6.2.5-sources.jar
2025-03-22 15:30:46,194 [Worker-91: Download sources and javadoc] INFO  o.e.m.c.i.e.AbstractTransferListenerAdapter - Downloaded https://repo.maven.apache.org/maven2/org/springframework/spring-orm/6.2.5/spring-orm-6.2.5-sources.jar
2025-03-22 15:30:46,199 [Worker-91: Download sources and javadoc] INFO  o.e.m.j.internal.DownloadSourcesJob - Downloaded sources for org.springframework:spring-orm:6.2.5
2025-03-22 15:30:46,820 [Worker-91: Download sources and javadoc] INFO  o.e.m.c.i.e.AbstractTransferListenerAdapter - Downloading https://repo.maven.apache.org/maven2/org/springframework/spring-tx/6.2.5/spring-tx-6.2.5-sources.jar
2025-03-22 15:30:47,762 [Worker-91: Download sources and javadoc] INFO  o.e.m.c.i.e.AbstractTransferListenerAdapter - Downloaded https://repo.maven.apache.org/maven2/org/springframework/spring-tx/6.2.5/spring-tx-6.2.5-sources.jar
2025-03-22 15:30:47,772 [Worker-91: Download sources and javadoc] INFO  o.e.m.j.internal.DownloadSourcesJob - Downloaded sources for org.springframework:spring-tx:6.2.5
2025-03-22 15:30:48,332 [Worker-91: Download sources and javadoc] INFO  o.e.m.c.i.e.AbstractTransferListenerAdapter - Downloading https://repo.maven.apache.org/maven2/org/springframework/spring-aspects/6.2.5/spring-aspects-6.2.5-sources.jar
2025-03-22 15:30:49,105 [Worker-91: Download sources and javadoc] INFO  o.e.m.c.i.e.AbstractTransferListenerAdapter - Downloaded https://repo.maven.apache.org/maven2/org/springframework/spring-aspects/6.2.5/spring-aspects-6.2.5-sources.jar
2025-03-22 15:30:49,109 [Worker-91: Download sources and javadoc] INFO  o.e.m.j.internal.DownloadSourcesJob - Downloaded sources for org.springframework:spring-aspects:6.2.5
2025-03-22 15:30:49,574 [Worker-91: Download sources and javadoc] INFO  o.e.m.c.i.e.AbstractTransferListenerAdapter - Downloading https://repo.maven.apache.org/maven2/org/aspectj/aspectjweaver/1.9.23/aspectjweaver-1.9.23-sources.jar
2025-03-22 15:30:52,151 [Worker-91: Download sources and javadoc] INFO  o.e.m.c.i.e.AbstractTransferListenerAdapter - Downloaded https://repo.maven.apache.org/maven2/org/aspectj/aspectjweaver/1.9.23/aspectjweaver-1.9.23-sources.jar
2025-03-22 15:30:52,155 [Worker-91: Download sources and javadoc] INFO  o.e.m.j.internal.DownloadSourcesJob - Downloaded sources for org.aspectj:aspectjweaver:1.9.23
2025-03-22 15:33:13,788 [Worker-89: Building] INFO  o.a.m.s.f.DefaultMavenResourcesFiltering - Copying 1 resource from src\main\resources to target\classes
2025-03-22 15:33:13,846 [Worker-89: Building] INFO  o.a.m.s.f.DefaultMavenResourcesFiltering - Copying 0 resource from src\main\resources to target\classes
2025-03-22 15:33:13,853 [Worker-89: Building] INFO  o.a.m.s.f.DefaultMavenResourcesFiltering - skip non existing resourceDirectory D:\Codes\Java-Training\demo-1\src\test\resources
2025-03-22 15:34:07,056 [Worker-91: Building] INFO  o.a.m.s.f.DefaultMavenResourcesFiltering - Copying 1 resource from src\main\resources to target\classes
2025-03-22 15:34:07,149 [Worker-91: Building] INFO  o.a.m.s.f.DefaultMavenResourcesFiltering - Copying 0 resource from src\main\resources to target\classes
2025-03-22 15:34:07,154 [Worker-91: Building] INFO  o.a.m.s.f.DefaultMavenResourcesFiltering - skip non existing resourceDirectory D:\Codes\Java-Training\demo-1\src\test\resources
2025-03-22 15:37:28,482 [Worker-90: Building] INFO  o.a.m.s.f.DefaultMavenResourcesFiltering - Copying 1 resource from src\main\resources to target\classes
2025-03-22 15:37:28,507 [Worker-90: Building] INFO  o.a.m.s.f.DefaultMavenResourcesFiltering - Copying 0 resource from src\main\resources to target\classes
2025-03-22 15:37:28,512 [Worker-90: Building] INFO  o.a.m.s.f.DefaultMavenResourcesFiltering - skip non existing resourceDirectory D:\Codes\Java-Training\demo-1\src\test\resources
2025-03-22 15:37:58,002 [Worker-86: Building] INFO  o.a.m.s.f.DefaultMavenResourcesFiltering - Copying 1 resource from src\main\resources to target\classes
2025-03-22 15:37:58,089 [Worker-86: Building] INFO  o.a.m.s.f.DefaultMavenResourcesFiltering - Copying 0 resource from src\main\resources to target\classes
2025-03-22 15:37:58,099 [Worker-86: Building] INFO  o.a.m.s.f.DefaultMavenResourcesFiltering - skip non existing resourceDirectory D:\Codes\Java-Training\demo-1\src\test\resources
2025-03-22 15:38:05,841 [Worker-93: Building] INFO  o.a.m.s.f.DefaultMavenResourcesFiltering - Copying 1 resource from src\main\resources to target\classes
2025-03-22 15:38:05,877 [Worker-93: Building] INFO  o.a.m.s.f.DefaultMavenResourcesFiltering - Copying 0 resource from src\main\resources to target\classes
2025-03-22 15:38:05,880 [Worker-93: Building] INFO  o.a.m.s.f.DefaultMavenResourcesFiltering - skip non existing resourceDirectory D:\Codes\Java-Training\demo-1\src\test\resources
2025-03-22 15:38:09,083 [Worker-82: Building] INFO  o.a.m.s.f.DefaultMavenResourcesFiltering - Copying 1 resource from src\main\resources to target\classes
2025-03-22 15:38:09,110 [Worker-82: Building] INFO  o.a.m.s.f.DefaultMavenResourcesFiltering - Copying 0 resource from src\main\resources to target\classes
2025-03-22 15:38:09,115 [Worker-82: Building] INFO  o.a.m.s.f.DefaultMavenResourcesFiltering - skip non existing resourceDirectory D:\Codes\Java-Training\demo-1\src\test\resources
2025-03-22 15:38:25,075 [Worker-93: Building] INFO  o.a.m.s.f.DefaultMavenResourcesFiltering - Copying 1 resource from src\main\resources to target\classes
2025-03-22 15:38:25,085 [Worker-93: Building] INFO  o.a.m.s.f.DefaultMavenResourcesFiltering - Copying 0 resource from src\main\resources to target\classes
2025-03-22 15:38:25,089 [Worker-93: Building] INFO  o.a.m.s.f.DefaultMavenResourcesFiltering - skip non existing resourceDirectory D:\Codes\Java-Training\demo-1\src\test\resources
2025-03-22 15:38:31,303 [Worker-82: Building] INFO  o.a.m.s.f.DefaultMavenResourcesFiltering - Copying 1 resource from src\main\resources to target\classes
2025-03-22 15:38:31,316 [Worker-82: Building] INFO  o.a.m.s.f.DefaultMavenResourcesFiltering - Copying 0 resource from src\main\resources to target\classes
2025-03-22 15:38:31,320 [Worker-82: Building] INFO  o.a.m.s.f.DefaultMavenResourcesFiltering - skip non existing resourceDirectory D:\Codes\Java-Training\demo-1\src\test\resources
2025-03-22 15:39:09,032 [Worker-89: Building] INFO  o.a.m.s.f.DefaultMavenResourcesFiltering - Copying 1 resource from src\main\resources to target\classes
2025-03-22 15:39:09,043 [Worker-89: Building] INFO  o.a.m.s.f.DefaultMavenResourcesFiltering - Copying 0 resource from src\main\resources to target\classes
2025-03-22 15:39:09,048 [Worker-89: Building] INFO  o.a.m.s.f.DefaultMavenResourcesFiltering - skip non existing resourceDirectory D:\Codes\Java-Training\demo-1\src\test\resources
2025-03-22 15:39:12,379 [Worker-84: Building] INFO  o.a.m.s.f.DefaultMavenResourcesFiltering - Copying 1 resource from src\main\resources to target\classes
2025-03-22 15:39:12,386 [Worker-84: Building] INFO  o.a.m.s.f.DefaultMavenResourcesFiltering - Copying 0 resource from src\main\resources to target\classes
2025-03-22 15:39:12,389 [Worker-84: Building] INFO  o.a.m.s.f.DefaultMavenResourcesFiltering - skip non existing resourceDirectory D:\Codes\Java-Training\demo-1\src\test\resources
2025-03-22 21:28:53,549 [Worker-90: Launching demo-1 - Demo1Application] INFO  o.e.m.c.i.l.LifecycleMappingFactory - Using org.eclipse.m2e.jdt.JarLifecycleMapping lifecycle mapping for MavenProject: com.training.app:product-management:0.0.1-SNAPSHOT @ D:\Codes\Java-Training\demo-1\pom.xml.
2025-03-22 21:28:54,895 [Worker-90: Launching demo-1 - Demo1Application] WARN  o.e.m.c.i.embedder.EclipseLogger - The artifact mysql:mysql-connector-java:jar:8.0.33 has been relocated to com.mysql:mysql-connector-j:jar:8.0.33: MySQL Connector/J artifacts moved to reverse-DNS compliant Maven 2+ coordinates.
2025-03-22 21:28:57,991 [Worker-90: Launching demo-1 - Demo1Application] INFO  o.a.m.s.f.DefaultMavenResourcesFiltering - Copying 0 resource from src\main\resources to target\classes
2025-03-22 21:28:57,991 [Worker-90: Launching demo-1 - Demo1Application] INFO  o.a.m.s.f.DefaultMavenResourcesFiltering - Copying 0 resource from src\main\resources to target\classes
2025-03-22 21:28:57,996 [Worker-90: Launching demo-1 - Demo1Application] INFO  o.a.m.s.f.DefaultMavenResourcesFiltering - skip non existing resourceDirectory D:\Codes\Java-Training\demo-1\src\test\resources
2025-03-22 21:30:48,819 [Worker-90: Building] INFO  o.e.m.c.i.l.LifecycleMappingFactory - Using org.eclipse.m2e.jdt.JarLifecycleMapping lifecycle mapping for MavenProject: com.training.app:product-management:0.0.1-SNAPSHOT @ D:\Codes\Java-Training\demo-1\pom.xml.
2025-03-22 21:30:48,995 [Worker-90: Building] ERROR o.e.m.c.i.p.ProjectConfigurationManager - Could not read maven project
org.eclipse.core.runtime.CoreException: Could not read maven project
	at org.eclipse.m2e.core.internal.embedder.MavenImpl.lambda$3(MavenImpl.java:415)
	at org.eclipse.m2e.core.internal.embedder.MavenExecutionContext.executeBare(MavenExecutionContext.java:394)
	at org.eclipse.m2e.core.internal.embedder.MavenExecutionContext.execute(MavenExecutionContext.java:228)
	at org.eclipse.m2e.core.internal.embedder.MavenExecutionContext.execute(MavenExecutionContext.java:214)
	at org.eclipse.m2e.core.internal.embedder.MavenImpl.readProject(MavenImpl.java:405)
	at org.eclipse.m2e.mavenarchiver.internal.AbstractMavenArchiverConfigurator.lambda$4(AbstractMavenArchiverConfigurator.java:577)
	at org.eclipse.m2e.core.internal.embedder.MavenExecutionContext.executeBare(MavenExecutionContext.java:394)
	at org.eclipse.m2e.core.internal.embedder.MavenExecutionContext.execute(MavenExecutionContext.java:275)
	at org.eclipse.m2e.mavenarchiver.internal.AbstractMavenArchiverConfigurator.loadParentHierarchy(AbstractMavenArchiverConfigurator.java:569)
	at org.eclipse.m2e.mavenarchiver.internal.AbstractMavenArchiverConfigurator.generateManifest(AbstractMavenArchiverConfigurator.java:366)
	at org.eclipse.m2e.mavenarchiver.internal.AbstractMavenArchiverConfigurator.mavenProjectChanged(AbstractMavenArchiverConfigurator.java:229)
	at org.eclipse.m2e.mavenarchiver.internal.AbstractMavenArchiverConfigurator.mavenProjectChanged(AbstractMavenArchiverConfigurator.java:221)
	at org.eclipse.m2e.core.internal.project.ProjectConfigurationManager.mavenProjectChanged(ProjectConfigurationManager.java:883)
	at org.eclipse.m2e.core.internal.project.registry.ProjectRegistryManager.notifyProjectChangeListeners(ProjectRegistryManager.java:851)
	at org.eclipse.m2e.core.internal.project.registry.ProjectRegistryManager.applyMutableProjectRegistry(ProjectRegistryManager.java:1004)
	at org.eclipse.m2e.core.internal.project.registry.ProjectRegistryManager.refresh(ProjectRegistryManager.java:316)
	at org.eclipse.m2e.core.internal.builder.MavenBuilder$BuildMethod.getProjectFacade(MavenBuilder.java:146)
	at org.eclipse.m2e.core.internal.builder.MavenBuilder$BuildMethod.lambda$0(MavenBuilder.java:84)
	at org.eclipse.m2e.core.internal.embedder.MavenExecutionContext.executeBare(MavenExecutionContext.java:394)
	at org.eclipse.m2e.core.internal.embedder.MavenExecutionContext.execute(MavenExecutionContext.java:275)
	at org.eclipse.m2e.core.internal.embedder.MavenExecutionContext.execute(MavenExecutionContext.java:214)
	at org.eclipse.m2e.core.internal.builder.MavenBuilder$BuildMethod.execute(MavenBuilder.java:83)
	at org.eclipse.m2e.core.internal.builder.MavenBuilder.build(MavenBuilder.java:192)
	at org.eclipse.core.internal.events.BuildManager$2.run(BuildManager.java:1020)
	at org.eclipse.core.runtime.SafeRunner.run(SafeRunner.java:45)
	at org.eclipse.core.internal.events.BuildManager.basicBuild(BuildManager.java:247)
	at org.eclipse.core.internal.events.BuildManager.basicBuild(BuildManager.java:303)
	at org.eclipse.core.internal.events.BuildManager$1.run(BuildManager.java:392)
	at org.eclipse.core.runtime.SafeRunner.run(SafeRunner.java:45)
	at org.eclipse.core.internal.events.BuildManager.basicBuild(BuildManager.java:395)
	at org.eclipse.core.internal.events.BuildManager.basicBuildLoop(BuildManager.java:506)
	at org.eclipse.core.internal.events.BuildManager.basicBuildLoop(BuildManager.java:454)
	at org.eclipse.core.internal.events.BuildManager.build(BuildManager.java:536)
	at org.eclipse.core.internal.events.AutoBuildJob.doBuild(AutoBuildJob.java:196)
	at org.eclipse.core.internal.events.AutoBuildJob.run(AutoBuildJob.java:289)
	at org.eclipse.core.internal.jobs.Worker.run(Worker.java:63)
Caused by: org.apache.maven.project.ProjectBuildingException: 1 problem was encountered while building the effective model
[FATAL] Non-readable POM D:\Codes\Java-Training\demo-1: D:\Codes\Java-Training\demo-1 (Access is denied) @ 
 for project  at D:\Codes\Java-Training\demo-1
	at org.apache.maven.project.DefaultProjectBuilder.build(DefaultProjectBuilder.java:180)
	at org.apache.maven.project.DefaultProjectBuilder.build(DefaultProjectBuilder.java:124)
	at org.eclipse.m2e.core.internal.embedder.MavenImpl.lambda$3(MavenImpl.java:413)
	... 35 common frames omitted
Caused by: org.apache.maven.model.building.ModelBuildingException: 1 problem was encountered while building the effective model
[FATAL] Non-readable POM D:\Codes\Java-Training\demo-1: D:\Codes\Java-Training\demo-1 (Access is denied) @ 

	at org.apache.maven.model.building.DefaultModelProblemCollector.newModelBuildingException(DefaultModelProblemCollector.java:197)
	at org.apache.maven.model.building.DefaultModelBuilder.readModel(DefaultModelBuilder.java:687)
	at org.apache.maven.model.building.DefaultModelBuilder.build(DefaultModelBuilder.java:303)
	at org.apache.maven.model.building.DefaultModelBuilder.build(DefaultModelBuilder.java:267)
	at org.apache.maven.project.DefaultProjectBuilder.build(DefaultProjectBuilder.java:173)
	... 37 common frames omitted
2025-03-22 21:31:31,260 [Worker-97: Building] INFO  o.e.m.c.i.l.LifecycleMappingFactory - Using org.eclipse.m2e.jdt.JarLifecycleMapping lifecycle mapping for MavenProject: com.training.app:product-management:0.0.1-SNAPSHOT @ D:\Codes\Java-Training\demo-1\pom.xml.
2025-03-22 21:31:31,354 [Worker-97: Building] WARN  o.e.m.c.i.embedder.EclipseLogger - The artifact mysql:mysql-connector-java:jar:8.0.33 has been relocated to com.mysql:mysql-connector-j:jar:8.0.33: MySQL Connector/J artifacts moved to reverse-DNS compliant Maven 2+ coordinates.
2025-03-22 21:31:31,746 [Worker-97: Building] INFO  o.a.m.s.f.DefaultMavenResourcesFiltering - Copying 1 resource from src\main\resources to target\classes
2025-03-22 21:31:31,765 [Worker-97: Building] INFO  o.a.m.s.f.DefaultMavenResourcesFiltering - Copying 0 resource from src\main\resources to target\classes
2025-03-22 21:31:31,771 [Worker-97: Building] INFO  o.a.m.s.f.DefaultMavenResourcesFiltering - skip non existing resourceDirectory D:\Codes\Java-Training\demo-1\src\test\resources
2025-03-22 21:34:06,056 [Worker-100: Building] INFO  o.e.m.c.i.l.LifecycleMappingFactory - Using org.eclipse.m2e.jdt.JarLifecycleMapping lifecycle mapping for MavenProject: com.training.app:product-management:0.0.1-SNAPSHOT @ D:\Codes\Java-Training\demo-1\pom.xml.
2025-03-22 21:34:06,689 [Worker-100: Building] INFO  o.a.m.s.f.DefaultMavenResourcesFiltering - Copying 1 resource from src\main\resources to target\classes
2025-03-22 21:34:06,704 [Worker-100: Building] INFO  o.a.m.s.f.DefaultMavenResourcesFiltering - Copying 0 resource from src\main\resources to target\classes
2025-03-22 21:34:06,707 [Worker-100: Building] INFO  o.a.m.s.f.DefaultMavenResourcesFiltering - skip non existing resourceDirectory D:\Codes\Java-Training\demo-1\src\test\resources
2025-03-22 21:34:08,064 [Worker-103: Download sources and javadoc] INFO  o.e.m.c.i.e.AbstractTransferListenerAdapter - Downloading https://repo.maven.apache.org/maven2/mysql/mysql-connector-java/8.0.28/mysql-connector-java-8.0.28-sources.jar
2025-03-22 21:34:08,341 [Worker-103: Download sources and javadoc] INFO  o.e.m.c.i.e.AbstractTransferListenerAdapter - Downloaded https://repo.maven.apache.org/maven2/mysql/mysql-connector-java/8.0.28/mysql-connector-java-8.0.28-sources.jar
2025-03-22 21:34:08,344 [Worker-103: Download sources and javadoc] INFO  o.e.m.j.internal.DownloadSourcesJob - Downloaded sources for mysql:mysql-connector-java:8.0.28
2025-03-22 21:34:08,472 [Worker-103: Download sources and javadoc] INFO  o.e.m.c.i.e.AbstractTransferListenerAdapter - Downloading https://repo.maven.apache.org/maven2/com/google/protobuf/protobuf-java/3.11.4/protobuf-java-3.11.4-sources.jar
2025-03-22 21:34:08,687 [Worker-103: Download sources and javadoc] INFO  o.e.m.c.i.e.AbstractTransferListenerAdapter - Downloaded https://repo.maven.apache.org/maven2/com/google/protobuf/protobuf-java/3.11.4/protobuf-java-3.11.4-sources.jar
2025-03-22 21:34:08,689 [Worker-103: Download sources and javadoc] INFO  o.e.m.j.internal.DownloadSourcesJob - Downloaded sources for com.google.protobuf:protobuf-java:3.11.4
2025-03-22 21:35:42,247 [Worker-95: Building] INFO  o.a.m.s.f.DefaultMavenResourcesFiltering - Copying 1 resource from src\main\resources to target\classes
2025-03-22 21:35:42,255 [Worker-95: Building] INFO  o.a.m.s.f.DefaultMavenResourcesFiltering - Copying 0 resource from src\main\resources to target\classes
2025-03-22 21:35:42,258 [Worker-95: Building] INFO  o.a.m.s.f.DefaultMavenResourcesFiltering - skip non existing resourceDirectory D:\Codes\Java-Training\demo-1\src\test\resources
2025-03-22 21:35:48,901 [Worker-105: Building] INFO  o.a.m.s.f.DefaultMavenResourcesFiltering - Copying 1 resource from src\main\resources to target\classes
2025-03-22 21:35:48,960 [Worker-105: Building] INFO  o.a.m.s.f.DefaultMavenResourcesFiltering - Copying 0 resource from src\main\resources to target\classes
2025-03-22 21:35:48,962 [Worker-105: Building] INFO  o.a.m.s.f.DefaultMavenResourcesFiltering - skip non existing resourceDirectory D:\Codes\Java-Training\demo-1\src\test\resources
2025-03-23 20:35:24,512 [Worker-158: Building] INFO  o.a.m.s.f.DefaultMavenResourcesFiltering - Copying 1 resource from src\main\resources to target\classes
2025-03-23 20:35:24,981 [Worker-158: Building] INFO  o.a.m.s.f.DefaultMavenResourcesFiltering - Copying 0 resource from src\main\resources to target\classes
2025-03-23 20:35:25,036 [Worker-158: Building] INFO  o.a.m.s.f.DefaultMavenResourcesFiltering - skip non existing resourceDirectory D:\Codes\Java-Training\demo-1\src\test\resources
2025-03-23 20:35:38,424 [Worker-157: Building] INFO  o.a.m.s.f.DefaultMavenResourcesFiltering - Copying 1 resource from src\main\resources to target\classes
2025-03-23 20:35:38,495 [Worker-157: Building] INFO  o.a.m.s.f.DefaultMavenResourcesFiltering - Copying 0 resource from src\main\resources to target\classes
2025-03-23 20:35:38,498 [Worker-157: Building] INFO  o.a.m.s.f.DefaultMavenResourcesFiltering - skip non existing resourceDirectory D:\Codes\Java-Training\demo-1\src\test\resources
2025-03-23 20:36:02,619 [Worker-159: Building] INFO  o.a.m.s.f.DefaultMavenResourcesFiltering - Copying 1 resource from src\main\resources to target\classes
2025-03-23 20:36:02,669 [Worker-159: Building] INFO  o.a.m.s.f.DefaultMavenResourcesFiltering - Copying 0 resource from src\main\resources to target\classes
2025-03-23 20:36:02,676 [Worker-159: Building] INFO  o.a.m.s.f.DefaultMavenResourcesFiltering - skip non existing resourceDirectory D:\Codes\Java-Training\demo-1\src\test\resources
2025-03-23 20:38:17,807 [Worker-157: Building] INFO  o.a.m.s.f.DefaultMavenResourcesFiltering - Copying 1 resource from src\main\resources to target\classes
2025-03-23 20:38:17,826 [Worker-157: Building] INFO  o.a.m.s.f.DefaultMavenResourcesFiltering - Copying 0 resource from src\main\resources to target\classes
2025-03-23 20:38:17,830 [Worker-157: Building] INFO  o.a.m.s.f.DefaultMavenResourcesFiltering - skip non existing resourceDirectory D:\Codes\Java-Training\demo-1\src\test\resources
2025-03-23 20:38:22,359 [Worker-159: Building] INFO  o.a.m.s.f.DefaultMavenResourcesFiltering - Copying 1 resource from src\main\resources to target\classes
2025-03-23 20:38:22,389 [Worker-159: Building] INFO  o.a.m.s.f.DefaultMavenResourcesFiltering - Copying 0 resource from src\main\resources to target\classes
2025-03-23 20:38:22,391 [Worker-159: Building] INFO  o.a.m.s.f.DefaultMavenResourcesFiltering - skip non existing resourceDirectory D:\Codes\Java-Training\demo-1\src\test\resources
2025-03-23 20:38:26,738 [Worker-163: Building] INFO  o.a.m.s.f.DefaultMavenResourcesFiltering - Copying 1 resource from src\main\resources to target\classes
2025-03-23 20:38:26,763 [Worker-163: Building] INFO  o.a.m.s.f.DefaultMavenResourcesFiltering - Copying 0 resource from src\main\resources to target\classes
2025-03-23 20:38:26,766 [Worker-163: Building] INFO  o.a.m.s.f.DefaultMavenResourcesFiltering - skip non existing resourceDirectory D:\Codes\Java-Training\demo-1\src\test\resources
2025-03-23 20:38:45,826 [Worker-161: Building] INFO  o.a.m.s.f.DefaultMavenResourcesFiltering - Copying 1 resource from src\main\resources to target\classes
2025-03-23 20:38:45,838 [Worker-161: Building] INFO  o.a.m.s.f.DefaultMavenResourcesFiltering - Copying 0 resource from src\main\resources to target\classes
2025-03-23 20:38:45,841 [Worker-161: Building] INFO  o.a.m.s.f.DefaultMavenResourcesFiltering - skip non existing resourceDirectory D:\Codes\Java-Training\demo-1\src\test\resources
2025-03-23 20:39:08,070 [Worker-157: Building] INFO  o.a.m.s.f.DefaultMavenResourcesFiltering - Copying 1 resource from src\main\resources to target\classes
2025-03-23 20:39:08,085 [Worker-157: Building] INFO  o.a.m.s.f.DefaultMavenResourcesFiltering - Copying 0 resource from src\main\resources to target\classes
2025-03-23 20:39:08,087 [Worker-157: Building] INFO  o.a.m.s.f.DefaultMavenResourcesFiltering - skip non existing resourceDirectory D:\Codes\Java-Training\demo-1\src\test\resources
2025-03-23 20:39:28,093 [Worker-162: Building] INFO  o.a.m.s.f.DefaultMavenResourcesFiltering - Copying 1 resource from src\main\resources to target\classes
2025-03-23 20:39:28,126 [Worker-162: Building] INFO  o.a.m.s.f.DefaultMavenResourcesFiltering - Copying 0 resource from src\main\resources to target\classes
2025-03-23 20:39:28,128 [Worker-162: Building] INFO  o.a.m.s.f.DefaultMavenResourcesFiltering - skip non existing resourceDirectory D:\Codes\Java-Training\demo-1\src\test\resources
2025-03-23 20:39:53,901 [Worker-165: Building] INFO  o.a.m.s.f.DefaultMavenResourcesFiltering - Copying 1 resource from src\main\resources to target\classes
2025-03-23 20:39:53,906 [Worker-165: Building] INFO  o.a.m.s.f.DefaultMavenResourcesFiltering - Copying 0 resource from src\main\resources to target\classes
2025-03-23 20:39:53,909 [Worker-165: Building] INFO  o.a.m.s.f.DefaultMavenResourcesFiltering - skip non existing resourceDirectory D:\Codes\Java-Training\demo-1\src\test\resources
2025-03-23 20:40:49,263 [Worker-163: Building] INFO  o.a.m.s.f.DefaultMavenResourcesFiltering - Copying 1 resource from src\main\resources to target\classes
2025-03-23 20:40:49,270 [Worker-163: Building] INFO  o.a.m.s.f.DefaultMavenResourcesFiltering - Copying 0 resource from src\main\resources to target\classes
2025-03-23 20:40:49,272 [Worker-163: Building] INFO  o.a.m.s.f.DefaultMavenResourcesFiltering - skip non existing resourceDirectory D:\Codes\Java-Training\demo-1\src\test\resources
2025-03-23 20:40:52,355 [Worker-159: Building] INFO  o.a.m.s.f.DefaultMavenResourcesFiltering - Copying 1 resource from src\main\resources to target\classes
2025-03-23 20:40:52,363 [Worker-159: Building] INFO  o.a.m.s.f.DefaultMavenResourcesFiltering - Copying 0 resource from src\main\resources to target\classes
2025-03-23 20:40:52,365 [Worker-159: Building] INFO  o.a.m.s.f.DefaultMavenResourcesFiltering - skip non existing resourceDirectory D:\Codes\Java-Training\demo-1\src\test\resources
2025-03-23 20:41:23,975 [Worker-165: Building] INFO  o.a.m.s.f.DefaultMavenResourcesFiltering - Copying 1 resource from src\main\resources to target\classes
2025-03-23 20:41:23,981 [Worker-165: Building] INFO  o.a.m.s.f.DefaultMavenResourcesFiltering - Copying 0 resource from src\main\resources to target\classes
2025-03-23 20:41:23,983 [Worker-165: Building] INFO  o.a.m.s.f.DefaultMavenResourcesFiltering - skip non existing resourceDirectory D:\Codes\Java-Training\demo-1\src\test\resources
2025-03-23 20:41:38,814 [Worker-159: Building] INFO  o.a.m.s.f.DefaultMavenResourcesFiltering - Copying 1 resource from src\main\resources to target\classes
2025-03-23 20:41:38,829 [Worker-159: Building] INFO  o.a.m.s.f.DefaultMavenResourcesFiltering - Copying 0 resource from src\main\resources to target\classes
2025-03-23 20:41:38,831 [Worker-159: Building] INFO  o.a.m.s.f.DefaultMavenResourcesFiltering - skip non existing resourceDirectory D:\Codes\Java-Training\demo-1\src\test\resources
2025-03-23 20:41:52,947 [Worker-165: Building] INFO  o.a.m.s.f.DefaultMavenResourcesFiltering - Copying 1 resource from src\main\resources to target\classes
2025-03-23 20:41:52,955 [Worker-165: Building] INFO  o.a.m.s.f.DefaultMavenResourcesFiltering - Copying 0 resource from src\main\resources to target\classes
2025-03-23 20:41:52,957 [Worker-165: Building] INFO  o.a.m.s.f.DefaultMavenResourcesFiltering - skip non existing resourceDirectory D:\Codes\Java-Training\demo-1\src\test\resources
2025-03-23 20:42:09,417 [Worker-164: Building] INFO  o.a.m.s.f.DefaultMavenResourcesFiltering - Copying 1 resource from src\main\resources to target\classes
2025-03-23 20:42:09,423 [Worker-164: Building] INFO  o.a.m.s.f.DefaultMavenResourcesFiltering - Copying 0 resource from src\main\resources to target\classes
2025-03-23 20:42:09,424 [Worker-164: Building] INFO  o.a.m.s.f.DefaultMavenResourcesFiltering - skip non existing resourceDirectory D:\Codes\Java-Training\demo-1\src\test\resources
2025-03-23 20:42:16,567 [Worker-161: Building] INFO  o.a.m.s.f.DefaultMavenResourcesFiltering - Copying 1 resource from src\main\resources to target\classes
2025-03-23 20:42:16,575 [Worker-161: Building] INFO  o.a.m.s.f.DefaultMavenResourcesFiltering - Copying 0 resource from src\main\resources to target\classes
2025-03-23 20:42:16,577 [Worker-161: Building] INFO  o.a.m.s.f.DefaultMavenResourcesFiltering - skip non existing resourceDirectory D:\Codes\Java-Training\demo-1\src\test\resources
2025-03-23 20:42:19,633 [Worker-160: Building] INFO  o.a.m.s.f.DefaultMavenResourcesFiltering - Copying 1 resource from src\main\resources to target\classes
2025-03-23 20:42:19,639 [Worker-160: Building] INFO  o.a.m.s.f.DefaultMavenResourcesFiltering - Copying 0 resource from src\main\resources to target\classes
2025-03-23 20:42:19,640 [Worker-160: Building] INFO  o.a.m.s.f.DefaultMavenResourcesFiltering - skip non existing resourceDirectory D:\Codes\Java-Training\demo-1\src\test\resources
2025-03-23 20:42:23,008 [Worker-160: Building] INFO  o.a.m.s.f.DefaultMavenResourcesFiltering - Copying 1 resource from src\main\resources to target\classes
2025-03-23 20:42:23,014 [Worker-160: Building] INFO  o.a.m.s.f.DefaultMavenResourcesFiltering - Copying 0 resource from src\main\resources to target\classes
2025-03-23 20:42:23,015 [Worker-160: Building] INFO  o.a.m.s.f.DefaultMavenResourcesFiltering - skip non existing resourceDirectory D:\Codes\Java-Training\demo-1\src\test\resources
2025-03-23 20:42:26,742 [Worker-165: Building] INFO  o.a.m.s.f.DefaultMavenResourcesFiltering - Copying 1 resource from src\main\resources to target\classes
2025-03-23 20:42:26,749 [Worker-165: Building] INFO  o.a.m.s.f.DefaultMavenResourcesFiltering - Copying 0 resource from src\main\resources to target\classes
2025-03-23 20:42:26,750 [Worker-165: Building] INFO  o.a.m.s.f.DefaultMavenResourcesFiltering - skip non existing resourceDirectory D:\Codes\Java-Training\demo-1\src\test\resources
2025-03-23 20:42:32,544 [Worker-160: Building] INFO  o.a.m.s.f.DefaultMavenResourcesFiltering - Copying 1 resource from src\main\resources to target\classes
2025-03-23 20:42:32,550 [Worker-160: Building] INFO  o.a.m.s.f.DefaultMavenResourcesFiltering - Copying 0 resource from src\main\resources to target\classes
2025-03-23 20:42:32,552 [Worker-160: Building] INFO  o.a.m.s.f.DefaultMavenResourcesFiltering - skip non existing resourceDirectory D:\Codes\Java-Training\demo-1\src\test\resources
2025-03-23 20:42:39,942 [Worker-163: Building] INFO  o.a.m.s.f.DefaultMavenResourcesFiltering - Copying 1 resource from src\main\resources to target\classes
2025-03-23 20:42:39,948 [Worker-163: Building] INFO  o.a.m.s.f.DefaultMavenResourcesFiltering - Copying 0 resource from src\main\resources to target\classes
2025-03-23 20:42:39,949 [Worker-163: Building] INFO  o.a.m.s.f.DefaultMavenResourcesFiltering - skip non existing resourceDirectory D:\Codes\Java-Training\demo-1\src\test\resources
2025-03-23 20:43:23,569 [Worker-160: Building] INFO  o.a.m.s.f.DefaultMavenResourcesFiltering - Copying 1 resource from src\main\resources to target\classes
2025-03-23 20:43:23,576 [Worker-160: Building] INFO  o.a.m.s.f.DefaultMavenResourcesFiltering - Copying 0 resource from src\main\resources to target\classes
2025-03-23 20:43:23,577 [Worker-160: Building] INFO  o.a.m.s.f.DefaultMavenResourcesFiltering - skip non existing resourceDirectory D:\Codes\Java-Training\demo-1\src\test\resources
2025-03-23 20:43:29,482 [Worker-159: Building] INFO  o.a.m.s.f.DefaultMavenResourcesFiltering - Copying 1 resource from src\main\resources to target\classes
2025-03-23 20:43:29,489 [Worker-159: Building] INFO  o.a.m.s.f.DefaultMavenResourcesFiltering - Copying 0 resource from src\main\resources to target\classes
2025-03-23 20:43:29,490 [Worker-159: Building] INFO  o.a.m.s.f.DefaultMavenResourcesFiltering - skip non existing resourceDirectory D:\Codes\Java-Training\demo-1\src\test\resources
2025-03-23 20:45:39,308 [Worker-167: Building] INFO  o.a.m.s.f.DefaultMavenResourcesFiltering - Copying 1 resource from src\main\resources to target\classes
2025-03-23 20:45:39,317 [Worker-167: Building] INFO  o.a.m.s.f.DefaultMavenResourcesFiltering - Copying 0 resource from src\main\resources to target\classes
2025-03-23 20:45:39,319 [Worker-167: Building] INFO  o.a.m.s.f.DefaultMavenResourcesFiltering - skip non existing resourceDirectory D:\Codes\Java-Training\demo-1\src\test\resources
2025-03-23 20:45:48,086 [Worker-165: Building] INFO  o.a.m.s.f.DefaultMavenResourcesFiltering - Copying 1 resource from src\main\resources to target\classes
2025-03-23 20:45:48,092 [Worker-165: Building] INFO  o.a.m.s.f.DefaultMavenResourcesFiltering - Copying 0 resource from src\main\resources to target\classes
2025-03-23 20:45:48,093 [Worker-165: Building] INFO  o.a.m.s.f.DefaultMavenResourcesFiltering - skip non existing resourceDirectory D:\Codes\Java-Training\demo-1\src\test\resources
2025-03-23 20:46:12,901 [Worker-166: Building] INFO  o.a.m.s.f.DefaultMavenResourcesFiltering - Copying 1 resource from src\main\resources to target\classes
2025-03-23 20:46:12,910 [Worker-166: Building] INFO  o.a.m.s.f.DefaultMavenResourcesFiltering - Copying 0 resource from src\main\resources to target\classes
2025-03-23 20:46:12,912 [Worker-166: Building] INFO  o.a.m.s.f.DefaultMavenResourcesFiltering - skip non existing resourceDirectory D:\Codes\Java-Training\demo-1\src\test\resources
2025-03-23 20:46:41,431 [Worker-165: Building] INFO  o.a.m.s.f.DefaultMavenResourcesFiltering - Copying 1 resource from src\main\resources to target\classes
2025-03-23 20:46:41,438 [Worker-165: Building] INFO  o.a.m.s.f.DefaultMavenResourcesFiltering - Copying 0 resource from src\main\resources to target\classes
2025-03-23 20:46:41,439 [Worker-165: Building] INFO  o.a.m.s.f.DefaultMavenResourcesFiltering - skip non existing resourceDirectory D:\Codes\Java-Training\demo-1\src\test\resources
2025-03-23 20:46:46,239 [Worker-160: Building] INFO  o.a.m.s.f.DefaultMavenResourcesFiltering - Copying 1 resource from src\main\resources to target\classes
2025-03-23 20:46:46,246 [Worker-160: Building] INFO  o.a.m.s.f.DefaultMavenResourcesFiltering - Copying 0 resource from src\main\resources to target\classes
2025-03-23 20:46:46,248 [Worker-160: Building] INFO  o.a.m.s.f.DefaultMavenResourcesFiltering - skip non existing resourceDirectory D:\Codes\Java-Training\demo-1\src\test\resources
2025-03-23 20:47:12,268 [Worker-165: Building] INFO  o.a.m.s.f.DefaultMavenResourcesFiltering - Copying 1 resource from src\main\resources to target\classes
2025-03-23 20:47:12,274 [Worker-165: Building] INFO  o.a.m.s.f.DefaultMavenResourcesFiltering - Copying 0 resource from src\main\resources to target\classes
2025-03-23 20:47:12,276 [Worker-165: Building] INFO  o.a.m.s.f.DefaultMavenResourcesFiltering - skip non existing resourceDirectory D:\Codes\Java-Training\demo-1\src\test\resources
2025-03-23 20:47:22,489 [Worker-166: Building] INFO  o.a.m.s.f.DefaultMavenResourcesFiltering - Copying 1 resource from src\main\resources to target\classes
2025-03-23 20:47:22,499 [Worker-166: Building] INFO  o.a.m.s.f.DefaultMavenResourcesFiltering - Copying 0 resource from src\main\resources to target\classes
2025-03-23 20:47:22,501 [Worker-166: Building] INFO  o.a.m.s.f.DefaultMavenResourcesFiltering - skip non existing resourceDirectory D:\Codes\Java-Training\demo-1\src\test\resources
2025-03-23 20:47:26,989 [Worker-165: Building] INFO  o.a.m.s.f.DefaultMavenResourcesFiltering - Copying 1 resource from src\main\resources to target\classes
2025-03-23 20:47:26,996 [Worker-165: Building] INFO  o.a.m.s.f.DefaultMavenResourcesFiltering - Copying 0 resource from src\main\resources to target\classes
2025-03-23 20:47:26,997 [Worker-165: Building] INFO  o.a.m.s.f.DefaultMavenResourcesFiltering - skip non existing resourceDirectory D:\Codes\Java-Training\demo-1\src\test\resources
2025-03-23 20:47:43,213 [Worker-160: Building] INFO  o.a.m.s.f.DefaultMavenResourcesFiltering - Copying 1 resource from src\main\resources to target\classes
2025-03-23 20:47:43,219 [Worker-160: Building] INFO  o.a.m.s.f.DefaultMavenResourcesFiltering - Copying 0 resource from src\main\resources to target\classes
2025-03-23 20:47:43,221 [Worker-160: Building] INFO  o.a.m.s.f.DefaultMavenResourcesFiltering - skip non existing resourceDirectory D:\Codes\Java-Training\demo-1\src\test\resources
2025-03-23 20:47:49,839 [Worker-165: Building] INFO  o.a.m.s.f.DefaultMavenResourcesFiltering - Copying 1 resource from src\main\resources to target\classes
2025-03-23 20:47:49,846 [Worker-165: Building] INFO  o.a.m.s.f.DefaultMavenResourcesFiltering - Copying 0 resource from src\main\resources to target\classes
2025-03-23 20:47:49,847 [Worker-165: Building] INFO  o.a.m.s.f.DefaultMavenResourcesFiltering - skip non existing resourceDirectory D:\Codes\Java-Training\demo-1\src\test\resources
2025-03-23 20:48:01,604 [Worker-170: Building] INFO  o.a.m.s.f.DefaultMavenResourcesFiltering - Copying 1 resource from src\main\resources to target\classes
2025-03-23 20:48:01,610 [Worker-170: Building] INFO  o.a.m.s.f.DefaultMavenResourcesFiltering - Copying 0 resource from src\main\resources to target\classes
2025-03-23 20:48:01,613 [Worker-170: Building] INFO  o.a.m.s.f.DefaultMavenResourcesFiltering - skip non existing resourceDirectory D:\Codes\Java-Training\demo-1\src\test\resources
2025-03-23 20:50:34,161 [Worker-172: Building] INFO  o.a.m.s.f.DefaultMavenResourcesFiltering - Copying 1 resource from src\main\resources to target\classes
2025-03-23 20:50:34,169 [Worker-172: Building] INFO  o.a.m.s.f.DefaultMavenResourcesFiltering - Copying 0 resource from src\main\resources to target\classes
2025-03-23 20:50:34,170 [Worker-172: Building] INFO  o.a.m.s.f.DefaultMavenResourcesFiltering - skip non existing resourceDirectory D:\Codes\Java-Training\demo-1\src\test\resources
2025-03-23 20:50:36,683 [Worker-173: Building] INFO  o.a.m.s.f.DefaultMavenResourcesFiltering - Copying 1 resource from src\main\resources to target\classes
2025-03-23 20:50:36,690 [Worker-173: Building] INFO  o.a.m.s.f.DefaultMavenResourcesFiltering - Copying 0 resource from src\main\resources to target\classes
2025-03-23 20:50:36,694 [Worker-173: Building] INFO  o.a.m.s.f.DefaultMavenResourcesFiltering - skip non existing resourceDirectory D:\Codes\Java-Training\demo-1\src\test\resources
2025-03-23 20:50:46,995 [Worker-160: Building] INFO  o.a.m.s.f.DefaultMavenResourcesFiltering - Copying 1 resource from src\main\resources to target\classes
2025-03-23 20:50:47,004 [Worker-160: Building] INFO  o.a.m.s.f.DefaultMavenResourcesFiltering - Copying 0 resource from src\main\resources to target\classes
2025-03-23 20:50:47,006 [Worker-160: Building] INFO  o.a.m.s.f.DefaultMavenResourcesFiltering - skip non existing resourceDirectory D:\Codes\Java-Training\demo-1\src\test\resources
2025-03-23 20:50:53,278 [Worker-165: Building] INFO  o.a.m.s.f.DefaultMavenResourcesFiltering - Copying 1 resource from src\main\resources to target\classes
2025-03-23 20:50:53,285 [Worker-165: Building] INFO  o.a.m.s.f.DefaultMavenResourcesFiltering - Copying 0 resource from src\main\resources to target\classes
2025-03-23 20:50:53,287 [Worker-165: Building] INFO  o.a.m.s.f.DefaultMavenResourcesFiltering - skip non existing resourceDirectory D:\Codes\Java-Training\demo-1\src\test\resources
2025-03-23 20:51:09,484 [Worker-173: Building] INFO  o.a.m.s.f.DefaultMavenResourcesFiltering - Copying 1 resource from src\main\resources to target\classes
2025-03-23 20:51:09,491 [Worker-173: Building] INFO  o.a.m.s.f.DefaultMavenResourcesFiltering - Copying 0 resource from src\main\resources to target\classes
2025-03-23 20:51:09,493 [Worker-173: Building] INFO  o.a.m.s.f.DefaultMavenResourcesFiltering - skip non existing resourceDirectory D:\Codes\Java-Training\demo-1\src\test\resources
2025-03-23 20:51:31,539 [Worker-171: Building] INFO  o.a.m.s.f.DefaultMavenResourcesFiltering - Copying 1 resource from src\main\resources to target\classes
2025-03-23 20:51:31,546 [Worker-171: Building] INFO  o.a.m.s.f.DefaultMavenResourcesFiltering - Copying 0 resource from src\main\resources to target\classes
2025-03-23 20:51:31,547 [Worker-171: Building] INFO  o.a.m.s.f.DefaultMavenResourcesFiltering - skip non existing resourceDirectory D:\Codes\Java-Training\demo-1\src\test\resources
2025-03-23 20:51:39,127 [Worker-172: Building] INFO  o.a.m.s.f.DefaultMavenResourcesFiltering - Copying 1 resource from src\main\resources to target\classes
2025-03-23 20:51:39,133 [Worker-172: Building] INFO  o.a.m.s.f.DefaultMavenResourcesFiltering - Copying 0 resource from src\main\resources to target\classes
2025-03-23 20:51:39,134 [Worker-172: Building] INFO  o.a.m.s.f.DefaultMavenResourcesFiltering - skip non existing resourceDirectory D:\Codes\Java-Training\demo-1\src\test\resources
2025-03-23 20:52:38,052 [Worker-174: Building] INFO  o.a.m.s.f.DefaultMavenResourcesFiltering - Copying 1 resource from src\main\resources to target\classes
2025-03-23 20:52:38,060 [Worker-174: Building] INFO  o.a.m.s.f.DefaultMavenResourcesFiltering - Copying 0 resource from src\main\resources to target\classes
2025-03-23 20:52:38,062 [Worker-174: Building] INFO  o.a.m.s.f.DefaultMavenResourcesFiltering - skip non existing resourceDirectory D:\Codes\Java-Training\demo-1\src\test\resources
2025-03-23 20:52:43,261 [Worker-165: Building] INFO  o.a.m.s.f.DefaultMavenResourcesFiltering - Copying 1 resource from src\main\resources to target\classes
2025-03-23 20:52:43,271 [Worker-165: Building] INFO  o.a.m.s.f.DefaultMavenResourcesFiltering - Copying 0 resource from src\main\resources to target\classes
2025-03-23 20:52:43,273 [Worker-165: Building] INFO  o.a.m.s.f.DefaultMavenResourcesFiltering - skip non existing resourceDirectory D:\Codes\Java-Training\demo-1\src\test\resources
2025-03-23 20:53:54,032 [Worker-174: Building] INFO  o.a.m.s.f.DefaultMavenResourcesFiltering - Copying 1 resource from src\main\resources to target\classes
2025-03-23 20:53:54,039 [Worker-174: Building] INFO  o.a.m.s.f.DefaultMavenResourcesFiltering - Copying 0 resource from src\main\resources to target\classes
2025-03-23 20:53:54,040 [Worker-174: Building] INFO  o.a.m.s.f.DefaultMavenResourcesFiltering - skip non existing resourceDirectory D:\Codes\Java-Training\demo-1\src\test\resources
2025-03-23 20:54:12,255 [Worker-172: Building] INFO  o.a.m.s.f.DefaultMavenResourcesFiltering - Copying 1 resource from src\main\resources to target\classes
2025-03-23 20:54:12,262 [Worker-172: Building] INFO  o.a.m.s.f.DefaultMavenResourcesFiltering - Copying 0 resource from src\main\resources to target\classes
2025-03-23 20:54:12,263 [Worker-172: Building] INFO  o.a.m.s.f.DefaultMavenResourcesFiltering - skip non existing resourceDirectory D:\Codes\Java-Training\demo-1\src\test\resources
2025-03-23 20:54:20,557 [Worker-160: Building] INFO  o.a.m.s.f.DefaultMavenResourcesFiltering - Copying 1 resource from src\main\resources to target\classes
2025-03-23 20:54:20,568 [Worker-160: Building] INFO  o.a.m.s.f.DefaultMavenResourcesFiltering - Copying 0 resource from src\main\resources to target\classes
2025-03-23 20:54:20,569 [Worker-160: Building] INFO  o.a.m.s.f.DefaultMavenResourcesFiltering - skip non existing resourceDirectory D:\Codes\Java-Training\demo-1\src\test\resources
2025-03-23 20:54:51,677 [Worker-160: Building] INFO  o.a.m.s.f.DefaultMavenResourcesFiltering - Copying 1 resource from src\main\resources to target\classes
2025-03-23 20:54:51,686 [Worker-160: Building] INFO  o.a.m.s.f.DefaultMavenResourcesFiltering - Copying 0 resource from src\main\resources to target\classes
2025-03-23 20:54:51,688 [Worker-160: Building] INFO  o.a.m.s.f.DefaultMavenResourcesFiltering - skip non existing resourceDirectory D:\Codes\Java-Training\demo-1\src\test\resources
2025-03-23 20:54:54,980 [Worker-171: Building] INFO  o.a.m.s.f.DefaultMavenResourcesFiltering - Copying 1 resource from src\main\resources to target\classes
2025-03-23 20:54:54,985 [Worker-171: Building] INFO  o.a.m.s.f.DefaultMavenResourcesFiltering - Copying 0 resource from src\main\resources to target\classes
2025-03-23 20:54:54,987 [Worker-171: Building] INFO  o.a.m.s.f.DefaultMavenResourcesFiltering - skip non existing resourceDirectory D:\Codes\Java-Training\demo-1\src\test\resources
2025-03-23 20:55:21,289 [Worker-172: Building] INFO  o.a.m.s.f.DefaultMavenResourcesFiltering - Copying 1 resource from src\main\resources to target\classes
2025-03-23 20:55:21,297 [Worker-172: Building] INFO  o.a.m.s.f.DefaultMavenResourcesFiltering - Copying 0 resource from src\main\resources to target\classes
2025-03-23 20:55:21,299 [Worker-172: Building] INFO  o.a.m.s.f.DefaultMavenResourcesFiltering - skip non existing resourceDirectory D:\Codes\Java-Training\demo-1\src\test\resources
2025-03-23 20:55:34,111 [Worker-171: Building] INFO  o.a.m.s.f.DefaultMavenResourcesFiltering - Copying 1 resource from src\main\resources to target\classes
2025-03-23 20:55:34,122 [Worker-171: Building] INFO  o.a.m.s.f.DefaultMavenResourcesFiltering - Copying 0 resource from src\main\resources to target\classes
2025-03-23 20:55:34,124 [Worker-171: Building] INFO  o.a.m.s.f.DefaultMavenResourcesFiltering - skip non existing resourceDirectory D:\Codes\Java-Training\demo-1\src\test\resources
2025-03-23 20:55:45,568 [Worker-160: Building] INFO  o.a.m.s.f.DefaultMavenResourcesFiltering - Copying 1 resource from src\main\resources to target\classes
2025-03-23 20:55:45,575 [Worker-160: Building] INFO  o.a.m.s.f.DefaultMavenResourcesFiltering - Copying 0 resource from src\main\resources to target\classes
2025-03-23 20:55:45,579 [Worker-160: Building] INFO  o.a.m.s.f.DefaultMavenResourcesFiltering - skip non existing resourceDirectory D:\Codes\Java-Training\demo-1\src\test\resources
2025-03-23 20:55:50,025 [Worker-172: Building] INFO  o.a.m.s.f.DefaultMavenResourcesFiltering - Copying 1 resource from src\main\resources to target\classes
2025-03-23 20:55:50,033 [Worker-172: Building] INFO  o.a.m.s.f.DefaultMavenResourcesFiltering - Copying 0 resource from src\main\resources to target\classes
2025-03-23 20:55:50,037 [Worker-172: Building] INFO  o.a.m.s.f.DefaultMavenResourcesFiltering - skip non existing resourceDirectory D:\Codes\Java-Training\demo-1\src\test\resources
2025-03-23 20:55:56,847 [Worker-165: Building] INFO  o.a.m.s.f.DefaultMavenResourcesFiltering - Copying 1 resource from src\main\resources to target\classes
2025-03-23 20:55:56,856 [Worker-165: Building] INFO  o.a.m.s.f.DefaultMavenResourcesFiltering - Copying 0 resource from src\main\resources to target\classes
2025-03-23 20:55:56,857 [Worker-165: Building] INFO  o.a.m.s.f.DefaultMavenResourcesFiltering - skip non existing resourceDirectory D:\Codes\Java-Training\demo-1\src\test\resources
2025-03-23 20:56:17,087 [Worker-173: Building] INFO  o.a.m.s.f.DefaultMavenResourcesFiltering - Copying 1 resource from src\main\resources to target\classes
2025-03-23 20:56:17,095 [Worker-173: Building] INFO  o.a.m.s.f.DefaultMavenResourcesFiltering - Copying 0 resource from src\main\resources to target\classes
2025-03-23 20:56:17,096 [Worker-173: Building] INFO  o.a.m.s.f.DefaultMavenResourcesFiltering - skip non existing resourceDirectory D:\Codes\Java-Training\demo-1\src\test\resources
2025-03-23 21:18:34,621 [Worker-177: Building] INFO  o.a.m.s.f.DefaultMavenResourcesFiltering - Copying 1 resource from src\main\resources to target\classes
2025-03-23 21:18:34,650 [Worker-177: Building] INFO  o.a.m.s.f.DefaultMavenResourcesFiltering - Copying 0 resource from src\main\resources to target\classes
2025-03-23 21:18:34,655 [Worker-177: Building] INFO  o.a.m.s.f.DefaultMavenResourcesFiltering - skip non existing resourceDirectory D:\Codes\Java-Training\demo-1\src\test\resources
2025-03-23 21:19:15,269 [Worker-173: Building] INFO  o.a.m.s.f.DefaultMavenResourcesFiltering - Copying 1 resource from src\main\resources to target\classes
2025-03-23 21:19:15,279 [Worker-173: Building] INFO  o.a.m.s.f.DefaultMavenResourcesFiltering - Copying 0 resource from src\main\resources to target\classes
2025-03-23 21:19:15,281 [Worker-173: Building] INFO  o.a.m.s.f.DefaultMavenResourcesFiltering - skip non existing resourceDirectory D:\Codes\Java-Training\demo-1\src\test\resources
2025-03-23 21:19:54,518 [Worker-173: Building] INFO  o.a.m.s.f.DefaultMavenResourcesFiltering - Copying 1 resource from src\main\resources to target\classes
2025-03-23 21:19:54,528 [Worker-173: Building] INFO  o.a.m.s.f.DefaultMavenResourcesFiltering - Copying 0 resource from src\main\resources to target\classes
2025-03-23 21:19:54,530 [Worker-173: Building] INFO  o.a.m.s.f.DefaultMavenResourcesFiltering - skip non existing resourceDirectory D:\Codes\Java-Training\demo-1\src\test\resources
2025-03-23 21:19:57,508 [Worker-177: Building] INFO  o.a.m.s.f.DefaultMavenResourcesFiltering - Copying 1 resource from src\main\resources to target\classes
2025-03-23 21:19:57,520 [Worker-177: Building] INFO  o.a.m.s.f.DefaultMavenResourcesFiltering - Copying 0 resource from src\main\resources to target\classes
2025-03-23 21:19:57,522 [Worker-177: Building] INFO  o.a.m.s.f.DefaultMavenResourcesFiltering - skip non existing resourceDirectory D:\Codes\Java-Training\demo-1\src\test\resources
2025-03-23 21:20:03,223 [Worker-179: Building] INFO  o.a.m.s.f.DefaultMavenResourcesFiltering - Copying 1 resource from src\main\resources to target\classes
2025-03-23 21:20:03,231 [Worker-179: Building] INFO  o.a.m.s.f.DefaultMavenResourcesFiltering - Copying 0 resource from src\main\resources to target\classes
2025-03-23 21:20:03,233 [Worker-179: Building] INFO  o.a.m.s.f.DefaultMavenResourcesFiltering - skip non existing resourceDirectory D:\Codes\Java-Training\demo-1\src\test\resources
2025-03-23 21:20:13,781 [Worker-177: Building] INFO  o.a.m.s.f.DefaultMavenResourcesFiltering - Copying 1 resource from src\main\resources to target\classes
2025-03-23 21:20:13,787 [Worker-177: Building] INFO  o.a.m.s.f.DefaultMavenResourcesFiltering - Copying 0 resource from src\main\resources to target\classes
2025-03-23 21:20:13,796 [Worker-177: Building] INFO  o.a.m.s.f.DefaultMavenResourcesFiltering - skip non existing resourceDirectory D:\Codes\Java-Training\demo-1\src\test\resources
2025-03-23 21:20:18,540 [Worker-179: Building] INFO  o.a.m.s.f.DefaultMavenResourcesFiltering - Copying 1 resource from src\main\resources to target\classes
2025-03-23 21:20:18,546 [Worker-179: Building] INFO  o.a.m.s.f.DefaultMavenResourcesFiltering - Copying 0 resource from src\main\resources to target\classes
2025-03-23 21:20:18,547 [Worker-179: Building] INFO  o.a.m.s.f.DefaultMavenResourcesFiltering - skip non existing resourceDirectory D:\Codes\Java-Training\demo-1\src\test\resources
2025-03-23 21:20:29,664 [Worker-179: Building] INFO  o.a.m.s.f.DefaultMavenResourcesFiltering - Copying 1 resource from src\main\resources to target\classes
2025-03-23 21:20:29,690 [Worker-179: Building] INFO  o.a.m.s.f.DefaultMavenResourcesFiltering - Copying 0 resource from src\main\resources to target\classes
2025-03-23 21:20:29,694 [Worker-179: Building] INFO  o.a.m.s.f.DefaultMavenResourcesFiltering - skip non existing resourceDirectory D:\Codes\Java-Training\demo-1\src\test\resources
2025-03-23 21:20:34,154 [Worker-176: Building] INFO  o.a.m.s.f.DefaultMavenResourcesFiltering - Copying 1 resource from src\main\resources to target\classes
2025-03-23 21:20:34,161 [Worker-176: Building] INFO  o.a.m.s.f.DefaultMavenResourcesFiltering - Copying 0 resource from src\main\resources to target\classes
2025-03-23 21:20:34,163 [Worker-176: Building] INFO  o.a.m.s.f.DefaultMavenResourcesFiltering - skip non existing resourceDirectory D:\Codes\Java-Training\demo-1\src\test\resources
2025-03-23 21:21:07,666 [Worker-173: Building] INFO  o.a.m.s.f.DefaultMavenResourcesFiltering - Copying 1 resource from src\main\resources to target\classes
2025-03-23 21:21:07,671 [Worker-173: Building] INFO  o.a.m.s.f.DefaultMavenResourcesFiltering - Copying 0 resource from src\main\resources to target\classes
2025-03-23 21:21:07,673 [Worker-173: Building] INFO  o.a.m.s.f.DefaultMavenResourcesFiltering - skip non existing resourceDirectory D:\Codes\Java-Training\demo-1\src\test\resources
2025-03-23 21:21:21,461 [Worker-177: Building] INFO  o.a.m.s.f.DefaultMavenResourcesFiltering - Copying 1 resource from src\main\resources to target\classes
2025-03-23 21:21:21,466 [Worker-177: Building] INFO  o.a.m.s.f.DefaultMavenResourcesFiltering - Copying 0 resource from src\main\resources to target\classes
2025-03-23 21:21:21,467 [Worker-177: Building] INFO  o.a.m.s.f.DefaultMavenResourcesFiltering - skip non existing resourceDirectory D:\Codes\Java-Training\demo-1\src\test\resources
2025-03-23 21:21:30,673 [Worker-179: Building] INFO  o.a.m.s.f.DefaultMavenResourcesFiltering - Copying 1 resource from src\main\resources to target\classes
2025-03-23 21:21:30,679 [Worker-179: Building] INFO  o.a.m.s.f.DefaultMavenResourcesFiltering - Copying 0 resource from src\main\resources to target\classes
2025-03-23 21:21:30,682 [Worker-179: Building] INFO  o.a.m.s.f.DefaultMavenResourcesFiltering - skip non existing resourceDirectory D:\Codes\Java-Training\demo-1\src\test\resources
2025-03-23 21:21:46,619 [Worker-177: Building] INFO  o.a.m.s.f.DefaultMavenResourcesFiltering - Copying 1 resource from src\main\resources to target\classes
2025-03-23 21:21:46,627 [Worker-177: Building] INFO  o.a.m.s.f.DefaultMavenResourcesFiltering - Copying 0 resource from src\main\resources to target\classes
2025-03-23 21:21:46,628 [Worker-177: Building] INFO  o.a.m.s.f.DefaultMavenResourcesFiltering - skip non existing resourceDirectory D:\Codes\Java-Training\demo-1\src\test\resources
2025-03-23 21:21:58,367 [Worker-176: Building] INFO  o.a.m.s.f.DefaultMavenResourcesFiltering - Copying 1 resource from src\main\resources to target\classes
2025-03-23 21:21:58,373 [Worker-176: Building] INFO  o.a.m.s.f.DefaultMavenResourcesFiltering - Copying 0 resource from src\main\resources to target\classes
2025-03-23 21:21:58,374 [Worker-176: Building] INFO  o.a.m.s.f.DefaultMavenResourcesFiltering - skip non existing resourceDirectory D:\Codes\Java-Training\demo-1\src\test\resources
2025-03-23 21:22:00,589 [Worker-175: Building] INFO  o.a.m.s.f.DefaultMavenResourcesFiltering - Copying 1 resource from src\main\resources to target\classes
2025-03-23 21:22:00,594 [Worker-175: Building] INFO  o.a.m.s.f.DefaultMavenResourcesFiltering - Copying 0 resource from src\main\resources to target\classes
2025-03-23 21:22:00,595 [Worker-175: Building] INFO  o.a.m.s.f.DefaultMavenResourcesFiltering - skip non existing resourceDirectory D:\Codes\Java-Training\demo-1\src\test\resources
2025-03-23 21:22:24,169 [Worker-180: Building] INFO  o.a.m.s.f.DefaultMavenResourcesFiltering - Copying 1 resource from src\main\resources to target\classes
2025-03-23 21:22:24,176 [Worker-180: Building] INFO  o.a.m.s.f.DefaultMavenResourcesFiltering - Copying 0 resource from src\main\resources to target\classes
2025-03-23 21:22:24,177 [Worker-180: Building] INFO  o.a.m.s.f.DefaultMavenResourcesFiltering - skip non existing resourceDirectory D:\Codes\Java-Training\demo-1\src\test\resources
2025-03-23 21:22:39,226 [Worker-173: Building] INFO  o.a.m.s.f.DefaultMavenResourcesFiltering - Copying 1 resource from src\main\resources to target\classes
2025-03-23 21:22:39,234 [Worker-173: Building] INFO  o.a.m.s.f.DefaultMavenResourcesFiltering - Copying 0 resource from src\main\resources to target\classes
2025-03-23 21:22:39,235 [Worker-173: Building] INFO  o.a.m.s.f.DefaultMavenResourcesFiltering - skip non existing resourceDirectory D:\Codes\Java-Training\demo-1\src\test\resources
2025-03-23 21:24:02,181 [Worker-176: Building] INFO  o.a.m.s.f.DefaultMavenResourcesFiltering - Copying 1 resource from src\main\resources to target\classes
2025-03-23 21:24:02,201 [Worker-176: Building] INFO  o.a.m.s.f.DefaultMavenResourcesFiltering - Copying 0 resource from src\main\resources to target\classes
2025-03-23 21:24:02,203 [Worker-176: Building] INFO  o.a.m.s.f.DefaultMavenResourcesFiltering - skip non existing resourceDirectory D:\Codes\Java-Training\demo-1\src\test\resources
2025-03-23 21:24:08,661 [Worker-175: Building] INFO  o.a.m.s.f.DefaultMavenResourcesFiltering - Copying 1 resource from src\main\resources to target\classes
2025-03-23 21:24:08,673 [Worker-175: Building] INFO  o.a.m.s.f.DefaultMavenResourcesFiltering - Copying 0 resource from src\main\resources to target\classes
2025-03-23 21:24:08,675 [Worker-175: Building] INFO  o.a.m.s.f.DefaultMavenResourcesFiltering - skip non existing resourceDirectory D:\Codes\Java-Training\demo-1\src\test\resources
2025-03-23 21:24:13,112 [Worker-178: Building] INFO  o.a.m.s.f.DefaultMavenResourcesFiltering - Copying 1 resource from src\main\resources to target\classes
2025-03-23 21:24:13,119 [Worker-178: Building] INFO  o.a.m.s.f.DefaultMavenResourcesFiltering - Copying 0 resource from src\main\resources to target\classes
2025-03-23 21:24:13,121 [Worker-178: Building] INFO  o.a.m.s.f.DefaultMavenResourcesFiltering - skip non existing resourceDirectory D:\Codes\Java-Training\demo-1\src\test\resources
2025-03-23 21:24:58,644 [Worker-179: Building] INFO  o.a.m.s.f.DefaultMavenResourcesFiltering - Copying 1 resource from src\main\resources to target\classes
2025-03-23 21:24:58,663 [Worker-179: Building] INFO  o.a.m.s.f.DefaultMavenResourcesFiltering - Copying 0 resource from src\main\resources to target\classes
2025-03-23 21:24:58,665 [Worker-179: Building] INFO  o.a.m.s.f.DefaultMavenResourcesFiltering - skip non existing resourceDirectory D:\Codes\Java-Training\demo-1\src\test\resources
2025-03-23 21:25:12,406 [Worker-173: Building] INFO  o.a.m.s.f.DefaultMavenResourcesFiltering - Copying 1 resource from src\main\resources to target\classes
2025-03-23 21:25:12,426 [Worker-173: Building] INFO  o.a.m.s.f.DefaultMavenResourcesFiltering - Copying 0 resource from src\main\resources to target\classes
2025-03-23 21:25:12,427 [Worker-173: Building] INFO  o.a.m.s.f.DefaultMavenResourcesFiltering - skip non existing resourceDirectory D:\Codes\Java-Training\demo-1\src\test\resources
2025-03-23 21:26:05,559 [Worker-175: Building] INFO  o.a.m.s.f.DefaultMavenResourcesFiltering - Copying 1 resource from src\main\resources to target\classes
2025-03-23 21:26:05,566 [Worker-175: Building] INFO  o.a.m.s.f.DefaultMavenResourcesFiltering - Copying 0 resource from src\main\resources to target\classes
2025-03-23 21:26:05,567 [Worker-175: Building] INFO  o.a.m.s.f.DefaultMavenResourcesFiltering - skip non existing resourceDirectory D:\Codes\Java-Training\demo-1\src\test\resources
2025-03-23 21:26:24,281 [Worker-173: Launching demo-1 - Demo1Application] INFO  o.a.m.s.f.DefaultMavenResourcesFiltering - Copying 1 resource from src\main\resources to target\classes
2025-03-23 21:26:24,290 [Worker-173: Launching demo-1 - Demo1Application] INFO  o.a.m.s.f.DefaultMavenResourcesFiltering - Copying 0 resource from src\main\resources to target\classes
2025-03-23 21:26:24,292 [Worker-173: Launching demo-1 - Demo1Application] INFO  o.a.m.s.f.DefaultMavenResourcesFiltering - skip non existing resourceDirectory D:\Codes\Java-Training\demo-1\src\test\resources
2025-03-23 21:27:32,247 [Worker-178: Building] INFO  o.a.m.s.f.DefaultMavenResourcesFiltering - Copying 1 resource from src\main\resources to target\classes
2025-03-23 21:27:32,259 [Worker-178: Building] INFO  o.a.m.s.f.DefaultMavenResourcesFiltering - Copying 0 resource from src\main\resources to target\classes
2025-03-23 21:27:32,262 [Worker-178: Building] INFO  o.a.m.s.f.DefaultMavenResourcesFiltering - skip non existing resourceDirectory D:\Codes\Java-Training\demo-1\src\test\resources
2025-03-23 21:27:48,301 [Worker-177: Building] INFO  o.a.m.s.f.DefaultMavenResourcesFiltering - Copying 1 resource from src\main\resources to target\classes
2025-03-23 21:27:48,349 [Worker-177: Building] INFO  o.a.m.s.f.DefaultMavenResourcesFiltering - Copying 0 resource from src\main\resources to target\classes
2025-03-23 21:27:48,351 [Worker-177: Building] INFO  o.a.m.s.f.DefaultMavenResourcesFiltering - skip non existing resourceDirectory D:\Codes\Java-Training\demo-1\src\test\resources
2025-03-23 21:29:01,724 [Worker-177: Building] INFO  o.a.m.s.f.DefaultMavenResourcesFiltering - Copying 1 resource from src\main\resources to target\classes
2025-03-23 21:29:01,750 [Worker-177: Building] INFO  o.a.m.s.f.DefaultMavenResourcesFiltering - Copying 0 resource from src\main\resources to target\classes
2025-03-23 21:29:01,752 [Worker-177: Building] INFO  o.a.m.s.f.DefaultMavenResourcesFiltering - skip non existing resourceDirectory D:\Codes\Java-Training\demo-1\src\test\resources
2025-03-23 21:32:00,269 [Worker-185: Building] INFO  o.a.m.s.f.DefaultMavenResourcesFiltering - Copying 1 resource from src\main\resources to target\classes
2025-03-23 21:32:00,291 [Worker-185: Building] INFO  o.a.m.s.f.DefaultMavenResourcesFiltering - Copying 0 resource from src\main\resources to target\classes
2025-03-23 21:32:00,295 [Worker-185: Building] INFO  o.a.m.s.f.DefaultMavenResourcesFiltering - skip non existing resourceDirectory D:\Codes\Java-Training\demo-1\src\test\resources
2025-03-23 21:33:11,425 [Worker-178: Building] INFO  o.a.m.s.f.DefaultMavenResourcesFiltering - Copying 1 resource from src\main\resources to target\classes
2025-03-23 21:33:11,557 [Worker-178: Building] INFO  o.a.m.s.f.DefaultMavenResourcesFiltering - Copying 0 resource from src\main\resources to target\classes
2025-03-23 21:33:11,569 [Worker-178: Building] INFO  o.a.m.s.f.DefaultMavenResourcesFiltering - skip non existing resourceDirectory D:\Codes\Java-Training\demo-1\src\test\resources
2025-03-23 21:33:32,338 [Worker-187: Building] INFO  o.a.m.s.f.DefaultMavenResourcesFiltering - Copying 1 resource from src\main\resources to target\classes
2025-03-23 21:33:32,351 [Worker-187: Building] INFO  o.a.m.s.f.DefaultMavenResourcesFiltering - Copying 0 resource from src\main\resources to target\classes
2025-03-23 21:33:32,354 [Worker-187: Building] INFO  o.a.m.s.f.DefaultMavenResourcesFiltering - skip non existing resourceDirectory D:\Codes\Java-Training\demo-1\src\test\resources
2025-03-23 21:33:44,240 [Worker-173: Building] INFO  o.a.m.s.f.DefaultMavenResourcesFiltering - Copying 1 resource from src\main\resources to target\classes
2025-03-23 21:33:44,315 [Worker-173: Building] INFO  o.a.m.s.f.DefaultMavenResourcesFiltering - Copying 0 resource from src\main\resources to target\classes
2025-03-23 21:33:44,321 [Worker-173: Building] INFO  o.a.m.s.f.DefaultMavenResourcesFiltering - skip non existing resourceDirectory D:\Codes\Java-Training\demo-1\src\test\resources
2025-03-23 21:33:46,480 [Worker-187: Building] INFO  o.a.m.s.f.DefaultMavenResourcesFiltering - Copying 1 resource from src\main\resources to target\classes
2025-03-23 21:33:46,500 [Worker-187: Building] INFO  o.a.m.s.f.DefaultMavenResourcesFiltering - Copying 0 resource from src\main\resources to target\classes
2025-03-23 21:33:46,505 [Worker-187: Building] INFO  o.a.m.s.f.DefaultMavenResourcesFiltering - skip non existing resourceDirectory D:\Codes\Java-Training\demo-1\src\test\resources
2025-03-23 21:34:03,214 [Worker-189: Building] INFO  o.a.m.s.f.DefaultMavenResourcesFiltering - Copying 1 resource from src\main\resources to target\classes
2025-03-23 21:34:03,258 [Worker-189: Building] INFO  o.a.m.s.f.DefaultMavenResourcesFiltering - Copying 0 resource from src\main\resources to target\classes
2025-03-23 21:34:03,260 [Worker-189: Building] INFO  o.a.m.s.f.DefaultMavenResourcesFiltering - skip non existing resourceDirectory D:\Codes\Java-Training\demo-1\src\test\resources
2025-03-23 21:34:07,069 [Worker-173: Building] INFO  o.a.m.s.f.DefaultMavenResourcesFiltering - Copying 1 resource from src\main\resources to target\classes
2025-03-23 21:34:07,090 [Worker-173: Building] INFO  o.a.m.s.f.DefaultMavenResourcesFiltering - Copying 0 resource from src\main\resources to target\classes
2025-03-23 21:34:07,093 [Worker-173: Building] INFO  o.a.m.s.f.DefaultMavenResourcesFiltering - skip non existing resourceDirectory D:\Codes\Java-Training\demo-1\src\test\resources
2025-03-23 21:34:10,280 [Worker-186: Building] INFO  o.a.m.s.f.DefaultMavenResourcesFiltering - Copying 1 resource from src\main\resources to target\classes
2025-03-23 21:34:10,301 [Worker-186: Building] INFO  o.a.m.s.f.DefaultMavenResourcesFiltering - Copying 0 resource from src\main\resources to target\classes
2025-03-23 21:34:10,305 [Worker-186: Building] INFO  o.a.m.s.f.DefaultMavenResourcesFiltering - skip non existing resourceDirectory D:\Codes\Java-Training\demo-1\src\test\resources
2025-03-25 09:19:43,682 [Worker-0: Loading available Gradle versions] INFO  o.e.b.c.i.u.g.PublishedGradleVersions - Gradle version information cache is up-to-date. Trying to read.
2025-03-25 09:22:37,252 [Worker-1: Building] INFO  o.a.m.s.f.DefaultMavenResourcesFiltering - Copying 1 resource from src\main\resources to target\classes
2025-03-25 09:22:37,303 [Worker-1: Building] INFO  o.a.m.s.f.DefaultMavenResourcesFiltering - Copying 0 resource from src\main\resources to target\classes
2025-03-25 09:22:37,306 [Worker-1: Building] INFO  o.a.m.s.f.DefaultMavenResourcesFiltering - skip non existing resourceDirectory D:\Codes\Java-Training\demo-1\src\test\resources
2025-03-25 09:26:40,743 [Worker-11: Building] INFO  o.a.m.s.f.DefaultMavenResourcesFiltering - Copying 1 resource from src\main\resources to target\classes
2025-03-25 09:26:40,751 [Worker-11: Building] INFO  o.a.m.s.f.DefaultMavenResourcesFiltering - Copying 0 resource from src\main\resources to target\classes
2025-03-25 09:26:40,753 [Worker-11: Building] INFO  o.a.m.s.f.DefaultMavenResourcesFiltering - skip non existing resourceDirectory D:\Codes\Java-Training\demo-1\src\test\resources
2025-03-25 09:43:02,219 [Worker-16: Building] INFO  o.a.m.s.f.DefaultMavenResourcesFiltering - Copying 1 resource from src\main\resources to target\classes
2025-03-25 09:43:02,244 [Worker-16: Building] INFO  o.a.m.s.f.DefaultMavenResourcesFiltering - Copying 0 resource from src\main\resources to target\classes
2025-03-25 09:43:02,246 [Worker-16: Building] INFO  o.a.m.s.f.DefaultMavenResourcesFiltering - skip non existing resourceDirectory D:\Codes\Java-Training\demo-1\src\test\resources
2025-03-25 09:44:38,514 [Worker-15: Building] INFO  o.a.m.s.f.DefaultMavenResourcesFiltering - Copying 1 resource from src\main\resources to target\classes
2025-03-25 09:44:38,524 [Worker-15: Building] INFO  o.a.m.s.f.DefaultMavenResourcesFiltering - Copying 0 resource from src\main\resources to target\classes
2025-03-25 09:44:38,528 [Worker-15: Building] INFO  o.a.m.s.f.DefaultMavenResourcesFiltering - skip non existing resourceDirectory D:\Codes\Java-Training\demo-1\src\test\resources
2025-03-25 09:44:45,902 [Worker-15: Building] INFO  o.a.m.s.f.DefaultMavenResourcesFiltering - Copying 1 resource from src\main\resources to target\classes
2025-03-25 09:44:45,908 [Worker-15: Building] INFO  o.a.m.s.f.DefaultMavenResourcesFiltering - Copying 0 resource from src\main\resources to target\classes
2025-03-25 09:44:45,934 [Worker-15: Building] INFO  o.a.m.s.f.DefaultMavenResourcesFiltering - skip non existing resourceDirectory D:\Codes\Java-Training\demo-1\src\test\resources
2025-03-25 09:46:49,448 [Worker-15: Building] INFO  o.a.m.s.f.DefaultMavenResourcesFiltering - Copying 1 resource from src\main\resources to target\classes
2025-03-25 09:46:49,455 [Worker-15: Building] INFO  o.a.m.s.f.DefaultMavenResourcesFiltering - Copying 0 resource from src\main\resources to target\classes
2025-03-25 09:46:49,458 [Worker-15: Building] INFO  o.a.m.s.f.DefaultMavenResourcesFiltering - skip non existing resourceDirectory D:\Codes\Java-Training\demo-1\src\test\resources
2025-03-25 09:49:03,899 [Worker-19: Building] INFO  o.a.m.s.f.DefaultMavenResourcesFiltering - Copying 1 resource from src\main\resources to target\classes
2025-03-25 09:49:03,908 [Worker-19: Building] INFO  o.a.m.s.f.DefaultMavenResourcesFiltering - Copying 0 resource from src\main\resources to target\classes
2025-03-25 09:49:03,910 [Worker-19: Building] INFO  o.a.m.s.f.DefaultMavenResourcesFiltering - skip non existing resourceDirectory D:\Codes\Java-Training\demo-1\src\test\resources
2025-03-25 09:52:14,048 [Worker-17: Building] INFO  o.a.m.s.f.DefaultMavenResourcesFiltering - Copying 1 resource from src\main\resources to target\classes
2025-03-25 09:52:14,054 [Worker-17: Building] INFO  o.a.m.s.f.DefaultMavenResourcesFiltering - Copying 0 resource from src\main\resources to target\classes
2025-03-25 09:52:14,058 [Worker-17: Building] INFO  o.a.m.s.f.DefaultMavenResourcesFiltering - skip non existing resourceDirectory D:\Codes\Java-Training\demo-1\src\test\resources
2025-03-25 09:52:27,758 [Worker-21: Building] INFO  o.a.m.s.f.DefaultMavenResourcesFiltering - Copying 1 resource from src\main\resources to target\classes
2025-03-25 09:52:27,763 [Worker-21: Building] INFO  o.a.m.s.f.DefaultMavenResourcesFiltering - Copying 0 resource from src\main\resources to target\classes
2025-03-25 09:52:27,765 [Worker-21: Building] INFO  o.a.m.s.f.DefaultMavenResourcesFiltering - skip non existing resourceDirectory D:\Codes\Java-Training\demo-1\src\test\resources
2025-03-25 09:52:40,217 [Worker-22: Building] INFO  o.a.m.s.f.DefaultMavenResourcesFiltering - Copying 1 resource from src\main\resources to target\classes
2025-03-25 09:52:40,222 [Worker-22: Building] INFO  o.a.m.s.f.DefaultMavenResourcesFiltering - Copying 0 resource from src\main\resources to target\classes
2025-03-25 09:52:40,224 [Worker-22: Building] INFO  o.a.m.s.f.DefaultMavenResourcesFiltering - skip non existing resourceDirectory D:\Codes\Java-Training\demo-1\src\test\resources
2025-03-25 09:53:12,971 [Worker-21: Building] INFO  o.a.m.s.f.DefaultMavenResourcesFiltering - Copying 1 resource from src\main\resources to target\classes
2025-03-25 09:53:12,976 [Worker-21: Building] INFO  o.a.m.s.f.DefaultMavenResourcesFiltering - Copying 0 resource from src\main\resources to target\classes
2025-03-25 09:53:12,978 [Worker-21: Building] INFO  o.a.m.s.f.DefaultMavenResourcesFiltering - skip non existing resourceDirectory D:\Codes\Java-Training\demo-1\src\test\resources
2025-03-25 09:53:22,653 [Worker-12: Building] INFO  o.a.m.s.f.DefaultMavenResourcesFiltering - Copying 1 resource from src\main\resources to target\classes
2025-03-25 09:53:22,658 [Worker-12: Building] INFO  o.a.m.s.f.DefaultMavenResourcesFiltering - Copying 0 resource from src\main\resources to target\classes
2025-03-25 09:53:22,662 [Worker-12: Building] INFO  o.a.m.s.f.DefaultMavenResourcesFiltering - skip non existing resourceDirectory D:\Codes\Java-Training\demo-1\src\test\resources
2025-03-25 09:54:13,635 [Worker-21: Building] INFO  o.a.m.s.f.DefaultMavenResourcesFiltering - Copying 1 resource from src\main\resources to target\classes
2025-03-25 09:54:13,645 [Worker-21: Building] INFO  o.a.m.s.f.DefaultMavenResourcesFiltering - Copying 0 resource from src\main\resources to target\classes
2025-03-25 09:54:13,648 [Worker-21: Building] INFO  o.a.m.s.f.DefaultMavenResourcesFiltering - skip non existing resourceDirectory D:\Codes\Java-Training\demo-1\src\test\resources
2025-03-25 09:55:23,009 [Worker-17: Building] INFO  o.a.m.s.f.DefaultMavenResourcesFiltering - Copying 1 resource from src\main\resources to target\classes
2025-03-25 09:55:23,015 [Worker-17: Building] INFO  o.a.m.s.f.DefaultMavenResourcesFiltering - Copying 0 resource from src\main\resources to target\classes
2025-03-25 09:55:23,017 [Worker-17: Building] INFO  o.a.m.s.f.DefaultMavenResourcesFiltering - skip non existing resourceDirectory D:\Codes\Java-Training\demo-1\src\test\resources
2025-03-25 09:57:00,334 [Worker-22: Building] INFO  o.a.m.s.f.DefaultMavenResourcesFiltering - Copying 1 resource from src\main\resources to target\classes
2025-03-25 09:57:00,341 [Worker-22: Building] INFO  o.a.m.s.f.DefaultMavenResourcesFiltering - Copying 0 resource from src\main\resources to target\classes
2025-03-25 09:57:00,343 [Worker-22: Building] INFO  o.a.m.s.f.DefaultMavenResourcesFiltering - skip non existing resourceDirectory D:\Codes\Java-Training\demo-1\src\test\resources
2025-03-25 09:57:07,790 [Worker-12: Building] INFO  o.a.m.s.f.DefaultMavenResourcesFiltering - Copying 1 resource from src\main\resources to target\classes
2025-03-25 09:57:07,797 [Worker-12: Building] INFO  o.a.m.s.f.DefaultMavenResourcesFiltering - Copying 0 resource from src\main\resources to target\classes
2025-03-25 09:57:07,799 [Worker-12: Building] INFO  o.a.m.s.f.DefaultMavenResourcesFiltering - skip non existing resourceDirectory D:\Codes\Java-Training\demo-1\src\test\resources
2025-03-25 09:57:40,529 [Worker-12: Building] INFO  o.a.m.s.f.DefaultMavenResourcesFiltering - Copying 1 resource from src\main\resources to target\classes
2025-03-25 09:57:40,535 [Worker-12: Building] INFO  o.a.m.s.f.DefaultMavenResourcesFiltering - Copying 0 resource from src\main\resources to target\classes
2025-03-25 09:57:40,536 [Worker-12: Building] INFO  o.a.m.s.f.DefaultMavenResourcesFiltering - skip non existing resourceDirectory D:\Codes\Java-Training\demo-1\src\test\resources
2025-03-25 10:27:47,234 [Worker-35: Building] INFO  o.a.m.s.f.DefaultMavenResourcesFiltering - Copying 1 resource from src\main\resources to target\classes
2025-03-25 10:27:47,253 [Worker-35: Building] INFO  o.a.m.s.f.DefaultMavenResourcesFiltering - Copying 0 resource from src\main\resources to target\classes
2025-03-25 10:27:47,256 [Worker-35: Building] INFO  o.a.m.s.f.DefaultMavenResourcesFiltering - skip non existing resourceDirectory D:\Codes\Java-Training\demo-1\src\test\resources
2025-03-25 10:38:29,932 [Worker-47: Building] INFO  o.a.m.s.f.DefaultMavenResourcesFiltering - Copying 1 resource from src\main\resources to target\classes
2025-03-25 10:38:29,948 [Worker-47: Building] INFO  o.a.m.s.f.DefaultMavenResourcesFiltering - Copying 0 resource from src\main\resources to target\classes
2025-03-25 10:38:29,950 [Worker-47: Building] INFO  o.a.m.s.f.DefaultMavenResourcesFiltering - skip non existing resourceDirectory D:\Codes\Java-Training\demo-1\src\test\resources
2025-03-25 10:38:38,785 [Worker-44: Building] INFO  o.a.m.s.f.DefaultMavenResourcesFiltering - Copying 1 resource from src\main\resources to target\classes
2025-03-25 10:38:38,792 [Worker-44: Building] INFO  o.a.m.s.f.DefaultMavenResourcesFiltering - Copying 0 resource from src\main\resources to target\classes
2025-03-25 10:38:38,795 [Worker-44: Building] INFO  o.a.m.s.f.DefaultMavenResourcesFiltering - skip non existing resourceDirectory D:\Codes\Java-Training\demo-1\src\test\resources
2025-03-25 10:39:00,402 [Worker-45: Building] INFO  o.a.m.s.f.DefaultMavenResourcesFiltering - Copying 1 resource from src\main\resources to target\classes
2025-03-25 10:39:00,410 [Worker-45: Building] INFO  o.a.m.s.f.DefaultMavenResourcesFiltering - Copying 0 resource from src\main\resources to target\classes
2025-03-25 10:39:00,416 [Worker-45: Building] INFO  o.a.m.s.f.DefaultMavenResourcesFiltering - skip non existing resourceDirectory D:\Codes\Java-Training\demo-1\src\test\resources
2025-03-25 10:39:43,355 [Worker-41: Building] INFO  o.a.m.s.f.DefaultMavenResourcesFiltering - Copying 1 resource from src\main\resources to target\classes
2025-03-25 10:39:43,362 [Worker-41: Building] INFO  o.a.m.s.f.DefaultMavenResourcesFiltering - Copying 0 resource from src\main\resources to target\classes
2025-03-25 10:39:43,364 [Worker-41: Building] INFO  o.a.m.s.f.DefaultMavenResourcesFiltering - skip non existing resourceDirectory D:\Codes\Java-Training\demo-1\src\test\resources
2025-03-25 10:40:17,988 [Worker-48: Building] INFO  o.a.m.s.f.DefaultMavenResourcesFiltering - Copying 1 resource from src\main\resources to target\classes
2025-03-25 10:40:17,993 [Worker-48: Building] INFO  o.a.m.s.f.DefaultMavenResourcesFiltering - Copying 0 resource from src\main\resources to target\classes
2025-03-25 10:40:17,996 [Worker-48: Building] INFO  o.a.m.s.f.DefaultMavenResourcesFiltering - skip non existing resourceDirectory D:\Codes\Java-Training\demo-1\src\test\resources
2025-03-25 10:42:35,863 [Worker-47: Building] INFO  o.a.m.s.f.DefaultMavenResourcesFiltering - Copying 1 resource from src\main\resources to target\classes
2025-03-25 10:42:35,870 [Worker-47: Building] INFO  o.a.m.s.f.DefaultMavenResourcesFiltering - Copying 0 resource from src\main\resources to target\classes
2025-03-25 10:42:35,872 [Worker-47: Building] INFO  o.a.m.s.f.DefaultMavenResourcesFiltering - skip non existing resourceDirectory D:\Codes\Java-Training\demo-1\src\test\resources
2025-03-25 10:42:46,474 [Worker-40: Building] INFO  o.a.m.s.f.DefaultMavenResourcesFiltering - Copying 1 resource from src\main\resources to target\classes
2025-03-25 10:42:46,481 [Worker-40: Building] INFO  o.a.m.s.f.DefaultMavenResourcesFiltering - Copying 0 resource from src\main\resources to target\classes
2025-03-25 10:42:46,483 [Worker-40: Building] INFO  o.a.m.s.f.DefaultMavenResourcesFiltering - skip non existing resourceDirectory D:\Codes\Java-Training\demo-1\src\test\resources
2025-03-25 10:42:56,987 [Worker-47: Building] INFO  o.a.m.s.f.DefaultMavenResourcesFiltering - Copying 1 resource from src\main\resources to target\classes
2025-03-25 10:42:56,992 [Worker-47: Building] INFO  o.a.m.s.f.DefaultMavenResourcesFiltering - Copying 0 resource from src\main\resources to target\classes
2025-03-25 10:42:56,997 [Worker-47: Building] INFO  o.a.m.s.f.DefaultMavenResourcesFiltering - skip non existing resourceDirectory D:\Codes\Java-Training\demo-1\src\test\resources
2025-03-25 10:43:09,085 [Worker-44: Building] INFO  o.a.m.s.f.DefaultMavenResourcesFiltering - Copying 1 resource from src\main\resources to target\classes
2025-03-25 10:43:09,092 [Worker-44: Building] INFO  o.a.m.s.f.DefaultMavenResourcesFiltering - Copying 0 resource from src\main\resources to target\classes
2025-03-25 10:43:09,094 [Worker-44: Building] INFO  o.a.m.s.f.DefaultMavenResourcesFiltering - skip non existing resourceDirectory D:\Codes\Java-Training\demo-1\src\test\resources
2025-03-25 10:43:28,592 [Worker-49: Building] INFO  o.a.m.s.f.DefaultMavenResourcesFiltering - Copying 1 resource from src\main\resources to target\classes
2025-03-25 10:43:28,598 [Worker-49: Building] INFO  o.a.m.s.f.DefaultMavenResourcesFiltering - Copying 0 resource from src\main\resources to target\classes
2025-03-25 10:43:28,601 [Worker-49: Building] INFO  o.a.m.s.f.DefaultMavenResourcesFiltering - skip non existing resourceDirectory D:\Codes\Java-Training\demo-1\src\test\resources
2025-03-25 10:43:56,981 [Worker-49: Building] INFO  o.a.m.s.f.DefaultMavenResourcesFiltering - Copying 1 resource from src\main\resources to target\classes
2025-03-25 10:43:56,986 [Worker-49: Building] INFO  o.a.m.s.f.DefaultMavenResourcesFiltering - Copying 0 resource from src\main\resources to target\classes
2025-03-25 10:43:56,989 [Worker-49: Building] INFO  o.a.m.s.f.DefaultMavenResourcesFiltering - skip non existing resourceDirectory D:\Codes\Java-Training\demo-1\src\test\resources
2025-03-25 10:44:05,681 [Worker-47: Building] INFO  o.a.m.s.f.DefaultMavenResourcesFiltering - Copying 1 resource from src\main\resources to target\classes
2025-03-25 10:44:05,695 [Worker-47: Building] INFO  o.a.m.s.f.DefaultMavenResourcesFiltering - Copying 0 resource from src\main\resources to target\classes
2025-03-25 10:44:05,698 [Worker-47: Building] INFO  o.a.m.s.f.DefaultMavenResourcesFiltering - skip non existing resourceDirectory D:\Codes\Java-Training\demo-1\src\test\resources
2025-03-25 11:01:58,212 [Worker-58: Building] INFO  o.a.m.s.f.DefaultMavenResourcesFiltering - Copying 1 resource from src\main\resources to target\classes
2025-03-25 11:01:58,241 [Worker-58: Building] INFO  o.a.m.s.f.DefaultMavenResourcesFiltering - Copying 0 resource from src\main\resources to target\classes
2025-03-25 11:01:58,245 [Worker-58: Building] INFO  o.a.m.s.f.DefaultMavenResourcesFiltering - skip non existing resourceDirectory D:\Codes\Java-Training\demo-1\src\test\resources
2025-03-25 11:02:18,480 [Worker-55: Building] INFO  o.a.m.s.f.DefaultMavenResourcesFiltering - Copying 1 resource from src\main\resources to target\classes
2025-03-25 11:02:18,498 [Worker-55: Building] INFO  o.a.m.s.f.DefaultMavenResourcesFiltering - Copying 0 resource from src\main\resources to target\classes
2025-03-25 11:02:18,500 [Worker-55: Building] INFO  o.a.m.s.f.DefaultMavenResourcesFiltering - skip non existing resourceDirectory D:\Codes\Java-Training\demo-1\src\test\resources
2025-03-25 11:02:49,820 [Worker-59: Building] INFO  o.a.m.s.f.DefaultMavenResourcesFiltering - Copying 1 resource from src\main\resources to target\classes
2025-03-25 11:02:49,845 [Worker-59: Building] INFO  o.a.m.s.f.DefaultMavenResourcesFiltering - Copying 0 resource from src\main\resources to target\classes
2025-03-25 11:02:49,849 [Worker-59: Building] INFO  o.a.m.s.f.DefaultMavenResourcesFiltering - skip non existing resourceDirectory D:\Codes\Java-Training\demo-1\src\test\resources
2025-03-25 11:03:08,782 [Worker-57: Building] INFO  o.a.m.s.f.DefaultMavenResourcesFiltering - Copying 1 resource from src\main\resources to target\classes
2025-03-25 11:03:08,828 [Worker-57: Building] INFO  o.a.m.s.f.DefaultMavenResourcesFiltering - Copying 0 resource from src\main\resources to target\classes
2025-03-25 11:03:08,831 [Worker-57: Building] INFO  o.a.m.s.f.DefaultMavenResourcesFiltering - skip non existing resourceDirectory D:\Codes\Java-Training\demo-1\src\test\resources
2025-03-25 11:04:23,080 [Worker-58: Building] INFO  o.a.m.s.f.DefaultMavenResourcesFiltering - Copying 1 resource from src\main\resources to target\classes
2025-03-25 11:04:23,090 [Worker-58: Building] INFO  o.a.m.s.f.DefaultMavenResourcesFiltering - Copying 0 resource from src\main\resources to target\classes
2025-03-25 11:04:23,092 [Worker-58: Building] INFO  o.a.m.s.f.DefaultMavenResourcesFiltering - skip non existing resourceDirectory D:\Codes\Java-Training\demo-1\src\test\resources
2025-03-25 11:06:18,044 [Worker-61: Building] INFO  o.a.m.s.f.DefaultMavenResourcesFiltering - Copying 1 resource from src\main\resources to target\classes
2025-03-25 11:06:18,064 [Worker-61: Building] INFO  o.a.m.s.f.DefaultMavenResourcesFiltering - Copying 0 resource from src\main\resources to target\classes
2025-03-25 11:06:18,066 [Worker-61: Building] INFO  o.a.m.s.f.DefaultMavenResourcesFiltering - skip non existing resourceDirectory D:\Codes\Java-Training\demo-1\src\test\resources
2025-03-25 11:06:30,856 [Worker-61: Building] INFO  o.a.m.s.f.DefaultMavenResourcesFiltering - Copying 1 resource from src\main\resources to target\classes
2025-03-25 11:06:30,861 [Worker-61: Building] INFO  o.a.m.s.f.DefaultMavenResourcesFiltering - Copying 0 resource from src\main\resources to target\classes
2025-03-25 11:06:30,865 [Worker-61: Building] INFO  o.a.m.s.f.DefaultMavenResourcesFiltering - skip non existing resourceDirectory D:\Codes\Java-Training\demo-1\src\test\resources
2025-03-25 11:06:58,019 [Worker-61: Building] INFO  o.a.m.s.f.DefaultMavenResourcesFiltering - Copying 1 resource from src\main\resources to target\classes
2025-03-25 11:06:58,026 [Worker-61: Building] INFO  o.a.m.s.f.DefaultMavenResourcesFiltering - Copying 0 resource from src\main\resources to target\classes
2025-03-25 11:06:58,028 [Worker-61: Building] INFO  o.a.m.s.f.DefaultMavenResourcesFiltering - skip non existing resourceDirectory D:\Codes\Java-Training\demo-1\src\test\resources
